open_time,gross_ret,funding_pnl,net_ret,fee_lag,turnover,short_capital,active_short_syms,eq_basket,btc_short_bnh
2024-05-30,0.0,0.0,0.0,0.0,0.0,0.0,0,-0.014041615543710076,-0.010575194240523
2024-05-31,0.00932661667178989,5.4663477733467174e-05,0.009381280149523358,0.0,0.09787203787792165,0.9999999999999999,2,-0.004704843100540186,0.012055114944629297
2024-06-01,-0.0023036788681257093,0.00027665779358112516,-0.0021053187048469214,7.829763030233733e-05,0.07387039908528414,1.0,2,0.006319833704952086,-0.0032747392268774878
2024-06-02,0.011952188955437813,0.0003218638350193396,0.012214956471188924,5.909631926822732e-05,0.9610707244807619,1.0,2,-0.011866260155439654,-9.882122502924418e-05
2024-06-03,-0.01607967347753316,0.00027462779596432825,-0.01657390226115344,0.0007688565795846095,0.3778431702276617,1.0,4,0.007065558022132966,-0.015419012209851868
2024-06-04,-0.04431149507258846,0.00022219705593639163,-0.0443915725528342,0.00030227453618212935,0.33852625212585186,1.0,5,0.028657375437086432,-0.02510624330078981
2024-06-05,-0.01953242165837176,0.00035125249076778636,-0.019451990169304656,0.0002708210017006815,0.8714449212315277,0.9999999999999999,4,0.013243629324457924,-0.007839331255313109
2024-06-06,0.04520274643421374,0.0002797727885479847,0.0447853632857765,0.0006971559369852222,0.04737643665196789,1.0,2,-0.015975528965704772,0.004263825803104915
2024-06-07,0.08838299485281237,0.00016940554157092108,0.08851449924506172,3.790114932157431e-05,0.01412214885743518,1.0,2,-0.04572036216155121,0.020513906536778204
2024-06-08,0.04866103697627889,0.0001584926683940809,0.04880823192558702,1.1297719085948144e-05,0.5286940424572878,1.0,2,-0.01975773341055221,0.00043962696570909454
2024-06-09,-0.010589591371392839,0.00020929027154579133,-0.010803256333812877,0.00042295523396583025,0.5286940424572878,1.0000000000000002,3,0.012024779803697634,-0.004623160505577095
2024-06-10,0.02913743735628886,0.0001751409938583857,0.028889623116181415,0.00042295523396583025,0.006460465022624207,1.0,2,-0.0221185746899725,0.0015559711829544742
2024-06-11,0.053491088760740185,0.00017417192410499206,0.05366009231282708,5.168372018099366e-06,0.8835692086179394,0.9999999999999999,2,-0.045690442972398305,0.032174264326389035
2024-06-12,-0.03944999889383946,0.00015497951108085664,-0.04000187474965296,0.0007068553668943515,0.8835692086179395,1.0,4,0.038068498677919727,-0.014105616845933033
2024-06-13,0.08715011311929463,0.00018324241283539737,0.08662650016523567,0.0007068553668943516,0.04133388988472331,1.0,2,-0.04480932986450858,0.02172833574775579
2024-06-14,0.04240909213493616,0.00018944249631810587,0.042565467519346485,3.3067111907778644e-05,1.243372510725444,1.0,2,-0.02297225309717518,0.011187822761649313
2024-06-15,-0.014538660598531494,4.919091365980872e-05,-0.01548416769345204,0.0009946980085803554,0.41111018422715867,0.9999999999999998,7,0.014754129499782442,-0.002634778777008462
2024-06-16,-0.02093581874574636,0.00016832536135195488,-0.02109638153177613,0.00032888814738172694,0.48745781609656047,0.9999999999999999,5,0.01230565187855793,-0.006643640213430224
2024-06-17,0.05641807152701259,0.0002305627226656906,0.05625866799680103,0.0003899662528772484,0.08417608214094315,1.0000000000000004,6,-0.04062875892202294,0.0027230337146080252
2024-06-18,0.06365274772829303,8.977037495414335e-05,0.06367517723753442,6.734086571275452e-05,0.543979872259973,1.0,6,-0.05359495680280828,0.019889547644801442
2024-06-19,-0.01437000567470625,5.270296814305603e-05,-0.014752486604371172,0.0004351838978079784,0.34884313674136336,1.0,10,0.009868666798013364,0.0033215656178050557
2024-06-20,-0.005021081641041746,0.00011370428459987823,-0.005186451865834958,0.0002790745093930907,0.16494054151270243,1.0,12,-0.000917134282109893,0.0012258676555743087
2024-06-21,0.004905674928525494,0.00015086121284578233,0.0049245837081611146,0.00013195243321016196,0.03931460330607228,0.9999999999999999,13,-0.00987673026403918,0.011256052055385934
2024-06-22,0.009541945894351846,0.0001506767583262324,0.00966117097003322,3.1451682644857824e-05,0.19427061464607642,0.9999999999999999,13,-0.00779106370162741,-0.001808995072047903
2024-06-23,0.023170218773049228,9.719796459861549e-05,0.023112000245930985,0.00015541649171686115,0.0758812186215524,1.0,12,-0.023758423192160268,0.01626867995018677
2024-06-24,-0.0022166732683006965,0.00012178888177890539,-0.002155589361419033,6.070497489724192e-05,0.1932887222702661,0.9999999999999999,12,0.002722532653301048,0.046226831595587714
2024-06-25,-0.032989601701674406,0.00015783298276359297,-0.03298639969672702,0.0001546309778162129,0.12655307879929556,1.0,13,0.03462831828455643,-0.024956199729234685
2024-06-26,0.015231365936672589,0.000166080490602489,0.01529620396423564,0.00010124246303943646,0.15385703138371695,0.9999999999999997,12,-0.014440456246869309,0.014854850771636507
2024-06-27,-0.035056292418444525,0.00017375816242759596,-0.035005619881123905,0.00012308562510697358,0.26711122423722555,0.9999999999999998,13,0.034882154935678714,-0.013504742844655304
2024-06-28,0.031189731609489027,0.00021435385304840055,0.03119039648314765,0.00021368897938978045,0.08341153108039115,1.0,11,-0.02721487815742995,0.020300898155053315
2024-06-29,-0.005678976746134633,0.00016016939549716908,-0.005585536575501777,6.672922486431292e-05,0.13917768084374288,1.0,11,0.00292665523107849,-0.00914449493461822
2024-06-30,-0.03673683119878016,0.00019606979345945281,-0.0366521035499957,0.00011134214467499431,0.39478471332056586,1.0000000000000002,11,0.0333267605646157,-0.02924778296688868
2024-07-01,-0.00020742658164793308,0.00020035103543805836,-0.0003229033168663274,0.0003158277706564527,0.29057124942254214,1.0,8,-0.0030821335687782098,-0.0018736258483891266
2024-07-02,-0.007706213491488988,0.0002144722394303862,-0.007724198251596636,0.00023245699953803372,0.2812714788459486,1.0000000000000002,10,0.011911513246670724,0.01208582205853359
2024-07-03,0.06741880386312954,0.00020156645187923924,0.06739535313193203,0.0002250171830767589,0.4829519980646608,1.0,8,-0.06169601793313791,0.03083530252593214
2024-07-04,0.07863115533318897,0.00017424746944875603,0.078419041204186,0.00038636159845172865,0.24215125422038936,0.9999999999999999,12,-0.08264172000941092,0.05251959872442202
2024-07-05,0.010151414635421097,-9.691387355059781e-05,0.009860779758494188,0.0001937210033763115,0.10451365579990973,0.9999999999999997,14,-0.008546136371173987,0.007730616924266243
2024-07-06,-0.06250094656526804,-4.944902788805662e-06,-0.06258950239269678,8.36109246399278e-05,0.23442158757172707,1.0000000000000002,14,0.06426544644218686,-0.028462200268881244
2024-07-07,0.07386080171327529,0.00010861120343038393,0.07378187564664829,0.00018753727005738167,0.1436305899546556,1.0,12,-0.07484942999404957,0.04096983647107322
2024-07-08,-0.03677590624829373,4.89214877251414e-05,-0.036841889232532316,0.00011490447196372449,0.2175305476275912,0.9999999999999999,13,0.03465230573963574,-0.01532305587049465
2024-07-09,-0.01215308608639953,5.962127164723813e-05,-0.012267489252854365,0.00017402443810207296,0.0676290229235812,1.0,11,0.013245889737785359,-0.023582376019644746
2024-07-10,-0.008412397427262214,0.00012442845937458196,-0.008342072186226497,5.410321833886496e-05,0.17811909464692122,1.0,11,0.006858291192561753,0.005449544320202948
2024-07-11,0.001285995519082134,0.00013659626633621762,0.0012800965097008144,0.000142495275717537,0.3313562100780847,1.0,10,-0.00144162069405234,0.00678427227199474
2024-07-12,-0.02109912156896307,9.901409161717069e-05,-0.02126519244540837,0.00026508496806246776,0.31451545573226647,1.0,8,0.02964567502442658,-0.009674520853870217
2024-07-13,-0.019136385605689907,0.00014842985635714367,-0.019239568113918578,0.00025161236458581316,0.5680152051672985,0.9999999999999998,9,0.026448325137584106,-0.022533264212891035
2024-07-14,-0.036897699365510434,0.00010944129474843177,-0.037242670234895844,0.00045441216413383886,0.5667964586056099,1.0,5,0.019927260366834582,-0.02690370770946693
2024-07-15,-0.12041082964245539,1.8044670504766125e-05,-0.12084622213883511,0.00045343716688448795,1.0,1.0,3,0.07433034204104837,-0.06442089326267975
2024-07-16,0.0,0.0,-0.0008,0.0008,0.5486058575028707,0.0,0,0.008649891487773065,-0.0050927171362047385
2024-07-17,0.006914119478293251,0.0,0.006475234792290955,0.0004388846860022966,0.001419556720582582,0.5486058575028707,1,-0.012827035119122135,0.014679280110752257
2024-07-18,-0.0030654205648629257,0.0,-0.0030665562102393917,1.1356453764660657e-06,0.5500254142234533,0.5500254142234533,1,-0.0005019448756674991,0.0014955733837893614
2024-07-19,0.0,0.0,-0.00044002033137876265,0.00044002033137876265,0.0,0.0,0,0.03917565970228557,-0.041713636200181536
2024-07-20,0.0,0.0,0.0,0.0,0.0,0.0,0,0.01538056160962806,-0.007019581886867465
2024-07-21,0.0,0.0,0.0,0.0,0.0,0.0,0,0.03263887301963041,-0.015536041111488652
2024-07-22,0.0,0.0,0.0,0.0,0.0,0.0,0,-0.03118481719243483,0.00937509172561568
2024-07-23,0.0,0.0,0.0,0.0,0.0,0.0,0,-0.027071993716923,0.023449166804939914
2024-07-24,0.0,0.0,0.0,0.0,0.0,0.0,0,-0.01673227980611221,0.008580565686232777
2024-07-25,0.0,0.0,0.0,0.0,0.0,0.0,0,-0.02278154800686707,-0.006460517698329671
2024-07-26,0.0,0.0,0.0,0.0,0.0,0.0,0,0.04879244546012656,-0.03207243093670664
2024-07-27,0.0,0.0,0.0,0.0,0.0,0.0,0,-0.007430343786280135,0.00012816263396309147
2024-07-28,0.0,0.0,0.0,0.0,0.0,0.0,0,-0.006356708804472699,-0.005034343148608178
2024-07-29,0.0,0.0,0.0,0.0,0.0,0.0,0,-0.0034986722931587316,0.02148338720671983
2024-07-30,0.0,0.0,0.0,0.0,0.0,0.0,0,-0.010213190180424579,0.00884943820224715
2024-07-31,0.0,0.0,0.0,0.0,0.5124742407171874,0.0,0,-0.027572269611108115,0.023541663832598037
2024-08-01,0.004727510959615839,0.0001331049345414751,0.004450636501583564,0.0004099793925737499,0.021730180775979435,0.5124742407171874,1,-0.014189807116512076,-0.011255104346937772
2024-08-02,0.035632871674495074,0.00010255122279404323,0.03571803875266834,1.7384144620783548e-05,0.4657955785068332,0.5342044214931668,1,-0.07576903484869994,0.05885909605090556
2024-08-03,0.024853203615708065,0.00010232840710326016,0.024582895560005858,0.00037263646280546656,1.0,1.0,2,-0.03003444177555672,0.012996940652563183
2024-08-04,0.0,0.0,-0.0008,0.0008,1.0,0.0,0,-0.05774704098755453,0.04185740698628648
2024-08-05,0.1157719832273241,-6.663960956433576e-05,0.11490534361775977,0.0008,1.3012567692614612,1.0,3,-0.0916420389454129,0.07122599729983059
2024-08-06,-0.05670760479825641,-0.00024228449558515074,-0.05799089470925073,0.0010410054154091689,1.097946011667884,1.0000000000000002,11,0.05435304482528853,-0.03681455323861038
2024-08-07,0.047753995496926764,-0.00022707147622872483,0.046648567211363734,0.0008783568093343073,0.6849200851620602,1.0,4,-0.0009911643994001287,0.015864993070339506
2024-08-08,-0.12279856852494782,-0.00010849058241481273,-0.12345499517549229,0.0005479360681296481,1.1247478648757994,1.0,7,0.1205984220411965,-0.11899373717172779
2024-08-09,0.02623071969650344,-7.245154803925008e-05,0.02525846985656355,0.0008997982919006396,0.44532872066437496,0.9999999999999999,2,-0.0257372958504414,0.013804780424198637
2024-08-10,-0.000780263888112062,-6.82737774951199e-05,-0.0012048006421386819,0.00035626297653149996,0.18002767469204276,1.0,3,0.005771773372840564,-0.0013369819400546046
2024-08-11,0.038738548591914494,-0.00018177155043599085,0.03841275490172487,0.0001440221397536342,0.8075485268772459,1.0,3,-0.0553346881576429,0.036078233007444616
2024-08-12,-0.04744089310385975,-9.492959409183694e-05,-0.04818186151945339,0.0006460388215017967,0.1395782522862372,1.0,6,0.04778055433401529,-0.010742318943794071
2024-08-13,-0.0099919240590229,-0.00010320841797836637,-0.010206795078830256,0.00011166260182898975,0.2700180110124821,1.0,6,0.006137083885315959,-0.020681482580288568
2024-08-14,0.01767861603773723,-4.1956119442852984e-05,0.01742064550948439,0.00021601440880998567,0.9733737679869725,1.0,5,-0.024256134752843075,0.03141840282078601
2024-08-15,0.02444868447762287,6.738372864924744e-05,0.02373736919188254,0.0007786990143895781,0.1530828280000126,1.0,13,-0.022002293399142787,0.019388522390324625
2024-08-16,-0.0006819730164998586,-0.00019282057395347965,-0.0009972598528533482,0.0001224662624000101,0.20217756338964427,1.0,14,-0.00024404740898059663,-0.02336770356975193
2024-08-17,-0.01550026190013362,2.9590303977715815e-05,-0.01563241364686762,0.0001617420507117154,0.40577604938399314,0.9999999999999999,12,0.016028769346802956,-0.010425640006184622
2024-08-18,0.008685560751498537,-2.1107523411653364e-05,0.00833983238857969,0.0003246208395071945,0.38882770832938834,1.0000000000000002,9,-0.012077370094846345,0.018135651647510853
2024-08-19,-0.018720334740975723,-6.320955281081748e-05,-0.01909460646045005,0.0003110621666635107,0.13909768832643432,1.0000000000000002,12,0.021130759533559456,-0.017271793115259504
2024-08-20,-0.012534175869151665,7.16605403465254e-05,-0.012573793479466288,0.00011127815066114746,0.1498117098172307,1.0,11,0.007904804150244431,0.0069968096837461635
2024-08-21,-0.03997460626989437,6.64519362150464e-05,-0.04002800370153311,0.00011984936785378455,0.4196165843453107,1.0000000000000002,12,0.03414163339251665,-0.036232535192403104
2024-08-22,-0.015266220539176954,5.730869380429415e-05,-0.015544605112848909,0.0003356932674762486,0.3811980292995598,1.0,9,0.013427097358779077,0.012599803664921416
2024-08-23,-0.07502701491737049,9.039887652934352e-05,-0.0752415744642808,0.00030495842343964785,1.0043393434641203,1.0,8,0.0613476061121156,-0.060812031171551206
2024-08-24,-0.03482128804321778,5.9017100095009424e-05,-0.03556574241789407,0.0008034714747712963,0.8195259036160795,1.0,3,0.014347607188398892,-0.0015089058245951747
2024-08-25,0.004635223833684296,1.4623817107603129e-05,0.003994226927899035,0.0006556207228928636,1.0281567172723058,0.584718796785411,1,-0.017752622150132562,-0.0011494701051990575
2024-08-26,0.03388731728594601,9.531340486236003e-05,0.033160105316990526,0.0008225253738178447,0.5603937585290095,1.0,4,-0.034945524830252525,0.021539113447224034
2024-08-27,0.06980217648434982,0.0001541478487426879,0.0695080093262693,0.00044831500682320765,0.653090876433598,1.0000000000000002,6,-0.05808637840576792,0.05450136607671685
2024-08-28,-0.0047953009264049724,-0.00014078282329583043,-0.005458556450847682,0.0005224727011468784,0.2753010223434464,0.9999999999999999,10,-0.0026410434301129865,0.0063063594035480675
2024-08-29,0.004078086378064915,-0.00017775903316408044,0.0036800865270260777,0.00022024081787475712,0.25533971527367316,1.0,8,-0.007112529543893663,-0.005307574987290176
2024-08-30,-0.004340298901477172,-2.242443602890977e-05,-0.004566995109725021,0.00020427177221893854,0.4854206435128816,1.0000000000000002,9,0.0023169248878380155,0.003824810529438616
2024-08-31,0.008887919414080854,3.7660990450330315e-05,0.008537243889720878,0.0003883365148103053,0.2668020709341431,1.0,6,-0.009852975354386935,0.0026126847196863423
2024-09-01,0.03615429653330003,-9.218952684591663e-05,0.03584866534970681,0.0002134416567473145,0.6154177885394558,1.0,5,-0.04604362357353007,0.028397455799694327
2024-09-02,-0.04441252738973847,-0.00011138119435593316,-0.04501624281492597,0.0004923342308315647,1.0,1.0,3,0.041296390857163585,-0.032199426906078576
2024-09-03,0.0,0.0,-0.0008,0.0008,0.0,0.0,0,-0.037075876046525666,0.028085620372140352
2024-09-04,0.0,0.0,0.0,0.0,0.0,0.0,0,0.020824900791892333,-0.008579350726433788
2024-09-05,0.0,0.0,0.0,0.0,0.0,0.0,0,-0.022284809370222765,0.031048515138545785
2024-09-06,0.0,0.0,0.0,0.0,1.0,0.0,0,-0.038520585914188575,0.03950436097510579
2024-09-07,-0.012510878752595028,-0.0001172636804069195,-0.013428142433001947,0.0008,0.5991694751681377,1.0,2,0.018618903031287787,-0.003842181290876656
2024-09-08,-0.01331834630562919,0.00010822116167422723,-0.013689460724089475,0.00047933558013451015,0.019379931974028264,1.0,3,0.02320679249788218,-0.013017480405431492
2024-09-09,-0.031433266347556846,-4.6229363460802193e-05,-0.03149499965659688,1.5503945579222612e-05,1.0182946758154212,1.0,3,0.03893680547819826,-0.03957723980481265
2024-09-10,-0.0018203353329924018,6.322529824550687e-05,-0.002571745775399232,0.000814635740652337,0.7550190858073427,0.7550190858073427,1,0.005117225899995637,-0.010508682687247806
2024-09-11,0.0,0.0,-0.0006040152686458742,0.0006040152686458742,0.6426323739584779,0.0,0,-0.010178347285711018,0.005261321562044841
2024-09-12,-0.03341784511044841,4.060151338669664e-05,-0.0338913494962285,0.0005141058991667824,0.6426323739584779,0.6426323739584779,1,0.022590745871873024,-0.013803092171849274
2024-09-13,0.0,0.0,-0.0005141058991667824,0.0005141058991667824,0.0,0.0,0,0.02870006114475367,-0.04060794877532392
2024-09-14,0.0,0.0,0.0,0.0,0.0,0.0,0,-0.008218515778167457,0.008141431317218006
2024-09-15,0.0,0.0,0.0,0.0,0.0,0.0,0,-0.037779360415724585,0.01440030685077709
2024-09-16,0.0,0.0,0.0,0.0,0.0,0.0,0,-0.013251445881297444,0.015456722024348335
2024-09-17,0.0,0.0,0.0,0.0,0.0,0.0,0,0.017461345275255707,-0.03598741987041776
2024-09-18,0.0,0.0,0.0,0.0,0.0,0.0,0,0.028150722629190845,-0.024125346294852523
2024-09-19,0.0,0.0,0.0,0.0,0.0,0.0,0,0.03336381636677272,-0.019301760905025223
2024-09-20,0.0,0.0,0.0,0.0,0.0,0.0,0,0.011050720803094962,-0.003953794005425282
2024-09-21,0.0,0.0,0.0,0.0,0.0,0.0,0,0.021657889695056,-0.002293603394976307
2024-09-22,0.0,0.0,0.0,0.0,0.5941802421513847,0.0,0,-0.01811687555642582,-0.0037554918936333337
2024-09-23,0.0024297709680751573,0.00014036914040584312,0.002094795914759893,0.0004753441937211077,0.04878193279899268,0.5941802421513847,1,0.020051119907424055,0.0040340851877957995
2024-09-24,-0.007040133309978491,0.00014084729404462967,-0.006938311562173056,3.902554623919414e-05,0.6429621749503773,0.6429621749503773,1,0.03486996253735901,-0.014866828852168945
2024-09-25,0.0,0.0,-0.0005143697399603019,0.0005143697399603019,0.0,0.0,0,-0.015170262526992233,0.01750693848833562
2024-09-26,0.0,0.0,0.0,0.0,0.0,0.0,0,0.046398822732483476,-0.03201602068493492
2024-09-27,0.0,0.0,0.0,0.0,0.0,0.0,0,0.017820007913720213,-0.009370701513067514
2024-09-28,0.0,0.0,0.0,0.0,0.0,0.0,0,0.0037198498232207905,-0.0011102729142078438
2024-09-29,0.0,0.0,0.0,0.0,0.0,0.0,0,-0.002946690770719399,0.003866453163503092
2024-09-30,0.0,0.0,0.0,0.0,0.0,0.0,0,-0.0433569907042591,0.03445272929976628
2024-10-01,0.0,0.0,0.0,0.0,0.0,0.0,0,-0.0568796816562762,0.039998989086876824
2024-10-02,0.0,0.0,0.0,0.0,0.8294444012253125,0.0,0,-0.026910388139757085,0.0025371523344435154
2024-10-03,0.02544307979218763,0.00012192003253610868,0.024901444303743487,0.0006635555209802501,0.10552274356913405,0.8294444012253125,1,-0.007932938525074675,-0.0017254291303903102
2024-10-04,-0.0222355055532244,7.538640088477623e-05,-0.02224453734719493,8.441819485530724e-05,0.13495017419557453,0.9349671447944465,1,0.03752273958357372,-0.02185511599415091
2024-10-05,0.0070439860655952405,0.00010645825827759189,0.007042484184516373,0.00010796013935645963,0.08902665507030216,0.800016970598872,1,-0.0021509680325620473,0.0005043961427393384
2024-10-06,-0.005778224072524792,0.00020772293058482697,-0.005641722465996207,7.122132405624174e-05,0.7109903155285698,0.7109903155285698,1,0.026962899865552954,-0.012353461855341141
2024-10-07,0.0,0.0,-0.0005687922524228559,0.0005687922524228559,0.0,0.0,0,-0.010898952212635855,0.009533471467272348
2024-10-08,0.0,0.0,0.0,0.0,0.5379769589879261,0.0,0,-0.0058371857343903965,0.0009486949013276513
2024-10-09,0.006790590853841633,0.00016139308769637785,0.00652160237434767,0.0004303815671903409,0.23797408788474672,0.5379769589879261,1,-0.025496374005306886,0.024549465087869704
2024-10-10,-0.009179348388877188,0.00019306437997238974,-0.009176663279212596,0.00019037927030779737,0.06654684438436997,0.7759510468726728,1,0.0030892084658509073,0.0051677710604821625
2024-10-11,-0.011103252650674873,0.00017447086955997318,-0.010982019256622394,5.323747550749598e-05,0.20686443490735207,0.7094042024883028,1,0.03767172691362267,-0.036750412981895186
2024-10-12,-0.0003732192852439561,0.00015076193027428525,-0.00038794890289555253,0.00016549154792588167,0.3540326510059044,0.5025397675809508,1,0.008043409328325535,-0.010670463453262835
2024-10-13,0.01175999238876209,0.0001503798538071083,0.011627146121764477,0.00028322612080472357,0.14342758141314482,0.8565724185868552,1,-0.009374110337624777,0.005321641129542809
2024-10-14,-0.03160270880361171,0.00028700000000000004,-0.03143045086874222,0.00011474206513051587,0.0,1.0,1,0.05585875693378812,-0.05132256945439018
2024-10-15,0.012582056892779026,0.00030000000000000003,0.012882056892779025,0.0,0.13995288869229727,1.0,1,-0.006257511760747696,-0.014821788877301234
2024-10-16,-0.010482568669678423,0.00025801413339231086,-0.01033651684723995,0.00011196231095383783,0.08616410245678541,0.8600471113077027,1,0.0023496684576669474,-0.008172232903417287
2024-10-17,0.0072506606418734285,0.00028386336412934644,0.007465592724037347,6.893128196542834e-05,0.002817038606016564,0.9462112137644881,1,-0.009848553598879936,0.0028183808734761895
2024-10-18,-0.004536630733890966,0.00028470847571115146,-0.004254175889064627,2.2536308848132513e-06,0.035844671417368024,0.9490282523705047,1,0.023484732084112836,-0.014929934793736166
2024-10-19,0.004511611470399794,0.00027395507428594105,0.004756890807551841,2.867573713389442e-05,0.03225442087191621,0.9131835809531367,1,0.004475006190936722,0.0007411435538052791
2024-10-20,-0.007823595086820182,0.0002836314005475159,-0.0075657672229702,2.580353669753297e-05,0.10017186916185905,0.9454380018250529,1,0.025343058442211377,-0.009699065642047477
2024-10-21,0.005395643743062587,0.00025357983979895816,0.005569086087532057,8.013749532948725e-05,0.15473386733680616,0.8452661326631938,1,-0.0259605540433793,0.02392491462631907
2024-10-22,0.0205580029368575,0.00029868,0.020732895842988056,0.00012378709386944494,0.0,1.0,1,-0.009067195328552729,-0.0005581218605643645
2024-10-23,0.014805097451274452,0.00030000000000000003,0.015105097451274451,0.0,1.0838478781377403,1.0,1,-0.015116427020108267,0.011263025469391619
2024-10-24,-0.014275924368027606,0.00018964150230189837,-0.0149533611682359,0.0008670783025101923,0.5037697224342512,0.9999999999999999,3,0.01760126004141307,-0.022905688461030804
2024-10-25,0.06533968800740854,0.00022399340497316036,0.06516066563443429,0.000403015777947401,0.5607413802234236,1.0000000000000002,4,-0.06013969587541427,0.022163939812655298
2024-10-26,-0.01825624307310305,-5.845409298358688e-05,-0.018763290270265374,0.0004485931041787389,0.2075167028201741,1.0,6,0.0150565842293741,-0.006135355850639401
2024-10-27,-0.014638145556133469,0.00010886239740213647,-0.014695296520987472,0.0001660133622561393,0.1063058731611448,1.0,7,0.021793859250146264,-0.013728571471169682
2024-10-28,-0.012040307930263443,8.62117695750668e-05,-0.012039140859217293,8.504469852891584e-05,0.2998659140603571,1.0,7,0.021033897066575,-0.02864135214714536
2024-10-29,-0.030099857672660178,0.0002744176733698107,-0.030065332730538654,0.0002398927312482857,0.5489808169001887,0.9999999999999999,6,0.037595178900778604,-0.040027166142407866
2024-10-30,0.01605907511965487,0.0003000000000000001,0.01591989046613472,0.000439184653520151,0.6182431228688705,1.0,4,-0.013394541767282173,0.005368472425573478
2024-10-31,0.039028760723682124,0.0002949986134230905,0.03882916483881012,0.0004945944982950965,0.07066808901624805,1.0,2,-0.04457360535524701,0.02801835547139564
2024-11-01,0.006588650840482653,0.0002418678995810709,0.006773984268850725,5.653447121299844e-05,0.9355736659518898,1.0,2,-0.011549299159215107,0.01175167337628813
2024-11-02,0.019700813544501348,2.3113381899741998e-05,0.01897546799363958,0.0007484589327615119,0.1349674126367275,0.6445449497976015,1,-0.009389191744650067,0.0018547963537206558
2024-11-03,0.024782184932883256,-7.447461110697579e-05,0.024599736391666897,0.00010797393010938201,0.9018604487471196,0.779512362434329,1,-0.029459819334802344,0.00870880221893544
2024-11-04,0.037378181056056795,-0.000182955706776908,0.03647373699028219,0.0007214883589976957,0.5913146524562811,0.9999999999999998,3,-0.021193865039837143,0.013498636611525172
2024-11-05,-0.05386472698651318,8.076586489944005e-05,-0.05425701284357876,0.0004730517219650249,0.2826175105439934,1.0,5,0.039804894527819004,-0.02238985292101492
2024-11-06,-0.11528767460772972,0.00018852311656191833,-0.11532524549960299,0.00022609400843519474,1.0279345111970295,1.0,4,0.10578354516573361,-0.08978401830631921
2024-11-07,0.0,0.00020186351094188859,-0.0006204840980157351,0.0008223476089576237,0.13167392178612525,0.6728783698062952,1,0.02301930120275352,-0.0036980731649551846
2024-11-08,-0.012782344072276025,0.000162361334406051,-0.012725321875298875,0.0001053391374289002,0.54120444802017,0.54120444802017,1,0.02640360767321306,-0.008209925203732205
2024-11-09,0.0,0.0,-0.000432963558416136,0.000432963558416136,0.0,0.0,0,0.046211848009526525,-0.0025221554819292447
2024-11-10,0.0,0.0,0.0,0.0,0.0,0.0,0,0.07281830808735287,-0.04871072877635618
2024-11-11,0.0,0.0,0.0,0.0,0.0,0.0,0,0.09056607397268104,-0.10345603780624302
2024-11-12,0.0,0.0,0.0,0.0,0.0,0.0,0,-0.020625034516211418,0.008530478795522045
2024-11-13,0.0,0.0,0.0,0.0,0.0,0.0,0,0.015591826404684999,-0.027750875278497844
2024-11-14,0.0,0.0,0.0,0.0,0.0,0.0,0,-0.019093010933729664,0.03351940477783699
2024-11-15,0.0,0.0,0.0,0.0,0.0,0.0,0,0.06441699727709196,-0.042249781707363265
2024-11-16,0.0,0.0,0.0,0.0,0.0,0.0,0,0.050647995502416616,0.004735678224225048
2024-11-17,0.0,0.0,0.0,0.0,0.0,0.0,0,-0.02662802698798446,0.008201378369940282
2024-11-18,0.0,0.0,0.0,0.0,0.0,0.0,0,0.0303971559664274,-0.00675751585930584
2024-11-19,0.0,0.0,0.0,0.0,0.0,0.0,0,-0.01492184944715737,-0.02020276795046594
2024-11-20,0.0,0.0,0.0,0.0,0.0,0.0,0,-0.0164986626142811,-0.02114128957426109
2024-11-21,0.0,0.0,0.0,0.0,0.0,0.0,0,0.06584368326782417,-0.04325895129815027
2024-11-22,0.0,0.0,0.0,0.0,0.0,0.0,0,0.07097493365132203,-0.005638081141198015
2024-11-23,0.0,0.0,0.0,0.0,0.0,0.0,0,0.025722067253454946,0.01208939622771199
2024-11-24,0.0,0.0,0.0,0.0,0.0,0.0,0,0.0075895282075109805,-0.0024036715084598814
2024-11-25,0.0,0.0,0.0,0.0,0.0,0.0,0,-0.040443348380604295,0.049983462705338044
2024-11-26,0.0,0.0,0.0,0.0,0.0,0.0,0,-0.007414656183916409,0.011203043067136709
2024-11-27,0.0,0.0,0.0,0.0,0.0,0.0,0,0.05218221593471574,-0.042205400048249686
2024-11-28,0.0,0.0,0.0,0.0,0.0,0.0,0,-0.0021522209750325766,0.002198003862147191
2024-11-29,0.0,0.0,0.0,0.0,0.0,0.0,0,0.04385120080362687,-0.019038731629019034
2024-11-30,0.0,0.0,0.0,0.0,0.0,0.0,0,0.01663329064384531,0.010677189351933958
2024-12-01,0.0,0.0,0.0,0.0,0.0,0.0,0,0.03673169962972642,-0.008188641421465137
2024-12-02,0.0,0.0,0.0,0.0,0.0,0.0,0,0.05499888708761567,0.01413251001643967
2024-12-03,0.0,0.0,0.0,0.0,0.0,0.0,0,0.005536116401342527,-0.00023777120778389893
2024-12-04,0.0,0.0,0.0,0.0,0.0,0.0,0,0.0159123419115767,-0.028739497024917293
2024-12-05,0.0,0.0,0.0,0.0,0.0,0.0,0,-0.011448181892607259,0.01690790900559247
2024-12-06,0.0,0.0,0.0,0.0,0.0,0.0,0,0.044584360585010904,-0.028875842126152795
2024-12-07,0.0,0.0,0.0,0.0,0.0,0.0,0,0.006368240397666448,-0.0009689136043686819
2024-12-08,0.0,0.0,0.0,0.0,0.0,0.0,0,0.008620702238031328,-0.013021125294296665
2024-12-09,0.0,0.0,0.0,0.0,0.6322311574687351,0.0,0,-0.13294676997830046,0.03805237154150187
2024-12-10,0.008958918317235255,0.00018966934724062056,0.008642802738500887,0.0005057849259749881,0.6516331054655222,0.6322311574687351,1,-0.013979379389785797,0.007670332853616624
2024-12-11,-0.06761906471755608,0.00014708970780048198,-0.067993281494128,0.0005213064843724179,0.4804773216989948,1.0,2,0.06140412295795328,-0.04671623065265473
2024-12-12,0.0192230891307673,0.00017057311694459448,0.019009280390352695,0.0003843818573591959,0.19272206571102365,1.0,3,0.020017615594120648,0.011204041327079195
2024-12-13,-0.0016155155132835132,0.00015253618689595994,-0.0016171569789563724,0.00015417765256881894,0.11907559261381231,1.0,3,0.009072499832033596,-0.013897445950487253
2024-12-14,0.03202448460433959,0.00013467484800388813,0.03206389897825243,9.526047409104986e-05,0.05514842021201313,1.0000000000000002,3,-0.02683297397700288,-8.976846640940117e-05
2024-12-15,-0.011872371341681166,0.00011440958388746882,-0.011802080493963307,4.411873616961051e-05,0.030575325235926543,0.9999999999999999,3,0.021935166211323076,-0.030374527771475757
2024-12-16,0.03197690123934558,0.00014479817562124684,0.032097239154778086,2.4460260188741235e-05,0.08502720581816517,0.9999999999999999,3,-0.01618821195199151,-0.014960693238777578
2024-12-17,0.0002933486346266981,0.00013662325301141276,0.0003619501229835787,6.802176465453213e-05,0.11245616216081372,1.0,3,-0.006834388341237603,-0.00048479955330549274
2024-12-18,0.11096386854772693,0.00010950043472799626,0.11098340405272628,8.996492972865098e-05,0.5889025214649074,1.0,3,-0.09433332633130208,0.05555995497508359
2024-12-19,0.08485757744053893,-2.518584617090122e-06,0.08438393683874992,0.00047112201717192597,0.2098892264641406,1.0,6,-0.07534223154240986,0.027417347184249485
2024-12-20,-0.017757610650903435,-8.451474599214265e-05,-0.018010036778066892,0.00016791138117131248,0.0880645667401294,0.9999999999999999,7,0.022824292190452393,-0.003386894156478526
2024-12-21,0.04639448259813744,-3.5844408467020388e-06,0.04632044650389864,7.045165339210352e-05,0.2847619797449582,1.0,7,-0.03627000397420491,0.0051409306455109105
2024-12-22,0.009166764092098689,7.681050606140435e-05,0.009015765014364126,0.00022780958379596658,0.3359542259271081,1.0,9,-0.013691858312970238,0.021676547215864872
2024-12-23,-0.05004791744062457,0.00010206976574197783,-0.050214611055624275,0.0002687633807416865,0.1355228732731454,1.0,12,0.05523477231370066,0.0030729295296546555
2024-12-24,-0.02863760280559932,0.00012008299815547022,-0.02862593810606237,0.00010841829861851634,0.11886748681600792,1.0,11,0.02731767071946632,-0.039701205235865844
2024-12-25,0.012845195123168621,0.00011799636749081728,0.012868097501206632,9.509398945280634e-05,0.09246928630014381,0.9999999999999999,10,-0.011657844045370696,-0.0076297410856234205
2024-12-26,0.05912306121181363,0.00017801954896985882,0.05922710533174337,7.397542904011505e-05,0.11462606283238139,0.9999999999999999,10,-0.057692358800174204,0.0365134931983091
2024-12-27,0.0055632463658707105,7.58197590036819e-05,0.005547365274608487,9.170085026590511e-05,0.11110060138653659,1.0000000000000002,11,-0.007478746228114024,0.01558312706916909
2024-12-28,-0.035198712516016875,0.0001301697041187893,-0.03515742329300731,8.888048110922927e-05,0.04514411314035461,1.0000000000000002,11,0.031196319125928653,-0.010611199579031894
2024-12-29,0.03297929208546035,0.00019572965585762164,0.03313890645080569,3.611529051228369e-05,0.17425410975232658,1.0000000000000002,11,-0.03491759033783139,0.016366940271323238
2024-12-30,0.001237325429740198,0.00018763916526118868,0.0012855613071995253,0.00013940328780186127,0.0744866620921184,1.0,13,-0.0014386790796432982,0.010039487726787644
2024-12-31,0.00197887694632517,0.00022226566548664493,0.0021415532821381206,5.9589329673694724e-05,0.06012955886267593,1.0,13,-0.002273893160425763,-0.008512354017332857
2025-01-01,-0.03874486714396865,0.0002049039827991619,-0.03858806680825963,4.8103647090140745e-05,0.1165951140024885,0.9999999999999999,13,0.04286969190989589,-0.011031663653982005
2025-01-02,-0.03684332425009309,0.0002718234853663725,-0.03666477685592871,9.32760912019908e-05,0.2112432567492457,0.9999999999999999,13,0.03389823919928247,-0.025233424507485225
2025-01-03,-0.05685182276871774,0.0002145715141849725,-0.056806245859932165,0.00016899460539939658,0.06426902062553627,1.0000000000000002,14,0.059244450449353274,-0.0121504627839224
2025-01-04,-0.002458929272119705,0.00022300820339907744,-0.002287336285221057,5.141521650042902e-05,0.08445501354179231,0.9999999999999998,14,0.0018913070481892866,-0.00028019566827675035
2025-01-05,-0.0021869191499203073,0.00023790197941495755,-0.0020165811813387838,6.756401083343386e-05,0.07839309146358703,1.0,14,0.0016616682292563728,-0.001701075242530603
2025-01-06,-0.0142172478049197,0.00022446708353893882,-0.01405549519455163,6.271447317086963e-05,0.06361216675899853,1.0000000000000002,14,0.01371499259303764,-0.03905015446379001
2025-01-07,0.0893039648055805,0.00022314567513548417,0.0894762207473088,5.088973340719882e-05,0.06980479421984083,1.0,14,-0.08901575385699903,0.05147856144622642
2025-01-08,0.02550921693303128,2.4226695005910375e-05,0.025477599792661315,5.5843835375872664e-05,0.10796563146707261,1.0000000000000002,14,-0.024825278271731383,0.019667706352539116
2025-01-09,0.03839246718406677,0.00010207934259789597,0.03840817402149101,8.637250517365809e-05,0.05201952216447779,1.0,14,-0.037259458850768847,0.02639818721642384
2025-01-10,-0.025456422048297764,7.450606296845748e-05,-0.02542353160306089,4.1615617731582236e-05,0.06358139041217448,1.0,14,0.025309864078474735,-0.023453639173285135
2025-01-11,-0.010984160950082244,0.00013641479010866354,-0.01089861127230332,5.086511232973958e-05,0.06570519049781441,0.9999999999999999,14,0.01507834631230176,0.0011935506017924924
2025-01-12,0.011543320776946536,0.0001493055044121749,0.011640062128960458,5.256415239825153e-05,0.05581388470165393,1.0,14,-0.013042522954247793,0.0006619960343688946
2025-01-13,0.025461348080677307,-5.345880013044314e-05,0.02536323817278554,4.465110776132315e-05,0.03224549841049261,0.9999999999999999,14,-0.024396862792302083,0.00015449751798668476
2025-01-14,-0.03861352724916246,8.634461257231203e-05,-0.03855297903531854,2.5796398728394088e-05,0.020906570338627736,0.9999999999999998,14,0.04088141773618056,-0.021480590102375574
2025-01-15,-0.08368827747965057,0.0001589833558150152,-0.08354601938010646,1.672525627090219e-05,0.08080000357026235,1.0000000000000002,14,0.08693056236782366,-0.04087555393001496
2025-01-16,-0.0023926380288753937,0.00020290229001158972,-0.002254375741720014,6.464000285620987e-05,0.04620852171103278,0.9999999999999999,14,0.0047349126745874215,0.005202070475811338
2025-01-17,-0.05785715704725783,0.00023017612769981206,-0.05766394773692684,3.6966817368826226e-05,0.9604888674538329,1.0,14,0.05783833280292948,-0.04107671402297841
2025-01-18,0.03742736076044745,0.0002541476167361985,0.03691311728322058,0.0007683910939630664,0.8364890464528658,1.0000000000000002,6,-0.024395209620079888,-0.004630799913496908
2025-01-19,0.016631908004885784,0.00030000000000000003,0.016262716767723492,0.0006691912371622927,1.3755960507694875,0.9999999999999999,3,-0.06929384902719536,0.03073735007074918
2025-01-20,-0.004558147068608902,0.000258220121844845,-0.005400403787379647,0.0011004768406155901,0.6513260171379622,1.0,11,0.005104504224444132,-0.009239819763797952
2025-01-21,-0.030090245618735537,0.00019539260479566132,-0.030415913827650246,0.0005210608137103698,0.8570498675061284,0.9999999999999999,7,0.028766942744989168,-0.03781898059220934
2025-01-22,0.024276362902611,0.00018742896993622304,0.023778151978542317,0.0006856398940049028,1.0769456951788097,1.0,4,-0.01961060040630033,0.02308449834848214
2025-01-23,-0.00021187780220389429,0.00022304447211011523,-0.0008503898862368269,0.0008615565561430478,0.2998137503984301,1.0000000000000002,9,-0.004011672211009597,-0.0019215761554780553
2025-01-24,0.0171778391704467,0.0002080081239728731,0.017145996294100827,0.0002398510003187441,0.08109167052468239,0.9999999999999998,11,-0.011126815650214545,-0.009088799691134852
2025-01-25,-0.007268236930259682,0.00016170374364666822,-0.007171406523032759,6.487333641974592e-05,0.7875187442939927,0.9999999999999998,11,0.008232192759369816,0.0010123263373728042
2025-01-26,0.03193864369067438,0.00011978617044106077,0.03142841486568025,0.0006300149954351942,0.467215954968609,1.0,6,-0.03431925390546415,0.020457106836545558
2025-01-27,0.00732119260920707,-3.7380309649213644e-05,0.006910039535582969,0.00037377276397488723,0.5615318848761219,0.9999999999999998,7,-0.014959482623550346,0.005253505018033344
2025-01-28,0.04863171941591919,0.00012417694659053465,0.048306670854608824,0.0004492255079008976,0.1516083588817279,1.0000000000000002,11,-0.0443013390097906,0.007270050469852851
2025-01-29,-0.033086913168418136,0.00013082854412558117,-0.033077371311397936,0.00012128668710538233,0.17270785492786433,1.0000000000000002,10,0.02942535593828772,-0.023880426068033422
2025-01-30,-0.028624810052637107,0.0001640825828729151,-0.028598893753706483,0.00013816628394229148,0.3625220797325698,1.0,9,0.03633863758499615,-0.009437965172008678
2025-01-31,0.002938829020171351,0.0001429399535108648,0.0027917513098961603,0.00029001766378605585,0.509914280912241,0.9999999999999998,7,-0.007649397659506452,0.021945625061498775
2025-02-01,0.06438499492700196,0.00016572728818426783,0.06414279079045644,0.00040793142472979283,0.26607608369511526,0.9999999999999999,10,-0.06576762614000854,0.01734816570081754
2025-02-02,0.09656960204118707,1.7796559103139058e-05,0.09637453773333413,0.00021286086695609222,0.20264491188360156,1.0000000000000002,12,-0.09478886869684391,0.02921466031036668
2025-02-03,-0.006390639071717512,-0.0002969274324291398,-0.006849682433653533,0.00016211592950688127,0.06269942077365709,1.0,14,0.01079123595231844,-0.037159868734289336
2025-02-04,0.06630889061751212,-0.00018825855145865886,0.06607047252943454,5.015953661892567e-05,0.06736435355652226,1.0,14,-0.06495495213804063,0.035380285249724364
2025-02-05,0.015173410290062453,2.4572982528889575e-05,0.015144091789746126,5.389148284521781e-05,0.05614870350438572,0.9999999999999999,14,-0.018907172652716336,0.011838104429540919
2025-02-06,0.03250492225489876,1.4549329223026991e-05,0.03247455262131828,4.491896280350858e-05,0.06401093929216203,0.9999999999999999,14,-0.0343358963807073,0.00039460111109723695
2025-02-07,-0.0011804210341810257,-4.6621646785901096e-05,-0.0012782514324006563,5.120875143372963e-05,0.037621652804671335,0.9999999999999999,14,0.0020392978099034098,0.0006278810258706358
2025-02-08,-0.023848168377708756,2.3262952382609654e-05,-0.023855002747569885,3.009732224373707e-05,0.13238163930020844,1.0,14,0.02053716121494444,0.00044165902057458073
2025-02-09,0.012644059537949169,-3.272125643655744e-05,0.012505432970072445,0.00010590531144016676,0.04099695382838436,1.0,13,-0.010689251712684724,-0.00012135431414606046
2025-02-10,-0.025102829074355765,9.838555336113823e-05,-0.025037241084057336,3.279756306270749e-05,0.09273427210869317,1.0,13,0.027040368963476297,-0.009910436864004168
2025-02-11,8.638308194901332e-05,0.00011019100230939178,0.00012238666657145053,7.418741768695454e-05,0.06701190422576764,1.0,12,-0.002157293587858996,0.01692147809799216
2025-02-12,-0.03751680287544501,-4.347145113859537e-06,-0.03757475954393948,5.360952338061411e-05,0.20212152466678476,1.0000000000000002,12,0.03307058530137914,-0.021778643162013722
2025-02-13,0.014634107306654093,0.00010574665457462194,0.014578156741495287,0.00016169721973342783,0.1653854877196532,1.0,11,-0.01276652257167977,0.012837328747867138
2025-02-14,-0.05051320972682215,8.171250941601258e-05,-0.050563805607581856,0.00013230839017572255,0.12429092465621874,0.9999999999999998,12,0.039526717243940364,-0.009160050786759744
2025-02-15,0.02015708364403985,2.2163970784042188e-05,0.020079814875098915,9.9432739724975e-05,0.06214255762424242,1.0,13,-0.013298721923938763,-0.0009533573263302841
2025-02-16,0.014943816379284248,-0.00014851117351566228,0.014745591159669192,4.971404609939394e-05,0.15815986766078308,1.0000000000000004,13,-0.018197842356944112,0.01508130164653776
2025-02-17,0.00787405747497447,-2.4254943329692485e-05,0.0077232746375161514,0.00012652789412862648,0.11858950277761028,1.0,14,-0.008736265040553701,0.0033705642936701086
2025-02-18,0.03342680824104692,-4.7191018408134455e-05,0.0332847456204167,9.487160222208823e-05,0.11823758397363578,1.0,14,-0.0316417053015011,0.0012658862457072262
2025-02-19,-0.013635931521500961,-1.627489667288067e-05,-0.01374679648535275,9.459006717890862e-05,0.03721413870778777,1.0,13,0.0170160848281953,-0.010206856162807698
2025-02-20,-0.031573505529675104,2.9690318408805793e-05,-0.03157358652223253,2.9771310966230213e-05,0.05616526818758632,1.0,13,0.025720414790968087,-0.01713182467545904
2025-02-21,0.03592337543730134,9.539034412024161e-05,0.03597383356687151,4.493221455006906e-05,0.04345052364440045,1.0,13,-0.03480850968412781,0.021627860348142347
2025-02-22,-0.029753526135371227,-8.287964504374816e-05,-0.029871166199330498,3.476041891552036e-05,0.08003523378907121,1.0,13,0.028062327250196147,-0.003905213782887218
2025-02-23,0.010450518773883762,0.00010474869122931544,0.01049123927808182,6.402818703125697e-05,0.050452072964009755,1.0000000000000002,13,-0.008241267428889325,0.0029522306491074346
2025-02-24,0.11638571348256883,-0.00011173155149964519,0.11623362027269799,4.036165837120781e-05,0.19325336558470632,0.9999999999999999,13,-0.1144796458383804,0.04888773872772767
2025-02-25,-0.003036376522102207,-6.250200634878839e-05,-0.0032534812209187606,0.00015460269246776506,0.06908023495232996,1.0,14,0.002837821810142011,0.03142015746138582
2025-02-26,0.020112163890821703,-6.067662075851124e-05,0.01999622308210133,5.526418796186397e-05,0.14420961715949368,0.9999999999999998,14,-0.013548818594956926,0.04998471329244103
2025-02-27,-0.006841735881397854,0.00018575829521647982,-0.006771345279908969,0.00011536769372759495,0.11870992436554426,1.0,13,0.00856280964759549,-0.005457881330269476
2025-02-28,-0.003037220925579065,7.30310584696745e-05,-0.003059157806601826,9.496793949243541e-05,0.08537184743207085,0.9999999999999999,12,0.004798004271773055,0.004352288524249404
2025-03-01,-0.008145478948678196,7.92229296506187e-05,-0.008134553496973234,6.829747794565668e-05,0.14705020707708882,1.0,12,0.0047790598290802155,-0.02026225509966828
2025-03-02,-0.1715059737127116,7.377302982070565e-05,-0.17154984084855257,0.00011764016566167106,0.26067085534007733,0.9999999999999999,13,0.1840836669182123,-0.09551586660264144
2025-03-03,0.1387077287936845,3.1241363935667194e-05,0.13853043347334812,0.0002085366842720619,0.2119779784152353,1.0,11,-0.14874398792693097,0.08522459532087778
2025-03-04,-0.00040941436879351773,-0.00020258463936201728,-0.0007815813908877233,0.00016958238273218824,0.28671442436715316,1.0000000000000002,11,-0.00526901699327359,-0.012219132246698461
2025-03-05,-0.039171650891066584,-5.249448204106646e-05,-0.03945351691260137,0.00022937153949372253,0.32117500968922946,1.0000000000000002,9,0.052026320513569466,-0.03805565648357123
2025-03-06,0.002033973331172618,2.411447299936964e-05,0.0018011477964206043,0.00025694000775138356,0.5937307292165744,1.0,7,-0.007583275467033674,0.007489557350929377
2025-03-07,0.035705638943559444,1.2318355093276058e-06,0.03523188619569551,0.00047498458337325955,0.1422947678679421,0.9999999999999999,4,-0.03566540433378457,0.034865688113403626
2025-03-08,0.005467328561152136,8.945993846393337e-05,0.005442952685321715,0.00011383581429435368,0.15811064099065544,1.0,4,-0.009909537350967603,0.006559943195571849
2025-03-09,0.07671726430658975,8.109879960517775e-05,0.0766718745934024,0.00012648851279252436,0.7643337974483093,1.0,4,-0.09689032992494788,0.06376885920586828
2025-03-10,0.0635569308157687,-0.00013917283221232812,0.06280629094559773,0.0006114670379586475,0.3345960890487811,1.0,8,-0.06634454829655474,0.02628617602442962
2025-03-11,-0.0522275969528294,-2.2804314893045094e-05,-0.05251807813896147,0.0002676768712390249,0.1412878369192945,0.9999999999999999,10,0.05246838709419507,-0.055088725915705794
2025-03-12,-0.02180716463312089,1.6120002430406704e-05,-0.021904074900225917,0.0001130302695354356,0.19477995370104573,1.0,9,0.03070465010316476,-0.008983545647558433
2025-03-13,0.02519937986437786,7.388980812608514e-05,0.025117445709543107,0.0001558239629608366,0.05207195374318458,1.0,8,-0.024546617340069393,0.030550916001420347
2025-03-14,-0.04073283853602509,0.00013052460901684328,-0.040643971490002796,4.165756299454767e-05,0.24105855029670684,1.0,8,0.03872215191440108,-0.03520239155261007
2025-03-15,-0.022601965976638057,4.76854205029611e-06,-0.022790044274825127,0.0001928468402373655,0.3032832214727178,1.0,9,0.01983562619041253,-0.00432571914634039
2025-03-16,0.034677391748427946,-1.8878014510979113e-05,0.034415887156738795,0.00024262657717817425,0.22831077320260015,0.9999999999999999,8,-0.043095716712800665,0.02089251971165862
2025-03-17,-0.027187301201709462,3.164066626669948e-05,-0.027338309154004842,0.00018264861856208013,0.3473647686917311,1.0,10,0.03406020892942691,-0.017219196138674064
2025-03-18,0.01738144409801529,-3.2775877836729e-05,0.017070776405225176,0.0002778918149533849,0.043833581218086046,0.9999999999999998,7,-0.017010606521871436,0.015444916742989867
2025-03-19,-0.06558976101733574,0.00011641262733090128,-0.0655084152549793,3.506686497446884e-05,0.33954042620499336,1.0,7,0.05865383943258882,-0.050125746829716045
2025-03-20,0.02765026138370283,6.757278439065868e-05,0.027446201827129493,0.0002716323409639947,0.384323918075723,1.0,7,-0.03050655161741875,0.030252344781349527
2025-03-21,0.012386827730418415,0.00011334679491815826,0.012192715390875995,0.0003074591344605784,0.37931931195287094,1.0,5,-0.013711555704000502,0.0015834438061570477
2025-03-22,-0.003941707620381302,-7.826311909361509e-05,-0.004323426189037214,0.0003034554495622968,0.09151844701290135,1.0,7,0.006578777888496328,0.002919680239095057
2025-03-23,-0.018362158159521313,0.00011265202563329786,-0.018322720891498334,7.321475761032108e-05,0.7793101943393165,1.0,7,0.01688042346367919,-0.026720394630862954
2025-03-24,-0.02642612533502156,0.000144888989732324,-0.02690468450076069,0.0006234481554714532,0.0630051632068486,1.0,3,0.04079783279552821,-0.016493848510416687
2025-03-25,-0.0007679577713579121,0.00010112240606692691,-0.0007172394958564641,5.040413056547888e-05,0.08234791420196139,1.0,3,0.013045268287380467,0.0010701619191569867
2025-03-26,0.02026005150659324,0.00011725439471635278,0.020311427569948026,6.58783313615691e-05,1.05943504432414,1.0,3,-0.021052226546656956,0.005677018832594305
2025-03-27,-0.0037886988525654974,6.097e-05,-0.00457527688802481,0.0008475480354593121,0.032754394062330605,1.0,1,0.0006389378009656729,-0.0036535756465123637
2025-03-28,0.056639098891853215,-8.239965316983005e-05,0.05653049572343352,2.6203515249864486e-05,0.032754394062330605,0.9672456059376694,1,-0.06233352375942252,0.03223261063043048
2025-03-29,0.02164948453608251,7.300000000000015e-07,0.021624011020832643,2.6203515249864486e-05,0.0,1.0,1,-0.038201506404667344,0.021048627175850543
2025-03-30,-0.007610350076103556,1.435e-05,-0.007596000076103556,0.0,0.0,1.0,1,-0.005484671445990559,0.0030494632871979066
2025-03-31,0.03625377643504535,6.410000000000001e-06,0.03626018643504535,0.0,0.0,1.0,1,-0.006459929905821758,-0.001999931999883353
2025-04-01,-0.017964793826863,0.00015844,-0.017806353826863002,0.0,1.5421188612830918,1.0,1,0.029179830720471193,-0.03154967128184927
2025-04-02,0.05057560926240358,1.5961688898835382e-05,0.04935787586227594,0.0012336950890264736,0.6039311952761122,1.0,6,-0.061624694447374215,0.030965368082339184
2025-04-03,-0.020658442469003575,-0.0002692184543936841,-0.021410805879618147,0.00048314495622088976,0.2293844695125844,1.0,3,0.012555493782738554,-0.00844273693066988
2025-04-04,-0.018682228477523485,-6.769025137388442e-05,-0.018933426304507436,0.00018350757561006752,0.42384556038534854,1.0,3,0.014929416471105184,-0.008172490277285283
2025-04-05,0.0044218463693220696,0.00017605858929937635,0.004258828510313167,0.00033907644830827885,0.2998369129721655,1.0,4,-0.010492278854824582,0.004235565153413945
2025-04-06,0.12037323386060737,-6.783548003071398e-05,0.12006552885019893,0.00023986953037773243,0.5231310082810847,1.0,5,-0.11119716252091731,0.06126618294950914
2025-04-07,-0.005968483494471901,-8.686229239904394e-05,-0.006473850593495813,0.0004185048066248678,0.32166994934137666,1.0,8,0.006382594779861924,-0.009567546880979716
2025-04-08,0.03983967907017579,-0.00010678370510460374,0.03947555940559808,0.0002573359594731013,0.18809165162924507,1.0,6,-0.04250176354265538,0.0359123073035128
2025-04-09,-0.1234104664069012,3.160310926151697e-05,-0.12352933661894308,0.00015047332130339606,1.0,1.0,5,0.11987061356086422,-0.08244132538379167
2025-04-10,0.0,0.0,-0.0008,0.0008,0.7146198060668973,0.0,0,-0.03872217442414333,0.03666150046011529
2025-04-11,-0.023252271347078992,0.00012213567105489342,-0.023701831520877615,0.0005716958448535179,0.09684792222128458,0.7146198060668973,1,0.04555904690457884,-0.047990075439729996
2025-04-12,-0.019629831393203557,7.315036876615901e-05,-0.019634159362214427,7.747833777702767e-05,0.6177718838456128,0.6177718838456128,1,0.0628670995876328,-0.022301965859222284
2025-04-13,0.0,0.0,-0.0004942175070764902,0.0004942175070764902,0.5158894347897459,0.0,0,-0.028995800583568748,0.01788056472597843
2025-04-14,0.0044427496312227826,6.474412406611311e-06,0.004036512495797597,0.00041271154783179676,0.48411056521025403,0.5158894347897459,1,-0.0025572148967441216,-0.01003658899319948
2025-04-15,0.022515343798842194,0.0001241900733473883,0.02225224542002138,0.0003872884521682032,0.5196105652638421,1.0,2,-0.033068279818987446,0.011178668281415671
2025-04-16,0.007773042637345267,4.016661685364541e-05,0.007397520801987838,0.0004156884522110737,0.41328509727437424,0.6030118128455999,1,-0.001981264718179974,-0.0045605301840598855
2025-04-17,-0.010305096999516528,6.0646319326243225e-05,-0.010575078758009783,0.0003306280778194994,0.41475146218025627,1.0,2,0.012708112764393518,-0.011013215859030812
2025-04-18,-0.008126281433011095,0.00015125163211413456,-0.008306830970641164,0.000331801169744205,0.6776862493562287,0.5852485378197437,1,0.009957582081287957,0.005817582288170531
2025-04-19,-0.007615487482628142,0.00012895228753620003,-0.008028684194576925,0.000542148999484983,0.1304707669569884,1.0,2,0.023536237290195716,-0.007414032053635777
2025-04-20,-0.009570306301420707,4.795909325431187e-05,-0.009626723821731985,0.00010437661356559071,1.0,1.0,2,0.0023292873974795703,-0.001080580244547491
2025-04-21,0.0,0.0,-0.0008,0.0008,0.0,0.0,0,0.003836124285730713,-0.027334188407635462
2025-04-22,0.0,0.0,0.0,0.0,0.0,0.0,0,0.08536103671900673,-0.06789952667322163
2025-04-23,0.0,0.0,0.0,0.0,0.0,0.0,0,0.017069936801533465,-0.0024324205689423284
2025-04-24,0.0,0.0,0.0,0.0,0.0,0.0,0,0.00979939021754807,-0.0031986893383786352
2025-04-25,0.0,0.0,0.0,0.0,0.0,0.0,0,0.01465591186311932,-0.007028518624190294
2025-04-26,0.0,0.0,0.0,0.0,0.0,0.0,0,0.0006761084209366196,0.00017020502834286244
2025-04-27,0.0,0.0,0.0,0.0,0.0,0.0,0,-0.02072002487197142,0.00928991273656965
2025-04-28,0.0,0.0,0.0,0.0,0.0,0.0,0,0.014693267890388884,-0.013574593023690129
2025-04-29,0.0,0.0,0.0,0.0,0.0,0.0,0,-0.013875316618097013,0.008096326169592105
2025-04-30,0.0,0.0,0.0,0.0,0.0,0.0,0,-0.0061878985303624135,0.0007961774987500503
2025-05-01,0.0,0.0,0.0,0.0,0.0,0.0,0,0.02225578815032036,-0.02441644152303679
2025-05-02,0.0,0.0,0.0,0.0,0.0,0.0,0,0.002328672456253622,-0.004230305330765516
2025-05-03,0.0,0.0,0.0,0.0,0.0,0.0,0,-0.029141724921989336,0.010615380166723032
2025-05-04,0.0,0.0,0.0,0.0,0.0,0.0,0,-0.023302395141769343,0.016420102439060114
2025-05-05,0.0,0.0,0.0,0.0,0.0,0.0,0,-0.0033004353412250465,-0.004950642150817863
2025-05-06,0.0,0.0,0.0,0.0,0.0,0.0,0,0.020827444782789212,-0.022199295223592763
2025-05-07,0.0,0.0,0.0,0.0,0.0,0.0,0,-0.002974032826874299,-0.001957666874313757
2025-05-08,0.0,0.0,0.0,0.0,0.0,0.0,0,0.12954514631314248,-0.06433449773374966
2025-05-09,0.0,0.0,0.0,0.0,0.0,0.0,0,0.035514254662534675,0.002772500898495789
2025-05-10,0.0,0.0,0.0,0.0,0.0,0.0,0,0.09093135836112674,-0.017941188184791734
2025-05-11,0.0,0.0,0.0,0.0,0.0,0.0,0,-0.037570953560546065,0.006833745591131923
2025-05-12,0.0,0.0,0.0,0.0,0.0,0.0,0,0.027361418940531314,0.012812197627235511
2025-05-13,0.0,0.0,0.0,0.0,0.0,0.0,0,0.02502792614994857,-0.013069000859456947
2025-05-14,0.0,0.0,0.0,0.0,0.0,0.0,0,-0.02915411013744242,0.005994312176937355
2025-05-15,0.0,0.0,0.0,0.0,0.0,0.0,0,-0.042989910552149645,-0.0024782979776354352
2025-05-16,0.0,0.0,0.0,0.0,0.0,0.0,0,-0.006666681850654317,0.0029147322698369615
2025-05-17,0.0,0.0,0.0,0.0,0.0,0.0,0,-0.025703622741153096,0.0032162549486423053
2025-05-18,0.0,0.0,0.0,0.0,0.0,0.0,0,0.04771491394962384,-0.03228572869898594
2025-05-19,0.0,0.0,0.0,0.0,0.0,0.0,0,-0.024215532606243515,0.008232494671433277
2025-05-20,0.0,0.0,0.0,0.0,0.0,0.0,0,-9.570746515668345e-05,-0.012020096350287446
2025-05-21,0.0,0.0,0.0,0.0,0.0,0.0,0,0.034752631188534,-0.026305218815338094
2025-05-22,0.0,0.0,0.0,0.0,0.0,0.0,0,0.04914881543346873,-0.018731952978528366
2025-05-23,0.0,0.0,0.0,0.0,0.0,0.0,0,-0.06239854467956211,0.039325576042850474
2025-05-24,0.0,0.0,0.0,0.0,0.0,0.0,0,0.000731121537081563,-0.003984282871032807
2025-05-25,0.0,0.0,0.0,0.0,0.0,0.0,0,0.004984286674017576,-0.011671428398990047
2025-05-26,0.0,0.0,0.0,0.0,0.0,0.0,0,-0.0025798942137312503,-0.003954811074939668
2025-05-27,0.0,0.0,0.0,0.0,0.0,0.0,0,0.010503114013090358,0.0045480807556305125
2025-05-28,0.0,0.0,0.0,0.0,0.0,0.0,0,-0.003114362109796955,0.01070995956443832
2025-05-29,0.0,0.0,0.0,0.0,0.0,0.0,0,-0.032635490860870545,0.020266776578097057
2025-05-30,0.0,0.0,0.0,0.0,0.0,0.0,0,-0.06883249424523406,0.015064444821342393
2025-05-31,0.0,0.0,0.0,0.0,0.0,0.0,0,0.005550342165531479,-0.005721019721019793
2025-06-01,0.0,0.0,0.0,0.0,0.0,0.0,0,0.004715149129747568,-0.00993450648382943
2025-06-02,0.0,0.0,0.0,0.0,0.0,0.0,0,0.015117630779309174,-0.0021878459945843254
2025-06-03,0.0,0.0,0.0,0.0,0.0,0.0,0,-0.000633366180355001,0.004575941059006161
2025-06-04,0.0,0.0,0.0,0.0,0.0,0.0,0,-0.022806132734868922,0.0065346942611845815
2025-06-05,0.0,0.0,0.0,0.0,0.5091865950288157,0.0,0,-0.06057369665783447,0.030419966017404154
2025-06-06,-0.02443704663392178,-0.0001683167208527253,-0.02501271263079756,0.00040734927602305255,0.5091865950288157,0.5091865950288157,1,0.03045019305029015,-0.02741413739200027
2025-06-07,0.0,0.0,-0.00040734927602305255,0.00040734927602305255,1.0,0.0,0,0.02793602143368152,-0.012159439754412915
2025-06-08,-0.0023211527487596406,6.249319052380542e-05,-0.003058659558235835,0.0008,0.653793295373728,1.0,5,0.005205388586145625,-0.001601781863848517
2025-06-09,-0.04469906845547876,0.0001287469560835744,-0.04509335613569417,0.0005230346362989824,0.36625481753398514,0.9999999999999999,8,0.05288108348467811,-0.04306917810487665
2025-06-10,-0.03734036949024312,0.00024954409303318736,-0.03738382925123712,0.0002930038540271881,0.5887406709192844,1.0,8,0.02699244207264864,-6.804084991185455e-05
2025-06-11,0.029287926499180206,0.00029618718536980344,0.029113121147814582,0.0004709925367354275,0.8087874078297118,1.0,5,-0.026841222453479436,0.0148355247044053
2025-06-12,0.06064268467187873,8.56283573348916e-05,0.06008128310294985,0.0006470299262637695,0.24249457899600657,1.0000000000000002,9,-0.05084459200500822,0.027536832412523027
2025-06-13,0.026277933204447986,-0.00020402718977284093,0.02587991035147834,0.00019399566319680525,0.2177615880214639,0.9999999999999999,11,-0.015937789748907274,-0.003956083496276408
2025-06-14,0.017667556915606845,3.157845424346574e-05,0.01752492609943314,0.00017420927041717112,0.13632246350539023,1.0000000000000002,9,-0.018162974662771027,0.006294605257325281
2025-06-15,-0.011665713585081009,3.644247937219023e-05,-0.011738329076513131,0.00010905797080431219,0.15334504878353516,1.0,10,0.014605147277628683,-0.0016581260992085678
2025-06-16,-0.0030774250233209827,0.0001454736034858518,-0.003054627458861959,0.00012267603902682813,0.22949517488001542,0.9999999999999998,9,0.0043587409609206805,-0.011517549694602502
2025-06-17,0.03644687724833616,0.00012732855800278312,0.03639060966643493,0.00018359613990401235,0.4840119690338508,1.0,8,-0.029390722892731005,0.021003259013340547
2025-06-18,-0.0024959336473252478,7.99951874929662e-06,-0.002875143703803032,0.00038720957522708066,0.13151724281758095,1.0,12,0.002785601439215262,-0.0031078960462356253
2025-06-19,0.002842336902460836,4.9228591932256924e-05,0.002786351700139028,0.00010521379425406476,0.04936078225403184,1.0000000000000002,11,0.003657825064199649,0.0021529521294861853
2025-06-20,0.037025427765679145,8.249467090807839e-05,0.037068433810784,3.9488625803225476e-05,0.1882409226775309,1.0,11,-0.035938226774476986,0.013010589147390617
2025-06-21,0.03663589073508735,-5.139012451575826e-06,0.03648015898449375,0.00015059273814202473,0.05592191428351678,1.0000000000000002,13,-0.035717175347601944,0.011296310465964354
2025-06-22,0.02524645537476521,3.456922999664174e-05,0.02523628707333504,4.4737531426813425e-05,0.0516853509189735,0.9999999999999999,13,-0.02459572194071353,0.011511582115168784
2025-06-23,-0.0894944761711445,-3.9619828295134624e-05,-0.08957544428017482,4.13482807351788e-05,0.12952970930007474,1.0,13,0.08394808340598327,-0.04346873832437925
2025-06-24,-0.017955582407522746,6.720344781127245e-05,-0.017992002727151533,0.00010362376744005979,0.18064969094768896,1.0000000000000002,12,0.01486054672526499,-0.00706613771940412
2025-06-25,0.022135031759214965,0.00011395440608756386,0.022104466412544377,0.00014451975275815119,0.10874272661027228,1.0,10,-0.01286892894757556,-0.011742360298354626
2025-06-26,0.02278173991779992,5.921721792198286e-05,0.022753962954433687,8.699418128821782e-05,0.1860741747352771,1.0,11,-0.019373115892896198,0.003414429530201324
2025-06-27,-0.012644265993392608,1.2313688796820376e-05,-0.01278081164438401,0.0001488593397882217,0.1648639656562081,0.9999999999999998,13,0.013631463562751895,-0.0009072738105593281
2025-06-28,-0.025198540144128274,0.00012165553627382095,-0.025208775780379417,0.00013189117252496648,0.08172241384049636,1.0,11,0.02037404204178959,-0.002152121236474569
2025-06-29,-0.030991753639692213,0.00013399195862975928,-0.030923139612134852,6.537793107239709e-05,1.1143866845784975,1.0000000000000002,11,0.0275758163186787,-0.009966337501515321
2025-06-30,0.01958822991332667,0.00010497176781154795,0.018801692333475423,0.000891509347662798,0.5327943224636215,1.0,4,-0.014236092587981317,0.011286144005436372
2025-07-01,0.041758495466256054,9.002936252732853e-06,0.041341262944537896,0.00042623545797089717,1.0144003598330322,1.0,4,-0.03986824927518896,0.013535672730872195
2025-07-02,-0.0716357909186419,1.4512834630817427e-06,-0.07244585992304524,0.0008115202878664258,0.6442714954532783,1.0000000000000004,10,0.061932139557131984,-0.029933385650415367
2025-07-03,-0.012286293961732564,0.0001867480124998347,-0.012614963145595352,0.0005154171963626227,0.5627563505066882,0.9999999999999999,6,0.00914223927042973,-0.00684926470588243
2025-07-04,0.05538706732548116,0.00010740780808827114,0.055044270053164084,0.0004502050804053505,0.9214586343972898,1.0,4,-0.038533020027786344,0.014695303856307795
2025-07-05,-0.004098021057607524,-6.156171749830322e-05,-0.004896749682623659,0.0007371669075178319,1.2648887504709707,1.0,8,0.0040042152855208945,-0.002019726614252537
2025-07-06,-0.018782732925990284,0.0,-0.01979464392636706,0.0010119110003767766,0.5177181955040048,0.5177181955040048,1,0.019401230854476186,-0.009175855775223063
2025-07-07,0.0,0.0,-0.00041417455640320385,0.00041417455640320385,1.0,0.0,0,-0.011149184271249033,0.008629741135252167
2025-07-08,-0.013449839329434745,0.00010869747000672593,-0.01414114185942802,0.0008,0.31549097581414765,0.9999999999999998,5,0.018210803375907653,-0.006184619962866567
2025-07-09,-0.06919934501221384,0.00018094492628898136,-0.06927079286657617,0.0002523927806513181,0.3734755705369596,1.0,4,0.04673484241297291,-0.02137167032076781
2025-07-10,-0.06513310507706377,0.0001866069070394008,-0.06524527862645395,0.0002987804564295677,1.1548408131398065,1.0,5,0.059039662976002556,-0.042979355197261926
2025-07-11,0.04424635139761977,0.0001460413134013929,0.043468520060509316,0.0009238726505118452,0.5519704678539936,1.0,2,0.006140602453039522,-0.013112696069640162
2025-07-12,0.002711070524272042,0.0,0.002269494149988847,0.00044157637428319493,0.5783617118447077,0.5783617118447077,1,-0.010283607944241244,0.0009421276595744654
2025-07-13,0.0,0.0,-0.00046268936947576624,0.00046268936947576624,0.0,0.0,0,0.019233088481308242,-0.014047276881283155
2025-07-14,0.0,0.0,0.0,0.0,0.0,0.0,0,0.00815907689151454,-0.006537391747025945
2025-07-15,0.0,0.0,0.0,0.0,0.8217042737180462,0.0,0,0.018009641498414934,0.017343187290565165
2025-07-16,-0.002048849408639293,-0.0004160699589971327,-0.003122282786610863,0.000657363418974437,0.06675362727323475,0.8217042737180462,1,0.02763731853495572,-0.007238074206822764
2025-07-17,-0.0018533671989386666,0.00011946204936728762,-0.0017873080513899668,5.3402901818587805e-05,0.017798776054323562,0.888457900991281,1,0.03787829630668265,-0.004940522317517404
2025-07-18,-0.025705522714265946,0.00011558870542663046,-0.025604173029682775,1.423902084345885e-05,0.3699850685499183,0.8706591249369574,1,0.003505223053380952,0.010742041642403
2025-07-19,0.0013043963828569868,0.00013616832311558302,0.0011445766511326352,0.00029598805483993464,0.4993259436129609,0.5006740563870391,1,0.026001047117136362,0.0006955259024024052
2025-07-20,-0.06853801169590645,0.00030000000000000003,-0.06863747245079682,0.0003994607548903687,1.0,1.0,1,0.04452312363513005,0.00507917538093805
2025-07-21,0.0,0.0,-0.0008,0.0008,0.5196222541459244,0.0,0,0.011974880399794607,-0.0009742697242696163
2025-07-22,-0.003639981339331818,0.00015588667624377736,-0.0038997924664047803,0.0004156978033167396,0.5196222541459244,0.5196222541459244,1,0.015645818534501865,-0.02270089030786626
2025-07-23,0.0,0.0,-0.0004156978033167396,0.0004156978033167396,0.6524046873688859,0.0,0,-0.06925980611804279,0.01066889345023947
2025-07-24,-0.0016445248685044345,2.92799223691156e-05,-0.002137168696030428,0.0005219237498951088,0.6524046873688859,0.6524046873688859,1,-0.01838899371851177,0.00353119063964924
2025-07-25,0.0,0.0,-0.0005219237498951088,0.0005219237498951088,0.0,0.0,0,0.023157470937116446,0.00600874260213724
2025-07-26,0.0,0.0,0.0,0.0,0.0,0.0,0,0.004872253301282714,-0.002599854571432081
2025-07-27,0.0,0.0,0.0,0.0,0.0,0.0,0,0.0333592731214701,-0.013013914760639622
2025-07-28,0.0,0.0,0.0,0.0,0.0,0.0,0,-0.043616433922627644,0.011572271430892123
2025-07-29,0.0,0.0,0.0,0.0,0.5360606684184073,0.0,0,-0.013655577709238087,0.001223299621996965
2025-07-30,-0.024215629520966335,0.0001608182005255222,-0.024483659855175536,0.00042884853473472586,1.0554024170316214,0.5360606684184073,1,-0.010193273329425625,0.001068729484210773
2025-07-31,0.026429058783378305,0.0,0.025584736849753008,0.0008443219336252972,0.5193417486132141,0.5193417486132141,1,-0.035737565504254,0.017607900077268535
2025-08-01,0.0,0.0,-0.0004154733988905713,0.0004154733988905713,1.0,0.0,0,-0.037617294400268265,0.021197556036312015
2025-08-02,0.02300392873522425,0.0001225291044991893,0.02232645783972344,0.0008,0.06652621255149554,1.0,3,-0.027246445208463914,0.006499194665008923
2025-08-03,-0.038898590340638174,0.00012990032528255877,-0.038821910985396814,5.322097004119644e-05,0.9921962064574961,1.0,3,0.036485285355220345,-0.014594413948064489
2025-08-04,-0.0177755662198088,0.0,-0.018569323184974795,0.0007937569651659969,0.06440198657922713,0.5697068973448725,1,0.04850260191898697,-0.007457678789811295
2025-08-05,0.029158506845564598,0.0,0.029106985256301215,5.152158926338171e-05,0.49469508923435457,0.5053049107656453,1,-0.034656783929688496,0.008108547583044134
2025-08-06,-0.022889715769389137,0.00010464007403873318,-0.023180831766737887,0.0003957560713874837,0.48966645958760124,0.9999999999999999,2,0.018047402490795356,-0.007639195719104874
2025-08-07,-0.028474272596905627,0.0,-0.02886600576457571,0.000391733167670081,0.5103335404123986,0.5103335404123986,1,0.05589263730821491,-0.02156671683733391
2025-08-08,0.0,0.0,-0.0004082668323299189,0.0004082668323299189,0.579064142393931,0.0,0,0.017431032735635517,0.00674246869568107
2025-08-09,-0.019715854299536928,0.0,-0.020179105613452073,0.00046325131391514483,1.0500357282092865,0.579064142393931,1,0.020910104083476672,0.0017671540845181077
2025-08-10,-0.012216761441542196,0.0001459065336706997,-0.012910883490438927,0.0008400285825674292,0.5290284141846446,1.0,3,0.00020768786327873823,-0.024335585769368562
2025-08-11,-0.005633888912012627,0.00030000000000000003,-0.005757111643360343,0.00042322273134771574,1.0991155142383628,1.0,2,-0.03409571649402217,0.005143586909764242
2025-08-12,-0.043376172994507134,0.00015479619319013084,-0.044100669212707694,0.0008792924113906903,0.07937877018610662,1.0,2,0.07231853230888766,-0.012129778771243549
2025-08-13,-0.03351341820223115,0.00016901519306672594,-0.033407906025313315,6.35030161488853e-05,0.37975858174945776,1.0,2,0.03240169265765821,-0.027005937658747037
2025-08-14,0.025796906697453492,0.00018781363373670756,0.025680913465790635,0.00030380686539956624,0.5507027365359205,0.6260454457890251,1,-0.056121555171284594,0.041206124684671774
2025-08-15,0.02635141064945103,7.339751662007065e-05,0.025984245976842364,0.00044056218922873644,0.43822603992669507,1.0,2,-0.011936054785146486,0.008144300427427753
2025-08-16,-0.006458745980434763,0.00015812100015101543,-0.0066512058122251035,0.00035058083194135605,0.25240544393523445,1.0,3,0.010564283072665983,-0.0004305963887885067
2025-08-17,-0.00655281062700388,0.00011919661994441083,-0.006635538362207657,0.00020192435514818758,0.05138514687810736,1.0,3,0.01947085447251681,-0.00020540408779701202
2025-08-18,0.018939803289368076,-4.790389116339852e-05,0.018850791280702193,4.110811750248589e-05,0.8886030465601443,1.0,3,-0.03032659038104454,0.009971556097885137
2025-08-19,0.048408141350472944,0.00012730252225813041,0.04782456143548296,0.0007108824372481155,0.5976495967500028,1.0000000000000002,7,-0.05211615826384829,0.028914580026785264
2025-08-20,-0.03894649838020957,0.00011722449047327433,-0.0393073935671363,0.0004781196774000023,0.3539607020926423,0.9999999999999998,11,0.049548093030532855,-0.012375890987926352
2025-08-21,0.025899830491570745,0.00019912489761892866,0.02581578682751556,0.00028316856167411383,0.2611509236743874,1.0,9,-0.029319467946380913,0.015393909149408413
2025-08-22,-0.08782795828097899,0.00021421624380342036,-0.08782266277611507,0.00020892073893950995,1.2370752793569224,0.9999999999999999,11,0.09167598784486929,-0.03943814010396385
2025-08-23,0.017793284606259726,0.00019690175324649375,0.01700052613602068,0.000989660223485538,0.15937221300290402,1.0,3,-0.00908952098158188,0.013006266173356984
2025-08-24,0.021592747711430705,0.00022200039410867877,0.021687250335137062,0.00012749777040232322,0.6144368349139872,1.0,3,-0.015783816219810873,0.016734689986141138
2025-08-25,0.060520475135130744,0.00021597823561224111,0.0602449039028118,0.0004915494679311898,0.6846272633257361,1.0,4,-0.07965452496048213,0.02981410588093225
2025-08-26,-0.03455644891157557,-2.1160249936357845e-05,-0.035125310972172516,0.0005477018106605889,0.26810027057435987,1.0,8,0.04062175059978322,-0.01495402674807389
2025-08-27,0.0027862938745046397,0.00015846580239210637,0.002730279460437258,0.00021448021645948791,0.4571166479880814,1.0000000000000002,10,-0.004110287204249584,0.004610155411472028
2025-08-28,-0.01746381598798922,0.0002300481266213108,-0.01759946117975837,0.00036569331839046514,0.3212242837547523,1.0,6,0.022328195782315405,-0.011802699584243515
2025-08-29,0.04776448348716781,0.00016068553270764133,0.04766818959287165,0.00025697942700380184,0.16872932172389377,1.0,4,-0.0448021628249466,0.03710781433738086
2025-08-30,-0.020240017495157615,0.0002004830522048113,-0.02017451790033192,0.00013498345737911503,0.2131871890590318,1.0,5,0.006330944736163595,-0.003927726146563781
2025-08-31,0.013319615058260023,0.0001766313406593364,0.013325696647672134,0.00017054975124722546,0.23161846872353836,0.9999999999999998,4,-0.013089660008762216,0.005052506530560108
2025-09-01,-0.0027975422955693694,0.00024019647401020216,-0.002742640596537998,0.0001852947749788307,0.447468360134482,1.0,3,-0.009951236401492805,-0.009051977480491358
2025-09-02,-0.043818648606057206,0.0002583014699627401,-0.04391832182420206,0.0003579746881075856,0.56923906712196,1.0,2,0.035657915906930175,-0.01831796380368167
2025-09-03,-0.00901739695368325,0.00019061212806932063,-0.009282176079311498,0.00045539125369756803,0.49005668176004835,1.0,3,0.012872185963698728,-0.004243263661546148
2025-09-04,0.01765495062427199,0.00015250468583618234,0.017415409964700132,0.0003920453454080387,0.08101300185895455,0.9999999999999998,4,-0.031005500196672524,0.008780241411860068
2025-09-05,-0.011441432180403863,0.00019263416126237792,-0.01131360842062865,6.481040148716364e-05,0.06697266979041544,1.0,4,0.01575050073355938,0.0005827642723036375
2025-09-06,0.005933954923893148,0.00011174795499809937,0.0059921247430589145,5.3578135832332355e-05,0.3771140588912662,1.0000000000000002,4,-0.005676035909257645,0.004335763084358346
2025-09-07,-0.016287737728088683,0.00016780231903385661,-0.01642162665616784,0.000301691247113013,0.07234011354819353,1.0,6,0.02244095934849461,-0.008541312367605913
2025-09-08,-0.003351174330133968,0.0001064094220119513,-0.0033026369989605717,5.787209083855483e-05,0.33798555311338924,1.0,6,0.02033305434394117,-0.008432064532392314
2025-09-09,0.005734989568632299,0.0001917278499954488,0.005656328976137036,0.0002703884424907114,0.12527507120814962,1.0,6,0.0026813442857557663,0.004577163640519077
2025-09-10,-0.01899579767087942,9.869604764131147e-05,-0.01899732168020463,0.0001002200569665197,0.30295738668117966,1.0,6,0.030034152279402187,-0.02149688026626051
2025-09-11,-0.016970384635874004,0.00015162827917607088,-0.017061122266042877,0.00024236590934494375,0.28499232086278603,1.0,5,0.01575098369061484,-0.013434969200188274
2025-09-12,-0.02005931187132097,0.00024405622270693876,-0.02004324950530426,0.00022799385669022883,0.09738040843727842,1.0,6,0.027462107378516627,-0.004777045232051469
2025-09-13,0.0005059534246491413,0.0002492005393284913,0.0006772496372278099,7.790432674982275e-05,0.4312610409599391,1.0,6,0.01174548900038266,0.0009975995530201454
2025-09-14,0.009092011313264174,0.0002070877183451123,0.008954090198841335,0.00034500883276795133,0.5521835358839144,1.0,4,-0.025991409403522698,0.0056333919371808205
2025-09-15,0.013815784293028774,0.00018215313108344854,0.01355619059540509,0.0004417468287071316,0.26050225420389117,1.0,6,-0.01977740298963319,-0.000786390070306453
2025-09-16,-0.007802964004334259,0.0001590560890805329,-0.00785230971861684,0.00020840180336311294,0.30528553479982823,1.0000000000000002,7,0.02224856685815252,-0.012547202703194982
2025-09-17,-0.024181074870693015,0.000197608944859348,-0.02422769435367353,0.0002442284278398626,0.5647496488441409,1.0,6,0.0257906215532033,0.0029533873588512005
2025-09-18,-0.014589874814423674,0.00023613589631218975,-0.014805538637186796,0.00045179971907531276,0.941420917983518,1.0,4,0.019649961200317947,-0.005279955327420094
2025-09-19,0.035882213617114425,0.00016429569115770926,0.03529337257388532,0.0007531367343868144,0.7805938721077195,0.7603817797829835,1,-0.03392714260810364,0.0123708415265803
2025-09-20,0.0024429669613581675,-8.364860312255917e-05,0.0017348432605494325,0.0006244750976861756,0.029505673850904024,1.0,3,0.0036885888882561358,-0.00047936523044578294
2025-09-21,0.009837876166179049,5.320204152757047e-05,0.009867473668625896,2.360453908072322e-05,0.9839572000719436,0.9999999999999999,3,-0.009561280947475905,0.0038140573526982413
2025-09-22,0.0534742421038269,-5.425379692336501e-05,0.052632822546845974,0.0007871657600575549,0.1470806468477125,1.0,8,-0.05197163314867685,0.022392018328950436
2025-09-23,0.010032500942629642,2.10916381079235e-05,0.009935928063259396,0.00011766451747817,0.20223831904378983,0.9999999999999999,9,-0.010204136948041898,0.005840786397015352
2025-09-24,-0.0030987239954166006,0.00014596172230118418,-0.003114552928350448,0.00016179065523503188,0.5368746807118703,1.0000000000000002,9,0.004322926658730654,-0.011675167713292911
2025-09-25,0.054848510567967065,6.429124617082411e-05,0.05448330206956839,0.00042949974456949624,0.7243478961233388,0.9999999999999999,5,-0.06639918659758917,0.038139933247390845
2025-09-26,-0.034304659266952864,0.00015518693978027023,-0.03472895064407126,0.0005794783168986711,0.2261173194828221,1.0,10,0.029405826879325803,-0.006003607672500522
2025-09-27,0.004929140709308902,0.00017647519280734915,0.004924722046529993,0.0001808938555862577,0.2813265692307462,1.0,8,-0.006305671069478079,0.00010220050461495767
2025-09-28,-0.02772161912742758,0.000167295115885378,-0.027779385266926797,0.000225061255384597,0.5704873614761831,1.0,10,0.026979613372270967,-0.023200973194265728
2025-09-29,-0.006170206815956813,0.00010965837999916833,-0.00651693832513859,0.00045638988918094645,0.2591538429945722,1.0000000000000002,6,0.004555408255753386,-0.01906446330525613
2025-09-30,0.00913477524209136,9.200201568492067e-05,0.009019454183380623,0.0002073230743956578,0.20701695809493026,1.0,7,-0.012205442225900087,0.002348212933813376
2025-10-01,-0.05904017845069624,0.00020098727312421125,-0.05900480474404798,0.00016561356647594422,1.0650119904158708,1.0,6,0.051839798983824674,-0.040035512260853556
2025-10-02,-0.019851234840358105,0.00010471034668852804,-0.020598534086002273,0.0008520095923326967,0.805886967710681,1.0,2,0.03194493083568178,-0.016270442437268384
2025-10-03,-0.002733932662801543,0.00016386924799263218,-0.0032147729889774558,0.0006447095741685449,0.01729594000313278,1.0,4,0.009909741110423396,-0.014121693574023375
2025-10-04,0.02110317135223118,0.00017144300571926308,0.021260777605947936,1.3836752002506226e-05,0.07740387593239495,1.0,4,-0.023666926373175586,-0.0013136065907857208
2025-10-05,-0.00267599076187262,0.00021702769624437298,-0.0025208861663741635,6.192310074591596e-05,0.14508813089309436,0.9999999999999999,4,0.003300713549354866,-0.008856233938625113
2025-10-06,-0.03572557357036733,0.0001750311944848079,-0.035666612880597,0.00011607050471447549,0.3876548791385506,0.9999999999999998,4,0.0296964611764983,-0.009736953187600372
2025-10-07,0.05107245338583793,0.00025865461899825064,0.05102098410152534,0.0003101239033108405,1.0602557610521806,1.0,3,-0.044122435205856,0.02681569624925273
2025-10-08,-0.02297391052970911,8.827209855551755e-05,-0.023733843039995338,0.0008482046088417445,0.37870846592005303,0.9999999999999998,9,0.021287985834307528,-0.01608587930231309
2025-10-09,0.028888096737394085,0.00016359033776508887,0.02874872030242313,0.0003029667727360424,0.33286592223630895,1.0,8,-0.021669474668304396,0.013455320012171645
2025-10-10,0.20519446438567926,0.000180569278515426,0.20510874092640563,0.0002662927377890472,0.4404412467909612,1.0,10,-0.19230514735979987,0.07291043787881657
2025-10-11,0.01721963599666084,-0.0007025088911391587,0.016164774108088913,0.000352352997432769,0.08496258819504612,0.9999999999999999,13,-0.014094716663404108,0.01894869267505883
2025-10-12,-0.08818396955042819,-0.000619898481569296,-0.08887183810255352,6.79700705560369e-05,0.06919952783599308,1.0,13,0.09052729744861321,-0.03902455346444289
2025-10-13,-0.04285956400565714,-0.00026046232640726253,-0.0431753859543332,5.5359622268794465e-05,0.07535055917582988,0.9999999999999999,13,0.03606500354129851,-0.001893042654820487
2025-10-14,0.03519253308235083,4.7121732926670855e-06,0.035136964808302834,6.028044734066391e-05,0.07944384425292604,1.0,12,-0.03677489132721284,0.018487228514167398
2025-10-15,0.04112123568397767,5.1023902280767275e-05,0.041108704510856096,6.355507540234084e-05,0.042644545960162664,1.0,13,-0.04016695065067566,0.020222368162515325
2025-10-16,0.040667061914115676,-0.00012244661966384903,0.0405104996576837,3.4115636768130135e-05,0.07041853394397966,1.0000000000000002,13,-0.037376823986926246,0.023212495144490974
2025-10-17,0.029881175898218724,-3.316190856907506e-05,0.029791679162494467,5.6334827155183736e-05,0.10531517117960905,1.0,13,-0.03112061243643734,0.01619171104251005
2025-10-18,-0.01578419659192088,-8.429741235581315e-05,-0.015952746141220383,8.425213694368724e-05,0.05544991126282524,1.0,14,0.016345633970454854,-0.006945945895133088
2025-10-19,-0.021477091174649236,-3.353320006957467e-05,-0.021554984303729072,4.435992901026019e-05,0.0328274600703951,1.0,14,0.021472761096576237,-0.01371111162975236
2025-10-20,-0.016856230295142695,-0.00012728697512969121,-0.0170097792383287,2.6261968056316083e-05,0.08384900748791582,0.9999999999999998,14,0.01703940844099908,-0.017347508246904342
2025-10-21,0.02465709327548472,-3.9079181717139914e-06,0.024586106151322673,6.707920599033266e-05,0.06213345701310812,1.0,14,-0.025759402513589897,0.02006157333355052
2025-10-22,0.0225431335322004,-6.20596104758502e-05,0.022431367156114067,4.97067656104865e-05,0.07900837039731572,1.0,14,-0.02185473030245083,0.006666746725516037
2025-10-23,-0.027274391340921675,6.331741887640046e-05,-0.02727428061836313,6.320669631785257e-05,0.12937913898099518,1.0,14,0.02777039272514043,-0.023192166052895757
2025-10-24,-0.023688878747220504,0.00010174669847587559,-0.023690635359929425,0.00010350331118479615,0.0687995494601211,0.9999999999999999,13,0.02189087130375302,-0.008538898568428044
2025-10-25,-0.004705033604715798,0.0001169296583706918,-0.004643143585913203,5.503963956809688e-05,0.4712309471531524,1.0000000000000002,13,0.005465019064546439,-0.005623374493310518
2025-10-26,-0.04975094215431123,9.071885363982122e-05,-0.05003720805839393,0.00037698475772252196,0.2699138446428599,1.0000000000000002,9,0.042268136739226754,-0.026063407456263787
2025-10-27,0.01847275577634696,0.00018604329703086274,0.018442867997663533,0.0002159310757142879,0.023792690393580812,1.0,8,-0.012577236296838332,0.0037878457053323045
2025-10-28,0.0365035211836122,3.8497835547031765e-05,0.03652298486684437,1.903415231486465e-05,0.40926540838255315,1.0000000000000002,8,-0.028097591421563966,0.010788670580840098
2025-10-29,-0.005184117197407858,-0.00010664855609482772,-0.005618178080208727,0.00032741232670604255,0.18489099982128687,1.0,12,0.0008487628522256581,0.02523984454971262
2025-10-30,0.057948825976674195,-8.875275729743819e-05,0.05771216041951973,0.0001479127998570295,0.0844523571340699,1.0,13,-0.05268351502840552,0.015657504255102483
2025-10-31,-0.018208483318792386,-0.00015920306534194186,-0.01843524826984158,6.756188570725592e-05,0.16544717820125449,1.0000000000000002,13,0.016431770274166868,-0.011950472689318259
2025-11-01,-0.024227377308150402,9.709952126144762e-05,-0.024262635529449957,0.0001323577425610036,0.12281027001627573,0.9999999999999998,14,0.02291972523101555,-0.004471632652502278
2025-11-02,-0.001695871802371752,8.678738809805334e-05,-0.0017073326302867193,9.82482160130206e-05,0.12801424397366062,1.0000000000000002,14,0.0008607870248092477,-0.004068254349042899
2025-11-03,0.102123051360935,-0.00017016758361982834,0.10185047238213624,0.0001024113951789285,0.08958950349476455,1.0,14,-0.10532823465289114,0.035756401426672135
2025-11-04,0.05147740887458687,-5.613979736418572e-05,0.05134959747442688,7.167160279581164e-05,0.07467093246266523,1.0,14,-0.051766035716421736,0.0478084171797567
2025-11-05,-0.04060085079866743,-5.412578777399465e-05,-0.040714713332411556,5.973674597013219e-05,0.049209851449258844,0.9999999999999999,14,0.041729838363077656,-0.023525805246509934
2025-11-06,-0.006301221125584516,-8.211895006353795e-05,-0.006422707956807461,3.9367881159407075e-05,0.1623370057049101,0.9999999999999999,14,0.004821789792904953,0.024378593372304636
2025-11-07,-0.08842133790305758,-3.0855804409335544e-05,-0.08858206331203085,0.0001298696045639281,0.21825158699128858,0.9999999999999998,13,0.1456443957696074,-0.019738296797018107
2025-11-08,0.010515650907649806,0.00014101178876455432,0.010482061426821329,0.00017460126959303087,0.04895471942089345,0.9999999999999997,12,-0.012538166042370815,0.010027568796149633
2025-11-09,-0.02392740837930104,-2.207948270009685e-05,-0.023988651637537852,3.916377553671477e-05,1.096048869111653,1.0,12,0.020337869437407365,-0.02348016462418334
2025-11-10,-0.003850794327703564,-4.0919093006769054e-05,-0.004768552515999656,0.0008768390952893225,1.1461472311456742,1.0,4,0.0007491886320761809,-0.012378834171199893
2025-11-11,0.0339468508900207,-0.00015352,0.03287641310510416,0.0009169177849165394,1.4605118407442639,1.0,1,-0.05973655289532826,0.027938127499025578
2025-11-12,0.008671445783949112,-2.3129764148241213e-05,0.0074799065472054595,0.0011684094725954112,0.12658432082124219,1.0,8,-0.010286142280133146,0.013591467664927581
2025-11-13,0.035389280718580315,1.899188090913651e-05,0.03530700514283246,0.00010126745665699376,0.11235255415539452,1.0,9,-0.032033889387837175,0.019206580726690792
2025-11-14,0.03981216893649761,-4.1186396777599974e-05,0.03968110049639569,8.988204332431563e-05,0.15451430400417854,1.0,8,-0.041740297126043394,0.05127124469290345
2025-11-15,-0.018361927393575252,7.067508749744725e-05,-0.018414863749281148,0.00012361144320334285,0.24544046984109485,1.0,9,0.023321205837841173,-0.010739870685779973
2025-11-16,0.019086500200934695,8.613062485305794e-05,0.01897627844991488,0.00019635237587287588,0.07476422526930608,1.0000000000000002,7,-0.028806563612745997,0.014007909142185637
2025-11-17,0.03006205455787246,0.0002004102140974739,0.03020265339175449,5.981138021544487e-05,0.1631466931135902,1.0,7,-0.02463165137783317,0.021778422592672375
2025-11-18,-0.03305243430004219,0.00017258801319678082,-0.033010363641336284,0.00013051735449087217,0.0650022860679084,1.0,8,0.03311232150121734,-0.008106785635626501
2025-11-19,0.02689535028691975,0.0001505418243934612,0.026993890282458882,5.200182885432672e-05,0.19909801303742242,1.0,8,-0.030193763410154846,0.015153325175506271
2025-11-20,0.04630348768972781,0.0002033779197264107,0.04634758719902428,0.00015927841042993795,0.1256572756471399,1.0,9,-0.049280169403836886,0.053629756231361014
2025-11-21,0.041021572656664,1.3163051207663553e-05,0.04093420988735395,0.00010052582051771194,0.12831861266780287,1.0,10,-0.04431371543268601,0.017410824086936394
2025-11-22,0.0020464908952079345,3.0055154996509543e-05,0.001973891160070202,0.0001026548901342423,0.10645298754321786,1.0,11,-0.0009336986690083712,0.004748893863808723
2025-11-23,-0.018514051621606603,-6.506086584402086e-06,-0.01860572009822558,8.51623900345743e-05,0.06479874207073084,1.0,12,0.01246380587931284,-0.02501257536362278
2025-11-24,-0.049226536539626,3.3203493573202045e-05,-0.049245172039709385,5.183899365658468e-05,0.10489924589886546,1.0,12,0.04689957699681181,-0.01658147837115842
2025-11-25,0.0022214572250551213,-3.596163030188241e-05,0.0021015761980341463,8.391939671909237e-05,0.07513083118618297,1.0,12,-0.0029390986282356196,0.010459267216713086
2025-11-26,-0.02923780781645657,6.506518072004252e-05,-0.029232847300685472,6.0104664948946375e-05,0.056571208767530856,0.9999999999999998,12,0.026811585436542353,-0.03566025873727874
2025-11-27,0.004059241361494148,6.520054947413298e-05,0.004079184943954256,4.5256967014024684e-05,0.19906590686819853,1.0,12,-0.008746572832127526,-0.009444028567605844
2025-11-28,0.01251187321558317,-9.23940906371758e-06,0.012343381081024894,0.00015925272549455882,0.2512400507680086,0.9999999999999999,10,-0.009660090228735358,0.004867885755847623
2025-11-29,0.010569467219254832,-1.9229331486829646e-05,0.010349245847153596,0.00020099204061440687,0.5892303729005381,1.0,12,-0.013481255228043665,0.0009114144756394715
2025-11-30,0.004876392150058293,0.00014935534439842782,0.00455436319613629,0.0004713842983204305,0.48433924207359325,1.0,7,-0.011295074465061386,0.004896160414256556
2025-12-01,0.06199047817650935,-7.161438644795532e-05,0.06153139239640252,0.0003874713936588746,0.2714176230038918,1.0,11,-0.06121790351931675,0.04516134746669087
2025-12-02,-0.0865214241057422,-3.5931707721428376e-05,-0.08677448991186675,0.00021713409840311344,0.1802524399515022,1.0000000000000002,12,0.08257604940661241,-0.05806362590675507
2025-12-03,-0.04507570992202864,0.0001416362877224451,-0.0450782755862674,0.00014420195196120176,1.4881740604662743,1.0,11,0.04444136989842414,-0.02331639435347843
2025-12-04,0.017993301355040882,0.00012682274000856144,0.01692958484667642,0.0011905392483730194,1.0,1.0,2,-0.028479697449124684,0.014371893630852228
2025-12-05,0.0,0.0,-0.0008,0.0008,1.0,0.0,0,-0.041980992333586716,0.029838745603560368
2025-12-06,-0.006020377843060692,-2.6380724172694336e-05,-0.006846758567233387,0.0008,0.5851847973075688,1.0,3,0.010127705063991434,0.00102364806218036
2025-12-07,0.0033170923444876274,-4.109310382991254e-05,0.00280785140281166,0.00046814783784605504,0.6780410394490575,1.0,4,-0.0013349192290431078,-0.012873736926424684
2025-12-08,-0.025919776657221373,0.00011261515580978141,-0.02634959433297084,0.000542432831559246,0.3439419378937441,1.0,7,0.017746685740315977,-0.002937614975416558
2025-12-09,-0.026452232253129086,0.00012764336722805004,-0.02659974243621603,0.0002751535503149953,0.0551589201123754,1.0,5,0.04282148085012733,-0.02237702348947357
2025-12-10,0.027020208544338092,9.85406370468188e-05,0.02707462204529501,4.412713608990032e-05,0.4803152640733776,0.9999999999999999,5,-0.02837472422665335,0.007134190573239496
2025-12-11,0.027521463534457224,-0.00026258210811951164,0.02687462921507901,0.0003842522112587021,0.41199274926299445,1.0,7,-0.018456103828495503,-0.0054361120926313955
2025-12-12,0.01781302084845863,-0.00021198352752800826,0.017271443121520222,0.0003295941994103956,0.2660549607886611,0.9999999999999998,5,-0.022340288040992893,0.02430753426509147
2025-12-13,-0.006536631558556549,-0.0001652861610849102,-0.006914761688272388,0.00021284396863092888,0.515753032916235,1.0,5,0.008140173383911637,0.00042447267858891635
2025-12-14,0.034964392848225,-0.00022291916715853725,0.034328871254733474,0.000412602426332988,0.16472034460154883,1.0,3,-0.031027321493039755,0.022978934775305326
2025-12-15,0.028965901955966752,-0.00025334251190993755,0.028580783168375576,0.00013177627568123907,0.26129221554161075,1.0,3,-0.02821251783728678,0.019620103769002806
2025-12-16,-0.018649846416309214,-0.00016961401599583555,-0.019028494204738337,0.0002090337724332886,0.33349763325797965,1.0,4,0.012443762199006534,-0.016626943658923254
2025-12-17,0.048885567337753996,2.540371595980315e-05,0.04864417294710742,0.0002667981066063837,0.09948853872506178,0.9999999999999999,3,-0.04070262866312173,0.01849901453209346
2025-12-18,0.03111791027467104,-0.0002962790240835072,0.030742040419607486,7.959083098004942e-05,0.7325039978645799,1.0,3,-0.024912098181058075,0.008490561660108531
2025-12-19,-0.06756061974772769,5.176340606711494e-05,-0.06809485953995223,0.0005860031982916639,0.7325039978645798,1.0,6,0.06525586660676105,-0.030774648793666204
2025-12-20,-0.009574017622300314,0.000204142862161559,-0.00995587795843042,0.0005860031982916639,0.8448321640208253,1.0,3,-0.0032738418803338687,-0.0025062429057889357
2025-12-21,0.007312858501841034,4.320096232620302e-05,0.006680193732950577,0.0006758657312166602,0.7950121885572878,0.7950121885572878,1,-0.009698157061151205,-0.003402369543754169
2025-12-22,0.0,0.0,-0.0006360097508458303,0.0006360097508458303,0.0,0.0,0,0.0038233982700869784,0.0004491019653288797
2025-12-23,0.0,0.0,0.0,0.0,0.0,0.0,0,-0.016612916895034618,0.012626790018231748
2025-12-24,0.0,0.0,0.0,0.0,1.0,0.0,0,-0.008971158235036405,-0.00187850862650496
2025-12-25,0.014055569397267473,0.00010957210953854376,0.013365141506806016,0.0008,0.6061553623776582,1.0,2,-0.017558841542536088,0.005072620062469113
2025-12-26,-0.02523050178224663,5.4884496234197836e-05,-0.02566054157591456,0.0004849242899021266,0.684414450280783,1.0,3,0.014124757991588719,-0.0015530586308307726
2025-12-27,-0.0413449090450949,6.1013020573173367e-05,-0.04183142758474635,0.0005475315602246264,1.0,1.0,2,0.03051993875775267,-0.0058544495878292135
2025-12-28,0.0,0.0,-0.0008,0.0008,0.0,0.0,0,-0.002341361285488397,-0.0010372381002261566
2025-12-29,0.0,0.0,0.0,0.0,0.0,0.0,0,-0.02144699382516688,0.008157369441711526
2025-12-30,0.0,0.0,0.0,0.0,0.0,0.0,0,0.0033374639103244596,-0.014357254828659016
2025-12-31,0.0,0.0,0.0,0.0,0.0,0.0,0,-0.016263603312294095,0.009576588401147279
2026-01-01,0.0,0.0,0.0,0.0,0.0,0.0,0,0.051135715367828335,-0.013603749420716404
2026-01-02,0.0,0.0,0.0,0.0,0.0,0.0,0,0.04741771192380849,-0.012966216216216075
2026-01-03,0.0,0.0,0.0,0.0,0.0,0.0,0,0.010011150774932103,-0.007163868488984093
2026-01-04,0.0,0.0,0.0,0.0,0.0,0.0,0,0.026420568889259897,-0.009948584812982553
2026-01-05,0.0,0.0,0.0,0.0,0.0,0.0,0,0.03171910374780434,-0.025413920222608022
2026-01-06,0.0,0.0,0.0,0.0,0.0,0.0,0,0.007218135819058716,0.0012193250225958074
2026-01-07,0.0,0.0,0.0,0.0,0.0,0.0,0,-0.037808067041009155,0.025398044990822544
2026-01-08,0.0,0.0,0.0,0.0,0.0,0.0,0,-0.012717961444442507,0.0029366678346181008
2026-01-09,0.0,0.0,0.0,0.0,0.0,0.0,0,-0.002613706694614613,0.0050098945967375075
2026-01-10,0.0,0.0,0.0,0.0,0.0,0.0,0,-0.00271586538131444,0.00147896993055463
2026-01-11,0.0,0.0,0.0,0.0,0.0,0.0,0,-0.0003535337566929951,-0.005469240496254857
2026-01-12,0.0,0.0,0.0,0.0,0.0,0.0,0,-0.01248424061603613,-0.0031682724230579495
2026-01-13,0.0,0.0,0.0,0.0,0.0,0.0,0,0.06844986660136257,-0.04517789082174084
2026-01-14,0.0,0.0,0.0,0.0,0.0,0.0,0,-0.007454677974780666,-0.016070215318028103
2026-01-15,0.0,0.0,0.0,0.0,0.0,0.0,0,-0.03609356507403293,0.013833753491717338
2026-01-16,0.0,0.0,0.0,0.0,0.0,0.0,0,0.004505806553971203,0.0006654996008049752
2026-01-17,0.0,0.0,0.0,0.0,0.0,0.0,0,0.0006426761473069849,0.0041443420516692475
2026-01-18,0.0,0.0,0.0,0.0,0.8930972303368422,0.0,0,-0.03928112415192612,0.01570742283238291
2026-01-19,0.01137674608275202,-0.00020738610785651812,0.01045488219062603,0.0007144777842694737,0.3339180845588319,0.8930972303368422,1,-0.018583215248941163,0.010942807699703017
2026-01-20,0.010501556636897502,-0.00013768668106491948,0.010096735488185517,0.00026713446764706553,0.1910752650303762,0.5591791457780103,1,-0.051838582666844914,0.04535066573351654
2026-01-21,-0.015394738883744378,-0.000368307392809945,-0.015915906488578626,0.00015286021202430097,0.1829688779054751,0.7502544108083865,1,0.02245367315493876,-0.011548739345586423
2026-01-22,-0.013842862006221191,4.160472098309952e-05,-0.013947632387562471,0.0001463751023243801,0.5672855329029114,0.5672855329029114,1,-0.008145484444476683,-0.001197833833269657
2026-01-23,0.0,0.0,-0.00045382842632232914,0.00045382842632232914,0.0,0.0,0,-0.0014178495646166103,-0.0004490691868161978
2026-01-24,0.0,0.0,0.0,0.0,0.0,0.0,0,-0.00256964657689755,0.004220695476821357
2026-01-25,0.0,0.0,0.0,0.0,0.8825286551465558,0.0,0,-0.04216850356264851,0.028613814423972928
2026-01-26,-0.009847204078131853,-8.710557826296506e-05,-0.010640332580512064,0.0007060229241172447,0.11747134485344424,0.8825286551465558,1,0.027672143665483144,-0.019297255303946104
2026-01-27,-0.03730736634553855,1.873e-05,-0.0373826134214213,9.39770758827554e-05,0.1623355356225199,1.0,1,0.017471035840939515,-0.010160746359594297
2026-01-28,0.01238884149636222,-2.680526286007939e-06,0.012256292541578196,0.00012986842849801593,0.22070499803391452,0.8376644643774801,1,-0.005848110248219534,-0.000716385381702267
2026-01-29,0.03882165782431626,1.1129948772837923e-05,0.03865622377466196,0.00017656399842713163,0.4138304281796577,0.6169594663435656,1,-0.06227212143398963,0.05217243229739066
2026-01-30,0.005411452488754632,6.775835139290709e-05,0.005148146497603813,0.0003310643425437262,0.11504781988914076,1.0,2,-0.02073691721152255,0.004648677910328858
2026-01-31,0.08557933667572369,6.31720668811829e-05,0.08555047048669356,9.203825591131261e-05,1.176517815076832,1.0,2,-0.08678312126448115,0.0653664468231141
2026-02-01,0.02138625529293447,-0.00021698751336569937,0.020228053527507308,0.0009412142520614657,0.5531218428034688,1.0000000000000002,9,-0.027797274729558157,0.022555865566888822
2026-02-02,-0.033175224702081965,-0.00011303005441334706,-0.03373075223073809,0.000442497474242775,0.12503733982286694,1.0000000000000002,14,0.032808274298178466,-0.022890493490962838
2026-02-03,0.02571342426509966,-3.396932946835669e-05,0.02557942506377301,0.00010002987185829356,0.21424330738288028,1.0,13,-0.027162710922343902,0.03761603710645878
2026-02-04,0.023261257560767582,7.636554407265202e-07,0.023090626570302003,0.00017139464590630422,0.1403880427521285,1.0000000000000002,14,-0.026602762003827447,0.034265387073432296
2026-02-05,0.15288788769340253,1.1021936275153583e-05,0.15278659919547596,0.00011231043420170279,0.07782761369304239,0.9999999999999998,14,-0.15099395703192522,0.14041106191907282
2026-02-06,-0.12497034133629918,-0.0003055157800118969,-0.12533811920726554,6.226209095443392e-05,0.0510247747782431,1.0,14,0.12312824224747719,-0.1221032606361574
2026-02-07,0.005634416274707459,-4.024507337850101e-05,0.005553351381506364,4.081981982259448e-05,0.03679789878852901,1.0000000000000002,14,-0.005876278632085318,0.018290582540098854
2026-02-08,0.00980389191189148,-0.00015313547624887344,0.009621318116611781,2.9438319030823208e-05,0.050557330995164254,1.0000000000000002,14,-0.011323894638438232,-0.014929058454216548
2026-02-09,0.00018464059963467207,-7.651978636860951e-05,6.767494846993115e-05,4.0445864796131404e-05,0.019858469161566993,0.9999999999999999,14,-0.00033286890746554124,0.0025267435028121232
2026-02-10,0.03047318335078478,-0.0001283218008451893,0.03032897477461034,1.5886775329253596e-05,0.03902822242004444,1.0000000000000002,14,-0.031116307849939216,0.018616327083675
2026-02-11,0.02614153688960343,-0.0001233066143754982,0.025987007697291894,3.122257793603555e-05,0.04108216172935792,1.0000000000000002,14,-0.026010452312274827,0.025447167587380748
2026-02-12,-0.009305996177822226,-2.325675437407139e-05,-0.009362118661579783,3.286572938348634e-05,0.042339935127179214,1.0,14,0.01092943394960401,0.012099131451478007
2026-02-13,-0.045403718117942915,2.7272838977439322e-05,-0.04541031722706722,3.387194810174337e-05,0.0852918045226079,1.0,14,0.04560826350901045,-0.038923299181348625
2026-02-14,-0.056244670561263393,5.635445752585949e-05,-0.05625654954735562,6.823344361808633e-05,0.18317573570320037,1.0,14,0.05546522051365714,-0.014151101036739888
2026-02-15,0.03613025085687236,-1.1228942819449035e-05,0.03597248132549035,0.0001465405885625603,0.11152448759042065,1.0,14,-0.038419234436582926,0.014306100402032174
2026-02-16,-0.010016641540415967,-6.864569817802267e-05,-0.010174506828666326,8.921959007233652e-05,0.044992608589767474,0.9999999999999999,14,0.009388048707287695,-0.0009535313364410491
2026-02-17,0.014025953625735076,6.01684724574516e-06,0.013995976386109006,3.5994086871813984e-05,0.076682900030539,1.0000000000000002,14,-0.013991958778019144,0.02013577781811593
2026-02-18,0.025117474966599655,-3.493136309886523e-05,0.02502119728347636,6.134632002443121e-05,0.047854726753132494,1.0,14,-0.025226353577438743,0.015607053777718982
2026-02-19,0.002385310812071317,-0.0001300324781050938,0.0022169945525637173,3.8283781402506e-05,0.2446839636931742,1.0,14,-0.0031455407687302006,-0.008298355383994593
2026-02-20,-0.02975625298133297,-1.1918171747836039e-05,-0.029963918324035343,0.00019574717095453936,0.1821341390939833,1.0000000000000002,11,0.029621447322704903,-0.01501030250544999
2026-02-21,0.0014954336113833034,5.361557466677691e-05,0.0014033418747748938,0.00014570731127518664,0.05429652964462427,1.0000000000000002,13,-0.0030574504429415816,0.0006796186486179856
2026-02-22,0.021194344181296006,-0.0001223312928724002,0.021028575664707908,4.343722371569941e-05,0.1298063894168473,0.9999999999999998,13,-0.023211956518043426,0.004704628524239363
2026-02-23,0.0471674306915201,-0.0001933824820958595,0.046870203097890764,0.00010384511153347784,0.12802689813643667,1.0,14,-0.04938357998243969,0.04418792105126934
2026-02-24,0.01089494260150513,-0.00012395339222585192,0.010668567690770129,0.00010242151850914934,0.06449444340546188,1.0,14,-0.010970825996789437,0.009199112428782352
2026-02-25,-0.10476437127526642,1.620515694452744e-05,-0.10479976167304625,5.159555472436951e-05,0.6034301282418566,0.9999999999999999,14,0.11585730003175772,-0.06123880039917973
2026-02-26,0.01837033975947095,-4.608008709292992e-07,0.017887134856006535,0.0004827441025934853,0.3196748388102638,1.0,8,-0.02442157358452974,0.007421360509179298
2026-02-27,0.033320070886259504,-8.284233143890738e-05,0.03298148868377238,0.00025573987104821104,0.04272712026502049,0.9999999999999999,11,-0.03285633008976774,0.023902787620722177
2026-02-28,-0.006288903928362075,-0.00020783265411747286,-0.006530918278691564,3.418169621201639e-05,0.3640127212107354,1.0,11,0.012189400453742418,-0.016724892156267268
2026-03-01,0.01683202257281636,-0.0001648927100428182,0.01637591968580495,0.00029121017696858836,0.21062226623729263,1.0,8,-0.019734946297164744,0.017734559758340374
2026-03-02,-0.03300516317834753,-0.00018113951366330783,-0.03335480050500067,0.0001684978129898341,1.27642109819995,1.0000000000000002,8,0.04021026592618615,-0.046415209125475254
2026-03-03,0.00422231462233141,-0.0003980085361865055,0.0028031692075849443,0.00102113687855996,0.7086659111772446,1.0,2,-0.009828259913393787,0.0073617260013546515
2026-03-04,-0.05208333333333348,7.593e-05,-0.052574336062275275,0.0005669327289417957,0.0,1.0,1,0.046593139235231076,-0.06363688277231372
2026-03-05,0.011422570828511391,0.00013527,0.011557840828511391,0.0,0.02974312646812538,1.0,1,-0.020617591613150243,0.024594790298644975
2026-03-06,0.02524026638856787,0.00010754327186227298,0.02532401515925564,2.3794501174500307e-05,0.02974312646812538,0.9702568735318746,1,-0.04184690516933775,0.039119438626599834
2026-03-07,-0.0011573816465979547,0.00010234,-0.001078836147772455,2.3794501174500307e-05,1.0,1.0,1,-0.014612039883166767,0.012497980406268705
2026-03-08,0.0,0.0,-0.0008,0.0008,1.0,0.0,0,-0.01431895418566899,0.01930327923715014
2026-03-09,-0.003365254313849597,4.242e-05,-0.004122834313849597,0.0008,0.6803335752401216,1.0,1,0.021837454245444705,-0.03730683422740522
2026-03-10,0.009965513840186076,-0.0002518319438369276,0.00916941503615705,0.0005442668601920973,0.05632196556438729,1.0,2,0.009134808454425738,-0.02204576125718427
2026-03-11,-0.016689377822587188,-0.00017830212024855563,-0.016912737515287254,4.505757245150983e-05,0.03982148611834563,1.0,2,0.006965289204732693,-0.0035492597483044452
2026-03-12,-0.00822416400178518,4.1968459268832114e-05,-0.008214052731411023,3.18571888946765e-05,0.5813586688970303,1.0,2,0.009607807808774025,-0.00470563079116193
2026-03-13,-0.01094501764435959,9.296353695356214e-05,-0.01131714104252365,0.0004650869351176242,0.2150409405710344,0.884524614210867,1,0.0037497116362972976,-0.005893862239128467
2026-03-14,-0.009708981242486474,3.6393132499061306e-05,-0.00984462086244424,0.00017203275245682753,0.6694836736398326,0.6694836736398326,1,0.0017307637485061383,-0.003933959137039755
2026-03-15,0.0,0.0,-0.0005355869389118661,0.0005355869389118661,1.0,0.0,0,0.0246449951119693,-0.02254321778617041
2026-03-16,-0.01968722035198356,9.672e-05,-0.020390500351983556,0.0008,0.047421734169191376,1.0,1,0.060621880158956386,-0.028407958900175778
2026-03-17,0.01642101778825727,3.7912614980066185e-05,0.016420993015901983,3.79373873353531e-05,0.014722766403649334,0.9525782658308086,1,-0.016476313683570085,0.013013317941811486
2026-03-18,0.027497772493994616,-0.00010101641584329934,0.027384977865028397,1.1778213122919469e-05,0.06214450057284071,0.9378554994271593,1,-0.04284383503935956,0.036136635604095746
2026-03-19,0.002672274061418567,0.00012073,0.0027432884609602942,4.971560045827257e-05,0.0,1.0,1,-0.021679931278312938,0.018475371087413595
2026-03-20,-0.04153123078274623,0.00013336,-0.04139787078274623,0.0,0.12529704959052013,1.0,1,0.009081609894381884,-0.008374900196602031
2026-03-21,0.02228119613045689,9.403931419852317e-05,0.022274997804982998,0.0001002376396724161,0.12529704959052013,0.8747029504094799,1,-0.027173436488964642,0.022578956106407144
2026-03-22,-0.0107108081791627,4.7940000000000005e-05,-0.010763105818835116,0.0001002376396724161,0.003155593892206987,1.0,1,-0.015118969623765728,0.015256636397290912
2026-03-23,-0.022536238339752303,0.0002271908085960271,-0.022311572006270042,2.52447511376559e-06,0.1579165526549905,0.996844406107793,1,0.04819327509021135,-0.04474824046964043
2026-03-24,0.0011591767853260872,7.518471422644017e-05,0.001108028257428535,0.0001263332421239924,0.07388872554853343,0.8389278534528025,1,0.00386720055679365,0.004826016462078364
2026-03-25,0.007118821119255761,-0.0001119843379118839,0.00694772580090505,5.9110980438826746e-05,0.912816579001336,0.912816579001336,1,0.004936591418397125,-0.010969330964396562
2026-03-26,0.0,0.0,-0.0007302532632010688,0.0007302532632010688,0.0,0.0,0,-0.04327236319016568,0.0351975875731968
2026-03-27,0.0,0.0,0.0,0.0,0.5993000636426125,0.0,0,-0.03123273618641977,0.03523579694132706
2026-03-28,0.02789105308121938,-0.00039264941569736684,0.027018963614607924,0.00047944005091409,0.04721600007187299,0.5993000636426125,1,-0.0016825847789137538,0.00044300993607993
2026-03-29,-0.0008091565252997622,-0.0004113781713415271,-0.001258307496698788,3.777280005749839e-05,0.6465160637144854,0.6465160637144854,1,-0.012829802196460603,0.005380283049018164
2026-03-30,0.0,0.0,-0.0005172128509715884,0.0005172128509715884,0.0,0.0,0,0.013271175736912102,-0.011920658281030505
2026-03-31,0.0,0.0,0.0,0.0,0.0,0.0,0,0.015349664416932942,-0.022124066119069585
2026-04-01,0.0,0.0,0.0,0.0,0.0,0.0,0,0.003350393823966196,0.002271345149212678
2026-04-02,0.0,0.0,0.0,0.0,0.0,0.0,0,-0.028212239729849948,0.017889008834350406
2026-04-03,0.0,0.0,0.0,0.0,0.0,0.0,0,0.012761602727812762,-0.0009197155611386787
2026-04-04,0.0,0.0,0.0,0.0,0.0,0.0,0,0.0066371739797899355,-0.005094875242791064
2026-04-05,0.0,0.0,0.0,0.0,0.0,0.0,0,0.007735358067434028,-0.02567079425012264
2026-04-06,0.0,0.0,0.0,0.0,0.0,0.0,0,-0.006743933328560547,0.0026087750496753825
2026-04-07,0.0,0.0,0.0,0.0,0.0,0.0,0,0.0557591304028827,-0.04464390805299212
2026-04-08,0.0,0.0,0.0,0.0,0.0,0.0,0,-0.026385116271821687,0.01185279773877368
2026-04-09,0.0,0.0,0.0,0.0,0.0,0.0,0,0.012510059900274888,-0.01002701367294434
2026-04-10,0.0,0.0,0.0,0.0,0.0,0.0,0,0.008281205027560674,-0.016264717687985097
2026-04-11,0.0,0.0,0.0,0.0,0.0,0.0,0,-9.193326199715055e-05,-0.001316558187757666
2026-04-12,0.0,0.0,0.0,0.0,0.0,0.0,0,-0.037442025193503495,0.03153256799436799
2026-04-13,0.0,0.0,0.0,0.0,0.0,0.0,0,0.0549817464605467,-0.05195648207989967
2026-04-14,0.0,0.0,0.0,0.0,0.0,0.0,0,-0.023300408251780425,0.0037386569872959186
2026-04-15,0.0,0.0,0.0,0.0,0.0,0.0,0,0.021770634938072075,-0.009031547669650308
2026-04-16,0.0,0.0,0.0,0.0,0.0,0.0,0,0.03768126632901026,-0.004421192839432875
2026-04-17,0.0,0.0,0.0,0.0,0.0,0.0,0,0.001833182397331942,-0.0256141920571773
2026-04-18,0.0,0.0,0.0,0.0,0.0,0.0,0,-0.0327614739312726,0.01787341653836272
2026-04-19,0.0,0.0,0.0,0.0,0.0,0.0,0,-0.02750309163561678,0.025053599422633188
2026-04-20,0.0,0.0,0.0,0.0,0.0,0.0,0,0.023007661786909748,-0.02754533720905017
2026-04-21,0.0,0.0,0.0,0.0,0.0,0.0,0,0.0066606638831273835,-0.00657209846668616
2026-04-22,0.0,0.0,0.0,0.0,0.0,0.0,0,0.0030819854171448835,-0.02427111925566483
2026-04-23,0.0,0.0,0.0,0.0,0.0,0.0,0,-0.0014705555787921892,-0.000985413323300044
2026-04-24,0.0,0.0,0.0,0.0,0.0,0.0,0,0.0003412122349951458,0.010501580223174711
2026-04-25,0.0,0.0,0.0,0.0,0.0,0.0,0,-0.0038578842601268426,-0.002449757995953261
2026-04-26,0.0,0.0,0.0,0.0,0.0,0.0,0,0.008038675925658116,-0.013256428433331191
2026-04-27,0.0,0.0,0.0,0.0,0.0,0.0,0,-0.016435122384859686,0.016311447779325472
2026-04-28,0.0,0.0,0.0,0.0,0.0,0.0,0,-0.004313306426785306,0.013359420259869137
2026-04-29,0.0,0.0,0.0,0.0,0.0,0.0,0,-0.005742741756671277,0.007184975772660307
2026-04-30,0.0,0.0,0.0,0.0,0.0,0.0,0,0.0020799561620426826,-0.00733334301431432
