open_time,gross_ret,net_ret,long_side_ret,short_side_ret,eq_basket,btc_bnh,turnover_long,turnover_short,fee_lag,short_funding_drag,long_capital,short_capital,active_long_syms,active_short_syms
2024-05-30,0.0,0.0,0.0,0.0,-0.014041615543710076,0.010575194240523,0.0,0.0,0.0,0.0,0.0,0.0,0,0
2024-05-31,0.03083533643811384,0.030735336438113842,0.02150871976632395,0.00932661667178989,-0.004704843100540186,-0.012055114944629297,0.05135923313558166,0.09787203787792165,0.0,9.999999999999999e-05,1.0,0.9999999999999999,2,2
2024-06-01,0.0024666733823360677,0.002247288365525265,0.004770352250461777,-0.0023036788681257093,0.006319833704952086,0.0032747392268774878,0.06500031595334022,0.07387039908528414,0.00011938501681080265,0.0001,1.0,1.0,2,2
2024-06-02,-0.0023318347050458217,-0.002542931277076721,-0.014284023660483635,0.011952188955437813,-0.011866260155439654,9.882122502924418e-05,0.03557416436661548,0.9610707244807619,0.00011109657203089949,0.0001,1.0,1.0,2,2
2024-06-03,-0.03830304191785748,-0.039200357828935384,-0.022223368440324312,-0.01607967347753316,0.007065558022132966,0.015419012209851868,0.0706359648637091,0.3778431702276617,0.0007973159110779019,0.0001,1.0,1.0,2,4
2024-06-04,-0.03709278146247405,-0.03755156477054715,0.007218713610114415,-0.04431149507258846,0.028657375437086432,0.02510624330078981,0.05436251282350257,0.33852625212585186,0.00035878330807309665,0.0001,0.9999999999999999,1.0,2,5
2024-06-05,-0.013662236738569039,-0.014076547750528521,0.005870184919802723,-0.01953242165837176,0.013243629324457924,0.007839331255313109,0.17099400924825348,0.8714449212315277,0.00031431101195948354,9.999999999999999e-05,0.9999999999999999,0.9999999999999999,2,4
2024-06-06,0.02307979220866269,0.022145841064278866,-0.022122954225551054,0.04520274643421374,-0.015975528965704772,-0.004263825803104915,0.40828030608831367,0.04737643665196789,0.000833951144383825,0.0001,1.0,1.0,2,2
2024-06-07,0.047096309066262575,0.04663178367207035,-0.041286685786549794,0.08838299485281237,-0.04572036216155121,-0.020513906536778204,0.40828030608831356,0.01412214885743518,0.0003645253941922253,0.0001,1.0,1.0,3,2
2024-06-08,0.035886213717383264,0.03544829175342666,-0.012774823258895628,0.04866103697627889,-0.01975773341055221,-0.00043962696570909454,0.1039273057627621,0.5286940424572878,0.000337921963956599,0.0001,0.9999999999999999,1.0,2,2
2024-06-09,0.0065293807936412165,0.005923283715065176,0.017118972165034056,-0.010589591371392839,0.012024779803697634,0.004623160505577095,0.5799226223877145,0.5286940424572878,0.0005060970785760399,0.00010000000000000003,1.0,1.0000000000000002,2,3
2024-06-10,0.014209292607301272,0.01322239927542527,-0.014928144748987592,0.02913743735628886,-0.0221185746899725,-0.0015559711829544742,0.0745807351331364,0.006460465022624207,0.0008868933318760018,0.0001,1.0,1.0,4,2
2024-06-11,0.005828334230864384,0.005663501270739776,-0.0476627545298758,0.053491088760740185,-0.045690442972398305,-0.032174264326389035,0.6545033575208508,0.8835692086179394,6.483296012460849e-05,9.999999999999999e-05,1.0,0.9999999999999999,4,2
2024-06-12,0.000397778813329145,-0.0009326792395818872,0.0398477777071686,-0.03944999889383946,0.038068498677919727,0.014105616845933033,0.5062689236918461,0.8835692086179395,0.0012304580529110321,0.0001,1.0,1.0,2,4
2024-06-13,0.04698377608526729,0.04577190557941946,-0.04016633703402735,0.08715011311929463,-0.04480932986450858,-0.02172833574775579,0.07259134224191385,0.04133388988472331,0.0011118705058478285,0.0001,1.0,1.0,3,2
2024-06-14,0.028747764260526047,0.02855662407482474,-0.013661327874410111,0.04240909213493616,-0.02297225309717518,-0.011187822761649313,0.95573756842282,1.243372510725444,9.114018570130973e-05,0.0001,0.9999999999999999,1.0,3,2
2024-06-15,0.004088410709252658,0.002229122645934047,0.018627071307784154,-0.014538660598531494,0.014754129499782442,0.002634778777008462,0.2578788008532963,0.41111018422715867,0.0017592880633186113,9.999999999999998e-05,0.7421211991467037,0.9999999999999998,1,7
2024-06-16,-0.005495233746853356,-0.006130424934917719,0.015440584998893003,-0.02093581874574636,0.01230565187855793,0.006643640213430224,0.07468160135429236,0.48745781609656047,0.000535191188064364,9.999999999999999e-05,1.0,0.9999999999999999,1,5
2024-06-17,0.027455260343222695,0.026905548809262013,-0.028962811183789884,0.05641807152701259,-0.04062875892202294,-0.0027230337146080252,0.31828971040182763,0.08417608214094315,0.0004497115339606823,0.00010000000000000005,0.9253183986457076,1.0000000000000004,1,6
2024-06-18,0.05894465871029696,0.05852268607626274,-0.004708089017996073,0.06365274772829303,-0.05359495680280828,-0.019889547644801442,0.07283655457029214,0.543979872259973,0.00032197263403421664,0.0001,0.60702868824388,1.0,1,6
2024-06-19,0.000567217493540475,-2.6235647923737078e-05,0.014937223168246723,-0.01437000567470625,0.009868666798013364,-0.0033215656178050557,0.6798652428141722,0.34884313674136336,0.0004934531414642121,0.0001,0.6798652428141722,1.0,1,10
2024-06-20,-0.005021081641041746,-0.005944048344686175,0.0,-0.005021081641041746,-0.000917134282109893,-0.0012258676555743087,0.0,0.16494054151270243,0.0008229667036444284,0.0001,0.0,1.0,0,12
2024-06-21,0.004905674928525494,0.004673722495315332,0.0,0.004905674928525494,-0.00987673026403918,-0.011256052055385934,0.0,0.03931460330607228,0.00013195243321016196,9.999999999999999e-05,0.0,0.9999999999999999,0,13
2024-06-22,0.009541945894351846,0.009410494211706989,0.0,0.009541945894351846,-0.00779106370162741,0.001808995072047903,0.0,0.19427061464607642,3.1451682644857824e-05,9.999999999999999e-05,0.0,0.9999999999999999,0,13
2024-06-23,0.023170218773049228,0.02291480228133237,0.0,0.023170218773049228,-0.023758423192160268,-0.01626867995018677,0.0,0.0758812186215524,0.00015541649171686115,0.0001,0.0,1.0,0,12
2024-06-24,-0.0022166732683006965,-0.0023773782431979382,0.0,-0.0022166732683006965,0.002722532653301048,-0.046226831595587714,0.0,0.1932887222702661,6.070497489724192e-05,9.999999999999999e-05,0.0,0.9999999999999999,0,12
2024-06-25,-0.032989601701674406,-0.03324423267949062,0.0,-0.032989601701674406,0.03462831828455643,0.024956199729234685,0.0,0.12655307879929556,0.0001546309778162129,0.0001,0.0,1.0,0,13
2024-06-26,0.015231365936672589,0.015030123473633153,0.0,0.015231365936672589,-0.014440456246869309,-0.014854850771636507,0.0,0.15385703138371695,0.00010124246303943646,9.999999999999998e-05,0.0,0.9999999999999997,0,12
2024-06-27,-0.035056292418444525,-0.0352793780435515,0.0,-0.035056292418444525,0.034882154935678714,0.013504742844655304,0.0,0.26711122423722555,0.00012308562510697358,9.999999999999998e-05,0.0,0.9999999999999998,0,13
2024-06-28,0.031189731609489027,0.030876042630099246,0.0,0.031189731609489027,-0.02721487815742995,-0.020300898155053315,0.0,0.08341153108039115,0.00021368897938978045,0.0001,0.0,1.0,0,11
2024-06-29,-0.005678976746134633,-0.005845705970998946,0.0,-0.005678976746134633,0.00292665523107849,0.00914449493461822,0.0,0.13917768084374288,6.672922486431292e-05,0.0001,0.0,1.0,0,11
2024-06-30,-0.03673683119878016,-0.036948173343455154,0.0,-0.03673683119878016,0.0333267605646157,0.02924778296688868,0.0,0.39478471332056586,0.00011134214467499431,0.00010000000000000003,0.0,1.0000000000000002,0,11
2024-07-01,-0.00020742658164793308,-0.0006232543523043858,0.0,-0.00020742658164793308,-0.0030821335687782098,0.0018736258483891266,0.0,0.29057124942254214,0.0003158277706564527,0.0001,0.0,1.0,0,8
2024-07-02,-0.007706213491488988,-0.00803867049102702,0.0,-0.007706213491488988,0.011911513246670724,-0.01208582205853359,0.6837782201113595,0.2812714788459486,0.00023245699953803372,0.00010000000000000003,0.0,1.0000000000000002,0,10
2024-07-03,0.048620215454617394,0.04774817569545155,-0.018798588408512153,0.06741880386312954,-0.06169601793313791,-0.03083530252593214,0.6837782201113595,0.4829519980646608,0.0007720397591658465,0.0001,0.6837782201113595,1.0,1,8
2024-07-04,0.07863115533318897,0.07759777115864815,0.0,0.07863115533318897,-0.08264172000941092,-0.05251959872442202,0.0,0.24215125422038936,0.0009333841745408161,9.999999999999999e-05,0.0,0.9999999999999999,0,12
2024-07-05,0.010151414635421097,0.009857693632044785,0.0,0.010151414635421097,-0.008546136371173987,-0.007730616924266243,0.0,0.10451365579990973,0.0001937210033763115,9.999999999999998e-05,0.0,0.9999999999999997,0,14
2024-07-06,-0.06250094656526804,-0.06268455748990798,0.0,-0.06250094656526804,0.06426544644218686,0.028462200268881244,0.0,0.23442158757172707,8.36109246399278e-05,0.00010000000000000003,0.0,1.0000000000000002,0,14
2024-07-07,0.07386080171327529,0.0735732644432179,0.0,0.07386080171327529,-0.07484942999404957,-0.04096983647107322,0.0,0.1436305899546556,0.00018753727005738167,0.0001,0.0,1.0,0,12
2024-07-08,-0.03677590624829373,-0.03699081072025746,0.0,-0.03677590624829373,0.03465230573963574,0.01532305587049465,0.0,0.2175305476275912,0.00011490447196372449,9.999999999999999e-05,0.0,0.9999999999999999,0,13
2024-07-09,-0.01215308608639953,-0.012427110524501604,0.0,-0.01215308608639953,0.013245889737785359,0.023582376019644746,0.0,0.0676290229235812,0.00017402443810207296,0.0001,0.0,1.0,0,11
2024-07-10,-0.008412397427262214,-0.008566500645601077,0.0,-0.008412397427262214,0.006858291192561753,-0.005449544320202948,0.0,0.17811909464692122,5.410321833886496e-05,0.0001,0.0,1.0,0,11
2024-07-11,0.001285995519082134,0.0010435002433645969,0.0,0.001285995519082134,-0.00144162069405234,-0.00678427227199474,0.670729954246606,0.3313562100780847,0.000142495275717537,0.0001,0.0,1.0,0,10
2024-07-12,0.013640555192167418,0.012738886260707665,0.03473967676113049,-0.02109912156896307,0.02964567502442658,0.009674520853870217,0.5461021709299023,0.31451545573226647,0.0008016689314597525,0.0001,0.670729954246606,1.0,1,8
2024-07-13,0.062117085228266145,0.06132859112693641,0.08125347083395602,-0.019136385605689907,0.026448325137584106,0.022533264212891035,0.30858081134747994,0.5680152051672985,0.0006884941013297351,9.999999999999998e-05,1.0,0.9999999999999998,2,9
2024-07-14,-0.05192712889403691,-0.05272840570724874,-0.015029429528526476,-0.036897699365510434,0.019927260366834582,0.02690370770946693,0.24829689192183216,0.5667964586056099,0.0007012768132118228,0.0001,1.0,1.0,2,5
2024-07-15,-0.08317423839089488,-0.08392631307131684,0.0372365912515605,-0.12041082964245539,0.07433034204104837,0.06442089326267975,0.4297220650338211,1.0,0.0006520746804219537,0.0001,1.0,1.0,3,3
2024-07-16,0.03028005247300096,0.029136274820973904,0.03028005247300096,0.0,0.008649891487773065,0.0050927171362047385,0.2508740904420147,0.5486058575028707,0.001143777652027057,0.0,1.0,0.0,5,0
2024-07-17,0.03376327647885171,0.03306883193474552,0.026849157000558448,0.006914119478293251,-0.012827035119122135,-0.014679280110752257,0.21112708489197934,0.001419556720582582,0.0006395839583559084,5.4860585750287074e-05,1.0000000000000002,0.5486058575028707,5,1
2024-07-18,-0.04507789433609101,-0.045302934190803404,-0.04201247377122809,-0.0030654205648629257,-0.0005019448756674991,-0.0014955733837893614,0.5465830482585391,0.5500254142234533,0.00017003731329004955,5.500254142234533e-05,1.0000000000000002,0.5500254142234533,6,1
2024-07-19,0.03895961018566344,0.03808232341567785,0.03895961018566344,0.0,0.03917565970228557,0.041713636200181536,0.1425452260678023,0.0,0.0008772867699855941,0.0,1.0000000000000004,0.0,10,0
2024-07-20,0.018543009976230432,0.01842897379537619,0.018543009976230432,0.0,0.01538056160962806,0.007019581886867465,0.12541279095149072,0.0,0.00011403618085424184,0.0,1.0,0.0,11,0
2024-07-21,0.037608542717838665,0.03750821248507747,0.037608542717838665,0.0,0.03263887301963041,0.015536041111488652,0.17454320409658636,0.0,0.00010033023276119257,0.0,0.9999999999999998,0.0,11,0
2024-07-22,-0.028163281778199965,-0.028302916341477233,-0.028163281778199965,0.0,-0.03118481719243483,-0.00937509172561568,0.22298606089465872,0.0,0.0001396345632772691,0.0,0.9999999999999998,0.0,12,0
2024-07-23,-0.04207941715700059,-0.04225780600571631,-0.04207941715700059,0.0,-0.027071993716923,-0.023449166804939914,0.14215858127061934,0.0,0.00017838884871572698,0.0,0.9999999999999999,0.0,10,0
2024-07-24,-0.009146835073404934,-0.00926056193842143,-0.009146835073404934,0.0,-0.01673227980611221,-0.008580565686232777,0.2576323251458786,0.0,0.00011372686501649547,0.0,1.0000000000000002,0.0,11,0
2024-07-25,-0.021496185990422877,-0.02170229185053958,-0.021496185990422877,0.0,-0.02278154800686707,0.006460517698329671,0.30827968459621846,0.0,0.00020610586011670287,0.0,1.0,0.0,10,0
2024-07-26,0.046724120371842745,0.04647749662416577,0.046724120371842745,0.0,0.04879244546012656,0.03207243093670664,0.4066300560334513,0.0,0.00024662374767697476,0.0,1.0,0.0,8,0
2024-07-27,-0.01163572988008043,-0.01196103392490719,-0.01163572988008043,0.0,-0.007430343786280135,-0.00012816263396309147,0.16321604677806414,0.0,0.00032530404482676107,0.0,0.9999999999999999,0.0,11,0
2024-07-28,-0.004405155690145029,-0.00453572852756748,-0.004405155690145029,0.0,-0.006356708804472699,0.005034343148608178,0.1385353390452973,0.0,0.0001305728374224513,0.0,1.0,0.0,11,0
2024-07-29,-0.004833688157765911,-0.004944516429002148,-0.004833688157765911,0.0,-0.0034986722931587316,-0.02148338720671983,0.2652583085663869,0.0,0.00011082827123623785,0.0,1.0,0.0,11,0
2024-07-30,-0.0034046605004163432,-0.003616867147269453,-0.0034046605004163432,0.0,-0.010213190180424579,-0.00884943820224715,0.2848997514201337,0.0,0.0002122066468531095,0.0,1.0,0.0,9,0
2024-07-31,-0.025964613217639147,-0.026192533018775253,-0.025964613217639147,0.0,-0.027572269611108115,-0.023541663832598037,0.5234145091735118,0.5124742407171874,0.00022791980113610695,0.0,1.0,0.0,7,0
2024-08-01,-0.02071316061888411,-0.021593119042868387,-0.02544067157849995,0.004727510959615839,-0.014189807116512076,0.011255104346937772,0.5780029292773355,0.021730180775979435,0.0008287109999125594,5.124742407171874e-05,1.0,0.5124742407171874,4,1
2024-08-02,-0.03021845103743099,-0.030751657967622956,-0.06585132271192606,0.035632871674495074,-0.07576903484869994,-0.05885909605090556,0.3312200451770783,0.4657955785068332,0.00047978648804265203,5.3420442149316685e-05,1.0,0.5342044214931668,3,1
2024-08-03,0.0026201155889542943,0.001882503090007165,-0.02223308802675377,0.024853203615708065,-0.03003444177555672,-0.012996940652563183,0.9940101057684495,1.0,0.0006376124989471291,0.0001,1.0,1.0,2,2
2024-08-04,-0.05693988307801614,-0.0585350911626309,-0.05693988307801614,0.0,-0.05774704098755453,-0.04185740698628648,0.6214129165324743,1.0,0.0015952080846147595,0.0,0.9999999999999999,0.0,7,0
2024-08-05,0.038362521890768296,0.03696539155754231,-0.0774094613365558,0.1157719832273241,-0.0916420389454129,-0.07122599729983059,1.0,1.3012567692614612,0.0012971303332259794,0.0001,1.0,1.0,4,3
2024-08-06,-0.05670760479825641,-0.05864861021366558,0.0,-0.05670760479825641,0.05435304482528853,0.03681455323861038,1.0,1.097946011667884,0.001841005415409169,0.00010000000000000003,0.0,1.0000000000000002,0,11
2024-08-07,0.13434744137833615,0.13256908456900185,0.08659344588140937,0.047753995496926764,-0.0009911643994001287,-0.015864993070339506,0.9538739841229105,0.6849200851620602,0.0016783568093343072,0.0001,1.0,1.0,3,4
2024-08-08,-0.09563642888155506,-0.09704746413698304,0.027162139643392758,-0.12279856852494782,0.1205984220411965,0.11899373717172779,1.172190681741556,1.1247478648757994,0.0013110352554279764,0.0001,1.0,1.0,1,7
2024-08-09,-0.01359145196397193,-0.015529002801265812,-0.039822171660475365,0.02623071969650344,-0.0257372958504414,-0.013804780424198637,0.3920688944870907,0.44532872066437496,0.0018375508372938843,9.999999999999999e-05,0.9999999999999999,0.9999999999999999,6,2
2024-08-10,0.005949622226478303,0.00517970413435713,0.006729886114590366,-0.000780263888112062,0.005771773372840564,0.0013369819400546046,0.15198367289994238,0.18002767469204276,0.0006699180921211726,0.0001,0.9999999999999999,1.0,4,3
2024-08-11,-0.026341528407800595,-0.026707137485874183,-0.06508007699971508,0.038738548591914494,-0.0553346881576429,-0.036078233007444616,0.9109349119115919,0.8075485268772459,0.0002656090780735881,0.0001,1.0000000000000002,1.0,4,3
2024-08-12,-0.02550521564453974,-0.026980002395570808,0.02193567745932002,-0.04744089310385975,0.04778055433401529,0.010742318943794071,1.3321043952612124,0.1395782522862372,0.0013747867510310703,0.0001,0.7819007610499583,1.0,1,6
2024-08-13,-0.017898431260575255,-0.019175777378613215,-0.007906507201552355,-0.0099919240590229,0.006137083885315959,0.020681482580288568,0.5502036342112542,0.2700180110124821,0.0011773461180379597,0.0001,0.5502036342112542,1.0,1,6
2024-08-14,0.01767861603773723,0.01692243872155824,0.0,0.01767861603773723,-0.024256134752843075,-0.03141840282078601,0.0,0.9733737679869725,0.0006561773161789891,0.0001,0.0,1.0,0,5
2024-08-15,0.02444868447762287,0.023569985463233294,0.0,0.02444868447762287,-0.022002293399142787,-0.019388522390324625,0.0,0.1530828280000126,0.0007786990143895781,0.0001,0.0,1.0,0,13
2024-08-16,-0.0006819730164998586,-0.0009044392788998686,0.0,-0.0006819730164998586,-0.00024404740898059663,0.02336770356975193,0.0,0.20217756338964427,0.0001224662624000101,0.0001,0.0,1.0,0,14
2024-08-17,-0.01550026190013362,-0.015762003950845333,0.0,-0.01550026190013362,0.016028769346802956,0.010425640006184622,0.0,0.40577604938399314,0.0001617420507117154,9.999999999999999e-05,0.0,0.9999999999999999,0,12
2024-08-18,0.008685560751498537,0.008260939911991344,0.0,0.008685560751498537,-0.012077370094846345,-0.018135651647510853,0.0,0.38882770832938834,0.0003246208395071945,0.00010000000000000003,0.0,1.0000000000000002,0,9
2024-08-19,-0.018720334740975723,-0.019131396907639233,0.0,-0.018720334740975723,0.021130759533559456,0.017271793115259504,0.0,0.13909768832643432,0.0003110621666635107,0.00010000000000000003,0.0,1.0000000000000002,0,12
2024-08-20,-0.012534175869151665,-0.012745454019812813,0.0,-0.012534175869151665,0.007904804150244431,-0.0069968096837461635,0.0,0.1498117098172307,0.00011127815066114746,0.0001,0.0,1.0,0,11
2024-08-21,-0.03997460626989437,-0.04019445563774816,0.0,-0.03997460626989437,0.03414163339251665,0.036232535192403104,0.0,0.4196165843453107,0.00011984936785378455,0.00010000000000000003,0.0,1.0000000000000002,0,12
2024-08-22,-0.015266220539176954,-0.015701913806653204,0.0,-0.015266220539176954,0.013427097358779077,-0.012599803664921416,0.0,0.3811980292995598,0.0003356932674762486,0.0001,0.0,1.0,0,9
2024-08-23,-0.07502701491737049,-0.07543197334081014,0.0,-0.07502701491737049,0.0613476061121156,0.060812031171551206,1.0,1.0043393434641203,0.00030495842343964785,0.0001,0.0,1.0,0,8
2024-08-24,-0.039496808536191114,-0.04120028001096241,-0.0046755204929733295,-0.03482128804321778,0.014347607188398892,0.0015089058245951747,1.1140892632333195,0.8195259036160795,0.0016034714747712963,0.0001,1.0,1.0,3,3
2024-08-25,-0.014042087074728359,-0.01564745108788642,-0.018677310908412657,0.004635223833684296,-0.017752622150132562,0.0011494701051990575,0.9999999999999999,1.0281567172723058,0.0015468921334795191,5.847187967854111e-05,0.9999999999999999,0.584718796785411,5,1
2024-08-26,0.03388731728594601,0.03216479191212816,0.0,0.03388731728594601,-0.034945524830252525,-0.021539113447224034,0.0,0.5603937585290095,0.0016225253738178446,0.0001,0.0,1.0,0,4
2024-08-27,0.06980217648434982,0.0692538614775266,0.0,0.06980217648434982,-0.05808637840576792,-0.05450136607671685,0.0,0.653090876433598,0.00044831500682320765,0.00010000000000000003,0.0,1.0000000000000002,0,6
2024-08-28,-0.0047953009264049724,-0.005417773627551851,0.0,-0.0047953009264049724,-0.0026410434301129865,-0.0063063594035480675,0.0,0.2753010223434464,0.0005224727011468784,9.999999999999999e-05,0.0,0.9999999999999999,0,10
2024-08-29,0.004078086378064915,0.0037578455601901583,0.0,0.004078086378064915,-0.007112529543893663,0.005307574987290176,0.0,0.25533971527367316,0.00022024081787475712,0.0001,0.0,1.0,0,8
2024-08-30,-0.004340298901477172,-0.004644570673696111,0.0,-0.004340298901477172,0.0023169248878380155,-0.003824810529438616,0.0,0.4854206435128816,0.00020427177221893854,0.00010000000000000003,0.0,1.0000000000000002,0,9
2024-08-31,0.008887919414080854,0.00839958289927055,0.0,0.008887919414080854,-0.009852975354386935,-0.0026126847196863423,0.0,0.2668020709341431,0.0003883365148103053,0.0001,0.0,1.0,0,6
2024-09-01,0.03615429653330003,0.03584085487655271,0.0,0.03615429653330003,-0.04604362357353007,-0.028397455799694327,0.9766586495566026,0.6154177885394558,0.0002134416567473145,0.0001,0.0,1.0,0,5
2024-09-02,-0.017206266613610306,-0.018579927764087154,0.027206260776128168,-0.04441252738973847,0.041296390857163585,0.032199426906078576,0.9967612618442201,1.0,0.0012736611504768468,0.0001,0.9766586495566026,1.0,1,3
2024-09-03,-0.028747455387101356,-0.030344864396576732,-0.028747455387101356,0.0,-0.037075876046525666,-0.028085620372140352,0.7583756015623153,0.0,0.0015974090094753762,0.0,1.0,0.0,3,0
2024-09-04,0.02083613821862469,0.020229437737374838,0.02083613821862469,0.0,0.020824900791892333,0.008579350726433788,0.7959042158898874,0.0,0.0006067004812498523,0.0,0.9999999999999998,0.0,6,0
2024-09-05,-0.019713563836600813,-0.02035028720931272,-0.019713563836600813,0.0,-0.022284809370222765,-0.031048515138545785,0.3230150257637706,0.0,0.0006367233727119099,0.0,1.0000000000000002,0.0,13,0
2024-09-06,-0.03827905229325635,-0.03853746431386737,-0.03827905229325635,0.0,-0.038520585914188575,-0.03950436097510579,0.32397954386797106,1.0,0.0002584120206110165,0.0,1.0000000000000002,0.0,10,0
2024-09-07,0.004510239847241632,0.003351056212147255,0.01702111859983666,-0.012510878752595028,0.018618903031287787,0.003842181290876656,0.8407708331369792,0.5991694751681377,0.001059183635094377,0.0001,0.9999999999999998,1.0,8,2
2024-09-08,0.002272366283983333,0.0010204140373392392,0.015590712589612523,-0.01331834630562919,0.02320679249788218,0.013017480405431492,0.5464807556419108,0.019379931974028264,0.0011519522466440937,0.0001,0.9999999999999999,1.0,3,3
2024-09-09,-0.008355172075649946,-0.008907860625742696,0.023078094271906904,-0.031433266347556846,0.03893680547819826,0.03957723980481265,0.4797803985694836,1.0182946758154212,0.0004526885500927513,0.0001,0.9999999999999999,1.0,5,3
2024-09-10,0.005030670278070673,0.003756708309982015,0.006851005611063074,-0.0018203353329924018,0.005117225899995637,0.010508682687247806,0.39745554030895114,0.7550190858073427,0.001198460059507924,7.550190858073427e-05,1.0,0.7550190858073427,7,1
2024-09-11,-0.0104288323617598,-0.011350812062652834,-0.0104288323617598,0.0,-0.010178347285711018,-0.005261321562044841,0.22322853173779048,0.6426323739584779,0.000921979700893035,0.0,0.9999999999999999,0.0,10,0
2024-09-12,-0.00979185963101013,-0.010548811592962993,0.023625985479438276,-0.03341784511044841,0.022590745871873024,0.013803092171849274,0.20139052840445176,0.6426323739584779,0.0006926887245570148,6.42632373958478e-05,1.0,0.6426323739584779,9,1
2024-09-13,0.03144203089328534,0.030766812571394995,0.03144203089328534,0.0,0.02870006114475367,0.04060794877532392,0.36761213715878766,0.0,0.0006752183218903438,0.0,1.0000000000000002,0.0,8,0
2024-09-14,-0.00926971928269076,-0.00956380899241779,-0.00926971928269076,0.0,-0.008218515778167457,-0.008141431317218006,0.11451006294637243,0.0,0.0002940897097270301,0.0,1.0000000000000002,0.0,11,0
2024-09-15,-0.0389418935890473,-0.0390335016394044,-0.0389418935890473,0.0,-0.037779360415724585,-0.01440030685077709,0.3478415448362729,0.0,9.160805035709795e-05,0.0,1.0,0.0,12,0
2024-09-16,-0.021016320648714112,-0.02129459388458313,-0.021016320648714112,0.0,-0.013251445881297444,-0.015456722024348335,0.5651601597554952,0.0,0.0002782732358690183,0.0,0.9999999999999999,0.0,9,0
2024-09-17,0.017870361317649963,0.017418233189845568,0.017870361317649963,0.0,0.017461345275255707,0.03598741987041776,0.5441769858538932,0.0,0.0004521281278043961,0.0,1.0,0.0,6,0
2024-09-18,0.03274755488119804,0.03231221329251493,0.03274755488119804,0.0,0.028150722629190845,0.024125346294852523,0.24410392531999348,0.0,0.0004353415886831146,0.0,1.0,0.0,9,0
2024-09-19,0.03625039852917919,0.0360551153889232,0.03625039852917919,0.0,0.03336381636677272,0.019301760905025223,0.26858041175821784,0.0,0.0001952831402559948,0.0,0.9999999999999999,0.0,11,0
2024-09-20,0.013613232832836582,0.013398368503430009,0.013613232832836582,0.0,0.011050720803094962,0.003953794005425282,0.28897353974107054,0.0,0.00021486432940657428,0.0,0.9999999999999998,0.0,11,0
2024-09-21,0.01946533375665524,0.019234154924862384,0.01946533375665524,0.0,0.021657889695056,0.002293603394976307,0.23794989930185045,0.0,0.00023117883179285645,0.0,1.0,0.0,11,0
2024-09-22,-0.014775879971532093,-0.014966239890973574,-0.014775879971532093,0.0,-0.01811687555642582,0.0037554918936333337,1.2872369318993637,0.5941802421513847,0.00019035991944148036,0.0,0.9999999999999997,0.0,11,0
2024-09-23,-0.0024777980746769866,-0.0040423498381327245,-0.0049075690427521435,0.0024297709680751573,0.020051119907424055,-0.0040340851877957995,0.8697639488269834,0.04878193279899268,0.0015051337392405987,5.9418024215138466e-05,1.0,0.5941802421513847,3,1
2024-09-24,0.004217122677768466,0.003417989754972647,0.011257255987746958,-0.007040133309978491,0.03486996253735901,0.014866828852168945,0.795509205674108,0.6429621749503773,0.0007348367053007809,6.429621749503774e-05,1.0,0.6429621749503773,5,1
2024-09-25,-0.018822827279731023,-0.01997360438423061,-0.018822827279731023,0.0,-0.015170262526992233,-0.01750693848833562,0.22999754608960638,0.0,0.0011507771044995884,0.0,1.0000000000000002,0.0,10,0
2024-09-26,0.048006508075533506,0.04782251003866182,0.048006508075533506,0.0,0.046398822732483476,0.03201602068493492,0.19855267135430732,0.0,0.00018399803687168512,0.0,1.0,0.0,11,0
2024-09-27,0.020870489377700134,0.02071164724061669,0.020870489377700134,0.0,0.017820007913720213,0.009370701513067514,0.09854498453092449,0.0,0.00015884213708344585,0.0,1.0,0.0,12,0
2024-09-28,0.0011693484792438093,0.0010905124916190698,0.0011693484792438093,0.0,0.0037198498232207905,0.0011102729142078438,0.11511079956276642,0.0,7.88359876247396e-05,0.0,0.9999999999999999,0.0,13,0
2024-09-29,-0.008263585659213698,-0.008355674298863911,-0.008263585659213698,0.0,-0.002946690770719399,-0.003866453163503092,0.10697937050196134,0.0,9.208863965021314e-05,0.0,0.9999999999999998,0.0,13,0
2024-09-30,-0.04284198537678976,-0.042927568873191324,-0.04284198537678976,0.0,-0.0433569907042591,-0.03445272929976628,0.13162585448367173,0.0,8.558349640156907e-05,0.0,0.9999999999999999,0.0,13,0
2024-10-01,-0.06196059777968207,-0.06206589846326901,-0.06196059777968207,0.0,-0.0568796816562762,-0.039998989086876824,0.09712228837551293,0.0,0.00010530068358693739,0.0,1.0,0.0,13,0
2024-10-02,-0.02456349094183827,-0.02464118877253868,-0.02456349094183827,0.0,-0.026910388139757085,-0.0025371523344435154,0.43820609704062186,0.8294444012253125,7.769783070041034e-05,0.0,1.0,0.0,13,0
2024-10-03,0.009464210518685165,0.008367145679949886,-0.01597886927350246,0.02544307979218763,-0.007932938525074675,0.0017254291303903102,0.35850662556255386,0.10552274356913405,0.0010141203986127477,8.294444012253126e-05,1.0,0.8294444012253125,9,1
2024-10-04,0.019648587782787965,0.01918386757300317,0.04188409333601237,-0.0222355055532244,0.03752273958357372,0.02185511599415091,0.1242244320879476,0.13495017419557453,0.00037122349530535034,9.349671447944466e-05,0.9999999999999999,0.9349671447944465,11,1
2024-10-05,0.0034564385117388597,0.0031690971296521545,-0.0035875475538563817,0.0070439860655952405,-0.0021509680325620473,-0.0005043961427393384,0.19324129887466146,0.08902665507030216,0.0002073396850268177,8.000169705988721e-05,1.0,0.800016970598872,11,1
2024-10-06,0.024848813852683463,0.024551900457974635,0.030627037925208253,-0.005778224072524792,0.026962899865552954,0.012353461855341141,0.0920404631169513,0.7109903155285698,0.00022581436315597092,7.109903155285698e-05,1.0000000000000002,0.7109903155285698,13,1
2024-10-07,-0.009865985491613478,-0.010508410114529895,-0.009865985491613478,0.0,-0.010898952212635855,-0.009533471467272348,0.09630730387485861,0.0,0.0006424246229164169,0.0,1.0,0.0,13,0
2024-10-08,-0.006983045522745991,-0.007060091365845878,-0.006983045522745991,0.0,-0.0058371857343903965,-0.0009486949013276513,0.20874833120397474,0.5379769589879261,7.70458430998869e-05,0.0,1.0000000000000002,0.0,13,0
2024-10-09,-0.02144517767632453,-0.022096355604376842,-0.028235768530166162,0.006790590853841633,-0.025496374005306886,-0.024549465087869704,0.5706755338895225,0.23797408788474672,0.0005973802321535207,5.379769589879261e-05,1.0,0.5379769589879261,12,1
2024-10-10,-0.006233574185468045,-0.006958088987574728,0.002945774203409141,-0.009179348388877188,0.0030892084658509073,-0.0051677710604821625,0.20543273428351333,0.06654684438436997,0.0006469196974194154,7.759510468726728e-05,0.9999999999999999,0.7759510468726728,7,1
2024-10-11,0.03805652899647698,0.03776800491329385,0.04915978164715186,-0.011103252650674873,0.03767172691362267,0.036750412981895186,0.6001858327746697,0.20686443490735207,0.00021758366293430666,7.094042024883029e-05,1.0,0.7094042024883028,6,1
2024-10-12,0.0048800190537158904,0.0041841248628121785,0.005253238338959847,-0.0003732192852439561,0.008043409328325535,0.010670463453262835,0.1761267894211054,0.3540326510059044,0.0006456402141456175,5.0253976758095075e-05,0.9999999999999998,0.5025397675809508,10,1
2024-10-13,0.005371813883937528,0.0048620290897372345,-0.006388178504824562,0.01175999238876209,-0.009374110337624777,-0.005321641129542809,0.729040022291827,0.14342758141314482,0.00042412755234160784,8.565724185868553e-05,0.9999999999999998,0.8565724185868552,9,1
2024-10-14,0.017756919478864167,0.01695894539590019,0.04935962828247588,-0.03160270880361171,0.05585875693378812,0.05132256945439018,0.9164122631027191,0.0,0.0006979740829639775,0.0001,0.9999999999999998,1.0,5,1
2024-10-15,-0.006517294302202342,-0.0073504241126845175,-0.01909935119498137,0.012582056892779026,-0.006257511760747696,0.014821788877301234,0.40573060047893783,0.13995288869229727,0.0007331298104821753,0.0001,1.0000000000000002,1.0,10,1
2024-10-16,-0.007855318679914855,-0.008377870182382613,0.0026272499897635653,-0.010482568669678423,0.0023496684576669474,0.008172232903417287,0.1674559400058347,0.08616410245678541,0.00043654679133698813,8.600471113077028e-05,0.9999999999999999,0.8600471113077027,13,1
2024-10-17,0.001789330488675803,0.0014918133333292581,-0.005461330153197626,0.0072506606418734285,-0.009848553598879936,-0.0028183808734761895,0.18369036249789056,0.002817038606016564,0.0002028960339700961,9.462112137644882e-05,0.9999999999999999,0.9462112137644881,13,1
2024-10-18,0.018920004930994015,0.01867589618487384,0.023456635664884984,-0.004536630733890966,0.023484732084112836,0.014929934793736166,0.14094103973730698,0.035844671417368024,0.00014920592088312571,9.490282523705047e-05,1.0000000000000002,0.9490282523705047,13,1
2024-10-19,0.01469558319943418,0.014462836272415125,0.010183971729034381,0.004511611470399794,0.004475006190936722,-0.0007411435538052791,0.2162260037504223,0.03225442087191621,0.00014142856892374002,9.131835809531368e-05,1.0000000000000002,0.9131835809531367,12,1
2024-10-20,0.007185136252505282,0.006891808112624906,0.015008731339325463,-0.007823595086820182,0.025343058442211377,0.009699065642047477,0.2144060088045177,0.10017186916185905,0.00019878433969787082,9.454380018250529e-05,1.0,0.9454380018250529,11,1
2024-10-21,-0.019294804013602063,-0.019630992929241486,-0.02469044775666465,0.005395643743062587,-0.0259605540433793,-0.02392491462631907,0.48113348491768737,0.15473386733680616,0.00025166230237310143,8.452661326631938e-05,0.9999999999999999,0.8452661326631938,12,1
2024-10-22,0.006542207151011362,0.005933513269207767,-0.01401579578584614,0.0205580029368575,-0.009067195328552729,0.0005581218605643645,0.4554214569135543,0.0,0.0005086938818035948,0.0001,0.9999999999999999,1.0,8,1
2024-10-23,0.0031097967095974526,0.0026454595440666092,-0.011695300741676998,0.014805097451274452,-0.015116427020108267,-0.011263025469391619,1.0327956207389424,1.0838478781377403,0.00036433716553084343,0.0001,0.9999999999999998,1.0,9,1
2024-10-24,0.00664042826577417,0.004847113466672824,0.020916352633801774,-0.014275924368027606,0.01760126004141307,0.022905688461030804,0.5833292631638923,0.5037697224342512,0.0016933147991013463,9.999999999999999e-05,1.0,0.9999999999999999,4,3
2024-10-25,0.008860172420985947,0.007890493232507432,-0.056479515586422585,0.06533968800740854,-0.06013969587541427,-0.022163939812655298,0.646174713351272,0.5607413802234236,0.000869679188478515,0.00010000000000000003,1.0,1.0000000000000002,5,4
2024-10-26,0.016185956081976118,0.015120423207116363,0.034442199155079165,-0.01825624307310305,0.0150565842293741,0.006135355850639401,0.3929364625040651,0.2075167028201741,0.0009655328748597565,0.0001,1.0,1.0,3,6
2024-10-27,0.0282448113737307,0.02766444884147131,0.04288295692986417,-0.014638145556133469,0.021793859250146264,0.013728571471169682,0.11570879894418334,0.1063058731611448,0.00048036253225939137,0.0001,0.9999999999999999,1.0,2,7
2024-10-28,0.05262426031272695,0.05234664857504268,0.06466456824299038,-0.012040307930263443,0.021033897066575,0.02864135214714536,0.6460116081877884,0.2998659140603571,0.00017761173768426254,0.0001,1.0,1.0,2,7
2024-10-29,0.022675298507284385,0.021818596489485868,0.05277515617994456,-0.030099857672660178,0.037595178900778604,0.040027166142407866,0.4262019060651507,0.5489808169001887,0.0007567020177985164,9.999999999999999e-05,1.0,0.9999999999999999,4,6
2024-10-30,-0.01263774279033368,-0.013517888968705951,-0.028696817909988553,0.01605907511965487,-0.013394541767282173,-0.005368472425573478,0.27742682479537384,0.6182431228688705,0.0007801461783722715,0.0001,1.0,1.0,6,4
2024-10-31,-2.4367773557604222e-05,-0.0008409037316889998,-0.03905312849723973,0.039028760723682124,-0.04457360535524701,-0.02801835547139564,0.06831768525004106,0.07066808901624805,0.0007165359581313955,0.0001,1.0,1.0,8,2
2024-11-01,-0.004991439410106085,-0.005202628029519116,-0.011580090250588737,0.006588650840482653,-0.011549299159215107,-0.01175167337628813,0.20479501395887595,0.9355736659518898,0.00011118861941303129,0.0001,1.0,1.0,8,2
2024-11-02,0.016253728369491537,0.015276978930583163,-0.0034470851750098112,0.019700813544501348,-0.009389191744650067,-0.0018547963537206558,0.26149671299003,0.1349674126367275,0.0009122949439286126,6.445449497976014e-05,1.0000000000000002,0.6445449497976015,9,1
2024-11-03,-0.006429848008056977,-0.006824970544801815,-0.031212032940940233,0.024782184932883256,-0.029459819334802344,-0.00870880221893544,0.3684201817459083,0.9018604487471196,0.00031717130050140603,7.79512362434329e-05,1.0,0.779512362434329,7,1
2024-11-04,0.03654716640289635,0.03543094189850192,-0.0008310146531604404,0.037378181056056795,-0.021193865039837143,-0.013498636611525172,0.2969653366861013,0.5913146524562811,0.0010162245043944223,9.999999999999998e-05,1.0,0.9999999999999998,5,3
2024-11-05,-0.002496568089089865,-0.003307192080403771,0.05136815889742332,-0.05386472698651318,0.039804894527819004,0.02238985292101492,0.27071129476496014,0.2826175105439934,0.000710623991313906,0.0001,1.0,1.0,4,5
2024-11-06,0.01258922248070854,0.012046559436461378,0.12787689708843827,-0.11528767460772972,0.10578354516573361,0.08978401830631921,0.5169801831955996,1.0279345111970295,0.0004426630442471629,0.0001,0.9999999999999998,1.0,5,4
2024-11-07,0.022458944146980228,0.021155724554485496,0.022458944146980228,0.0,0.02301930120275352,0.0036980731649551846,0.2883726073097425,0.13167392178612525,0.0012359317555141033,6.728783698062952e-05,1.0000000000000002,0.6728783698062952,9,1
2024-11-08,0.022095463678908817,0.021705306010830108,0.03487780775118484,-0.012782344072276025,0.02640360767321306,0.008209925203732205,0.18220312412161893,0.54120444802017,0.00033603722327669425,5.4120444802017e-05,1.0,0.54120444802017,10,1
2024-11-09,0.04420130759786423,0.0436225815401508,0.04420130759786423,0.0,0.046211848009526525,0.0025221554819292447,0.16367348662117434,0.0,0.0005787260577134311,0.0,1.0,0.0,11,0
2024-11-10,0.08664132025717154,0.0865103814678746,0.08664132025717154,0.0,0.07281830808735287,0.04871072877635618,0.0997768975743653,0.0,0.00013093878929693948,0.0,1.0000000000000002,0.0,12,0
2024-11-11,0.08232336719737342,0.08224354567931393,0.08232336719737342,0.0,0.09056607397268104,0.10345603780624302,0.1505391242997186,0.0,7.982151805949224e-05,0.0,1.0,0.0,12,0
2024-11-12,-0.022856238215640458,-0.022976669515080234,-0.022856238215640458,0.0,-0.020625034516211418,-0.008530478795522045,0.12787768980559433,0.0,0.0001204312994397749,0.0,1.0,0.0,13,0
2024-11-13,0.0006560431033093735,0.000553740951464898,0.0006560431033093735,0.0,0.015591826404684999,0.027750875278497844,0.326663593442291,0.0,0.00010230215184447547,0.0,1.0,0.0,13,0
2024-11-14,-0.0159627479158538,-0.01622407879060763,-0.0159627479158538,0.0,-0.019093010933729664,-0.03351940477783699,0.2135409167509094,0.0,0.00026133087475383284,0.0,1.0000000000000002,0.0,12,0
2024-11-15,0.08820569741459826,0.08803486468119753,0.08820569741459826,0.0,0.06441699727709196,0.042249781707363265,0.3002218165578984,0.0,0.0001708327334007275,0.0,1.0,0.0,10,0
2024-11-16,0.05955299980699297,0.05931282235374665,0.05955299980699297,0.0,0.050647995502416616,-0.004735678224225048,0.2594973396652893,0.0,0.00024017745324631876,0.0,0.9999999999999999,0.0,13,0
2024-11-17,-0.03421425042659822,-0.03442184829833045,-0.03421425042659822,0.0,-0.02662802698798446,-0.008201378369940282,0.21797449483667145,0.0,0.00020759787173223147,0.0,1.0,0.0,13,0
2024-11-18,0.03450496189490563,0.034330582299036294,0.03450496189490563,0.0,0.0303971559664274,0.00675751585930584,0.1935626906046416,0.0,0.00017437959586933717,0.0,0.9999999999999998,0.0,13,0
2024-11-19,-0.010679088829631601,-0.010833938982115314,-0.010679088829631601,0.0,-0.01492184944715737,0.02020276795046594,0.2120269008507075,0.0,0.0001548501524837133,0.0,0.9999999999999999,0.0,12,0
2024-11-20,-0.0008072010812236368,-0.0009768226019042027,-0.0008072010812236368,0.0,-0.0164986626142811,0.02114128957426109,0.07871133018952321,0.0,0.000169621520680566,0.0,1.0,0.0,12,0
2024-11-21,0.06796784232099352,0.0679048732568419,0.06796784232099352,0.0,0.06584368326782417,0.04325895129815027,0.2263716152024242,0.0,6.296906415161857e-05,0.0,0.9999999999999997,0.0,12,0
2024-11-22,0.08606060979779498,0.08587951250563304,0.08606060979779498,0.0,0.07097493365132203,0.005638081141198015,0.2322405710665605,0.0,0.00018109729216193935,0.0,1.0,0.0,12,0
2024-11-23,0.02739327205642675,0.0272074795995735,0.02739327205642675,0.0,0.025722067253454946,-0.01208939622771199,0.06339170408856903,0.0,0.00018579245685324843,0.0,0.9999999999999999,0.0,13,0
2024-11-24,0.0074124745071862865,0.007361761143915431,0.0074124745071862865,0.0,0.0075895282075109805,0.0024036715084598814,0.1607267126093873,0.0,5.071336327085523e-05,0.0,1.0,0.0,13,0
2024-11-25,-0.042834770964902215,-0.04296335233498973,-0.042834770964902215,0.0,-0.040443348380604295,-0.049983462705338044,0.1613585856526279,0.0,0.00012858137008750985,0.0,1.0,0.0,14,0
2024-11-26,-0.00038910029939410377,-0.0005181871679162061,-0.00038910029939410377,0.0,-0.007414656183916409,-0.011203043067136709,0.11257521565232953,0.0,0.00012908686852210232,0.0,1.0,0.0,13,0
2024-11-27,0.05454379906705969,0.05445373889453783,0.05454379906705969,0.0,0.05218221593471574,0.042205400048249686,0.0838370113106752,0.0,9.006017252186363e-05,0.0,0.9999999999999999,0.0,12,0
2024-11-28,-0.0018881884229804292,-0.0019552580320289694,-0.0018881884229804292,0.0,-0.0021522209750325766,-0.002198003862147191,0.13636029784047407,0.0,6.706960904854016e-05,0.0,1.0,0.0,12,0
2024-11-29,0.04947438302510201,0.049365294786829626,0.04947438302510201,0.0,0.04385120080362687,0.019038731629019034,0.1530986908299915,0.0,0.00010908823827237927,0.0,1.0,0.0,13,0
2024-11-30,0.02778714198783104,0.02766466303516705,0.02778714198783104,0.0,0.01663329064384531,-0.010677189351933958,0.11745323716427027,0.0,0.0001224789526639932,0.0,0.9999999999999999,0.0,13,0
2024-12-01,0.03775667067001999,0.03766270808028857,0.03775667067001999,0.0,0.03673169962972642,0.008188641421465137,0.09115048232205948,0.0,9.396258973141621e-05,0.0,1.0,0.0,13,0
2024-12-02,0.07721336170851643,0.07714044132265879,0.07721336170851643,0.0,0.05499888708761567,-0.01413251001643967,0.07649029035558541,0.0,7.292038585764759e-05,0.0,1.0,0.0,14,0
2024-12-03,-0.0031586055821930074,-0.003219797814477476,-0.0031586055821930074,0.0,0.005536116401342527,0.00023777120778389893,0.12654278409132913,0.0,6.119223228446833e-05,0.0,1.0,0.0,14,0
2024-12-04,0.016146822305624,0.016045588078350936,0.016146822305624,0.0,0.0159123419115767,0.028739497024917293,0.05718088919158739,0.0,0.00010123422727306331,0.0,0.9999999999999999,0.0,14,0
2024-12-05,-0.015468834813018358,-0.015514579524371628,-0.015468834813018358,0.0,-0.011448181892607259,-0.01690790900559247,0.06855647778827662,0.0,4.5744711353269916e-05,0.0,0.9999999999999999,0.0,14,0
2024-12-06,0.048420804424263685,0.04836595924203306,0.048420804424263685,0.0,0.044584360585010904,0.028875842126152795,0.15433834251907977,0.0,5.484518223062129e-05,0.0,1.0,0.0,14,0
2024-12-07,-0.003543304921868251,-0.003666775595883515,-0.003543304921868251,0.0,0.006368240397666448,0.0009689136043686819,0.12108448199446865,0.0,0.00012347067401526383,0.0,1.0,0.0,13,0
2024-12-08,0.010375579977573504,0.01027871239197793,0.010375579977573504,0.0,0.008620702238031328,0.013021125294296665,0.04708294270983708,0.0,9.686758559557493e-05,0.0,0.9999999999999999,0.0,13,0
2024-12-09,-0.14257708341286535,-0.14261474976703323,-0.14257708341286535,0.0,-0.13294676997830046,-0.03805237154150187,0.4840118433818677,0.6322311574687351,3.766635416786967e-05,0.0,1.0000000000000002,0.0,13,0
2024-12-10,0.014089884230640044,0.013133666714212688,0.005130965913404789,0.008958918317235255,-0.013979379389785797,-0.007670332853616624,0.645350854300251,0.6516331054655222,0.0008929944006804823,6.322311574687351e-05,1.0000000000000002,0.6322311574687351,9,1
2024-12-11,-0.016710978121996983,-0.0178485652898096,0.05090808659555909,-0.06761906471755608,0.06140412295795328,0.04671623065265473,0.23722506596245876,0.4804773216989948,0.0010375871678126186,0.0001,0.9999999999999999,1.0,5,2
2024-12-12,0.06574269640321526,0.0650685344930861,0.04651960727244796,0.0192230891307673,0.020017615594120648,-0.011204041327079195,0.58250689757522,0.19272206571102365,0.0005741619101291629,0.0001,1.0,1.0,4,3
2024-12-13,0.012538299258672317,0.011818116088043323,0.014153814771955833,-0.0016155155132835132,0.009072499832033596,0.013897445950487253,0.18769809676683397,0.11907559261381231,0.0006201831706289949,0.0001,1.0,1.0,6,3
2024-12-14,0.008902103151925871,0.008556684200421355,-0.023122381452413722,0.03202448460433959,-0.02683297397700288,8.976846640940117e-05,0.26376047552577014,0.05514842021201313,0.00024541895150451706,0.00010000000000000003,0.9999999999999999,1.0000000000000002,7,3
2024-12-15,0.0064967686097996465,0.006141641493209419,0.018369139951480814,-0.011872371341681166,0.021935166211323076,0.030374527771475757,0.17218557173662843,0.030575325235926543,0.00025512711659022663,9.999999999999999e-05,0.9999999999999999,0.9999999999999999,8,3
2024-12-16,0.01859543985653009,0.01833323113895205,-0.013381461382815485,0.03197690123934558,-0.01618821195199151,0.014960693238777578,0.9053315089633792,0.08502720581816517,0.000162208717578044,9.999999999999999e-05,0.9999999999999999,0.9999999999999999,7,3
2024-12-17,-0.021060246972530908,-0.02195253394435614,-0.021353595607157612,0.0002933486346266981,-0.006834388341237603,0.00048479955330549274,0.5513787148840205,0.11245616216081372,0.0007922869718252355,0.0001,1.0,1.0,3,3
2024-12-18,0.018167970432291097,0.01753690253065523,-0.09279589811543583,0.11096386854772693,-0.09433332633130208,-0.05555995497508359,1.0562134494624582,0.5889025214649074,0.0005310679016358673,0.0001,0.9999999999999998,1.0,5,3
2024-12-19,0.01895621376215314,0.01754012098541125,-0.0659013636783858,0.08485757744053893,-0.07534223154240986,-0.027417347184249485,0.18422160990059389,0.2098892264641406,0.0013160927767418926,0.0001,0.7994038039171694,1.0,1,6
2024-12-20,-0.002274203680566163,-0.0026894923496579505,0.015483406970337274,-0.017757610650903435,0.022824292190452393,0.003386894156478526,0.18996343696960927,0.0880645667401294,0.0003152886690917876,9.999999999999999e-05,0.6151821940165755,0.9999999999999999,1,7
2024-12-21,0.0031067127884867977,0.002784290385519007,-0.04328776980965065,0.04639448259813744,-0.03627000397420491,-0.0051409306455109105,0.8051456309861847,0.2847619797449582,0.00022242240296779095,0.0001,0.8051456309861847,1.0,1,7
2024-12-22,0.009166764092098689,0.008194838003513776,0.0,0.009166764092098689,-0.013691858312970238,-0.021676547215864872,0.0,0.3359542259271081,0.0008719260885849144,0.0001,0.0,1.0,0,9
2024-12-23,-0.05004791744062457,-0.05041668082136626,0.0,-0.05004791744062457,0.05523477231370066,-0.0030729295296546555,0.0,0.1355228732731454,0.0002687633807416865,0.0001,0.0,1.0,0,12
2024-12-24,-0.02863760280559932,-0.02884602110421784,0.0,-0.02863760280559932,0.02731767071946632,0.039701205235865844,0.0,0.11886748681600792,0.00010841829861851634,0.0001,0.0,1.0,0,11
2024-12-25,0.012845195123168621,0.012650101133715815,0.0,0.012845195123168621,-0.011657844045370696,0.0076297410856234205,0.0,0.09246928630014381,9.509398945280634e-05,9.999999999999999e-05,0.0,0.9999999999999999,0,10
2024-12-26,0.05912306121181363,0.05894908578277351,0.0,0.05912306121181363,-0.057692358800174204,-0.0365134931983091,0.0,0.11462606283238139,7.397542904011505e-05,9.999999999999999e-05,0.0,0.9999999999999999,0,10
2024-12-27,0.0055632463658707105,0.005371545515604805,0.0,0.0055632463658707105,-0.007478746228114024,-0.01558312706916909,0.0,0.11110060138653659,9.170085026590511e-05,0.00010000000000000003,0.0,1.0000000000000002,0,11
2024-12-28,-0.035198712516016875,-0.035387592997126106,0.0,-0.035198712516016875,0.031196319125928653,0.010611199579031894,0.0,0.04514411314035461,8.888048110922927e-05,0.00010000000000000003,0.0,1.0000000000000002,0,11
2024-12-29,0.03297929208546035,0.03284317679494806,0.0,0.03297929208546035,-0.03491759033783139,-0.016366940271323238,0.0,0.17425410975232658,3.611529051228369e-05,0.00010000000000000003,0.0,1.0000000000000002,0,11
2024-12-30,0.001237325429740198,0.0009979221419383366,0.0,0.001237325429740198,-0.0014386790796432982,-0.010039487726787644,0.0,0.0744866620921184,0.00013940328780186127,0.0001,0.0,1.0,0,13
2024-12-31,0.00197887694632517,0.0018192876166514755,0.0,0.00197887694632517,-0.002273893160425763,0.008512354017332857,0.0,0.06012955886267593,5.9589329673694724e-05,0.0001,0.0,1.0,0,13
2025-01-01,-0.03874486714396865,-0.038892970791058794,0.0,-0.03874486714396865,0.04286969190989589,0.011031663653982005,0.0,0.1165951140024885,4.8103647090140745e-05,9.999999999999999e-05,0.0,0.9999999999999999,0,13
2025-01-02,-0.03684332425009309,-0.037036600341295085,0.0,-0.03684332425009309,0.03389823919928247,0.025233424507485225,0.0,0.2112432567492457,9.32760912019908e-05,9.999999999999999e-05,0.0,0.9999999999999999,0,13
2025-01-03,-0.05685182276871774,-0.05712081737411714,0.0,-0.05685182276871774,0.059244450449353274,0.0121504627839224,0.0,0.06426902062553627,0.00016899460539939658,0.00010000000000000003,0.0,1.0000000000000002,0,14
2025-01-04,-0.002458929272119705,-0.002610344488620134,0.0,-0.002458929272119705,0.0018913070481892866,0.00028019566827675035,0.0,0.08445501354179231,5.141521650042902e-05,9.999999999999998e-05,0.0,0.9999999999999998,0,14
2025-01-05,-0.0021869191499203073,-0.002354483160753741,0.0,-0.0021869191499203073,0.0016616682292563728,0.001701075242530603,0.0,0.07839309146358703,6.756401083343386e-05,0.0001,0.0,1.0,0,14
2025-01-06,-0.0142172478049197,-0.014379962278090568,0.0,-0.0142172478049197,0.01371499259303764,0.03905015446379001,0.0,0.06361216675899853,6.271447317086963e-05,0.00010000000000000003,0.0,1.0000000000000002,0,14
2025-01-07,0.0893039648055805,0.08915307507217331,0.0,0.0893039648055805,-0.08901575385699903,-0.05147856144622642,0.0,0.06980479421984083,5.088973340719882e-05,0.0001,0.0,1.0,0,14
2025-01-08,0.02550921693303128,0.025353373097655407,0.0,0.02550921693303128,-0.024825278271731383,-0.019667706352539116,0.0,0.10796563146707261,5.5843835375872664e-05,0.00010000000000000003,0.0,1.0000000000000002,0,14
2025-01-09,0.03839246718406677,0.038206094678893104,0.0,0.03839246718406677,-0.037259458850768847,-0.02639818721642384,0.0,0.05201952216447779,8.637250517365809e-05,0.0001,0.0,1.0,0,14
2025-01-10,-0.025456422048297764,-0.025598037666029347,0.0,-0.025456422048297764,0.025309864078474735,0.023453639173285135,0.0,0.06358139041217448,4.1615617731582236e-05,0.0001,0.0,1.0,0,14
2025-01-11,-0.010984160950082244,-0.011135026062411983,0.0,-0.010984160950082244,0.01507834631230176,-0.0011935506017924924,0.0,0.06570519049781441,5.086511232973958e-05,9.999999999999999e-05,0.0,0.9999999999999999,0,14
2025-01-12,0.011543320776946536,0.011390756624548285,0.0,0.011543320776946536,-0.013042522954247793,-0.0006619960343688946,0.0,0.05581388470165393,5.256415239825153e-05,0.0001,0.0,1.0,0,14
2025-01-13,0.025461348080677307,0.025316696972915984,0.0,0.025461348080677307,-0.024396862792302083,-0.00015449751798668476,0.0,0.03224549841049261,4.465110776132315e-05,9.999999999999999e-05,0.0,0.9999999999999999,0,14
2025-01-14,-0.03861352724916246,-0.03873932364789086,0.0,-0.03861352724916246,0.04088141773618056,0.021480590102375574,0.0,0.020906570338627736,2.5796398728394088e-05,9.999999999999998e-05,0.0,0.9999999999999998,0,14
2025-01-15,-0.08368827747965057,-0.08380500273592148,0.0,-0.08368827747965057,0.08693056236782366,0.04087555393001496,0.0,0.08080000357026235,1.672525627090219e-05,0.00010000000000000003,0.0,1.0000000000000002,0,14
2025-01-16,-0.0023926380288753937,-0.0025572780317316035,0.0,-0.0023926380288753937,0.0047349126745874215,-0.005202070475811338,0.0,0.04620852171103278,6.464000285620987e-05,9.999999999999999e-05,0.0,0.9999999999999999,0,14
2025-01-17,-0.05785715704725783,-0.05799412386462666,0.0,-0.05785715704725783,0.05783833280292948,0.04107671402297841,0.0,0.9604888674538329,3.6966817368826226e-05,0.0001,0.0,1.0,0,14
2025-01-18,0.03742736076044745,0.03655896966648438,0.0,0.03742736076044745,-0.024395209620079888,0.004630799913496908,0.8985503437424216,0.8364890464528658,0.0007683910939630664,0.00010000000000000003,0.0,1.0000000000000002,0,6
2025-01-19,-0.015549849247133662,-0.01703788075928989,-0.032181757252019445,0.016631908004885784,-0.06929384902719536,-0.03073735007074918,0.21924985465745217,1.3755960507694875,0.00138803151215623,9.999999999999999e-05,0.8985503437424216,0.9999999999999999,1,3
2025-01-20,-0.03315376008529367,-0.03452963680963523,-0.028595613016684764,-0.004558147068608902,0.005104504224444132,0.009239819763797952,0.12471555274754087,0.6513260171379622,0.0012758767243415518,0.0001,0.6793004890849694,1.0,1,11
2025-01-21,-0.0022692762932647187,-0.002990109549173121,0.027820969325470814,-0.030090245618735537,0.028766942744989168,0.03781898059220934,0.1959839581674897,0.8570498675061284,0.0006208332559084025,9.999999999999999e-05,0.8040160418325103,0.9999999999999999,1,7
2025-01-22,0.052407106928823846,0.05146467986828495,0.02813074402621285,0.024276362902611,-0.01961060040630033,-0.02308449834848214,0.14204883230640775,1.0769456951788097,0.0008424270605388945,0.0001,1.0,1.0,1,4
2025-01-23,-0.014516621328847975,-0.015591816950836149,-0.014304743526644082,-0.00021187780220389429,-0.004011672211009597,0.0019215761554780553,0.28193512611967164,0.2998137503984301,0.000975195621988174,0.00010000000000000003,0.8579511676935923,1.0000000000000002,1,9
2025-01-24,0.017655936355263614,0.017090537254049132,0.0004780971848169198,0.0171778391704467,-0.011126815650214545,0.009088799691134852,0.014025314901081498,0.08109167052468239,0.0004653991012144815,9.999999999999998e-05,0.5760160415739206,0.9999999999999998,1,11
2025-01-25,-0.0003881672174178664,-0.0005642608057584774,0.006880069712841817,-0.007268236930259682,0.008232192759369816,-0.0010123263373728042,0.29075564784696795,0.7875187442939927,7.609358834061111e-05,9.999999999999998e-05,0.5619907266728391,0.9999999999999998,1,11
2025-01-26,-0.021291467078352312,-0.02225408659206508,-0.053230110769026694,0.03193864369067438,-0.03431925390546415,-0.020457106836545558,0.2272886763878461,0.467215954968609,0.0008626195137127685,0.0001,0.8527463745198071,1.0,1,6
2025-01-27,-0.007123257393424278,-0.0077788610985094426,-0.014444450002631346,0.00732119260920707,-0.014959482623550346,-0.005253505018033344,0.625457698131961,0.5615318848761219,0.0005556037050851641,9.999999999999998e-05,0.625457698131961,0.9999999999999998,1,7
2025-01-28,0.04863171941591919,0.047582127749512725,0.0,0.04863171941591919,-0.0443013390097906,-0.007270050469852851,0.0,0.1516083588817279,0.0009495916664064663,0.00010000000000000003,0.0,1.0000000000000002,0,11
2025-01-29,-0.033086913168418136,-0.033308199855523524,0.0,-0.033086913168418136,0.02942535593828772,0.023880426068033422,0.0,0.17270785492786433,0.00012128668710538233,0.00010000000000000003,0.0,1.0000000000000002,0,10
2025-01-30,-0.028624810052637107,-0.0288629763365794,0.0,-0.028624810052637107,0.03633863758499615,0.009437965172008678,0.0,0.3625220797325698,0.00013816628394229148,0.0001,0.0,1.0,0,9
2025-01-31,0.002938829020171351,0.0025488113563852956,0.0,0.002938829020171351,-0.007649397659506452,-0.021945625061498775,0.0,0.509914280912241,0.00029001766378605585,9.999999999999998e-05,0.0,0.9999999999999998,0,7
2025-02-01,0.06438499492700196,0.06387706350227217,0.0,0.06438499492700196,-0.06576762614000854,-0.01734816570081754,0.0,0.26607608369511526,0.00040793142472979283,9.999999999999999e-05,0.0,0.9999999999999999,0,10
2025-02-02,0.09656960204118707,0.09625674117423098,0.0,0.09656960204118707,-0.09478886869684391,-0.02921466031036668,0.0,0.20264491188360156,0.00021286086695609222,0.00010000000000000003,0.0,1.0000000000000002,0,12
2025-02-03,-0.006390639071717512,-0.006652755001224394,0.0,-0.006390639071717512,0.01079123595231844,0.037159868734289336,0.0,0.06269942077365709,0.00016211592950688127,0.0001,0.0,1.0,0,14
2025-02-04,0.06630889061751212,0.0661587310808932,0.0,0.06630889061751212,-0.06495495213804063,-0.035380285249724364,0.0,0.06736435355652226,5.015953661892567e-05,0.0001,0.0,1.0,0,14
2025-02-05,0.015173410290062453,0.015019518807217237,0.0,0.015173410290062453,-0.018907172652716336,-0.011838104429540919,0.0,0.05614870350438572,5.389148284521781e-05,9.999999999999999e-05,0.0,0.9999999999999999,0,14
2025-02-06,0.03250492225489876,0.03236000329209525,0.0,0.03250492225489876,-0.0343358963807073,-0.00039460111109723695,0.0,0.06401093929216203,4.491896280350858e-05,9.999999999999999e-05,0.0,0.9999999999999999,0,14
2025-02-07,-0.0011804210341810257,-0.0013316297856147553,0.0,-0.0011804210341810257,0.0020392978099034098,-0.0006278810258706358,0.0,0.037621652804671335,5.120875143372963e-05,9.999999999999999e-05,0.0,0.9999999999999999,0,14
2025-02-08,-0.023848168377708756,-0.023978265699952494,0.0,-0.023848168377708756,0.02053716121494444,-0.00044165902057458073,0.0,0.13238163930020844,3.009732224373707e-05,0.0001,0.0,1.0,0,14
2025-02-09,0.012644059537949169,0.012438154226509002,0.0,0.012644059537949169,-0.010689251712684724,0.00012135431414606046,0.0,0.04099695382838436,0.00010590531144016676,0.0001,0.0,1.0,0,13
2025-02-10,-0.025102829074355765,-0.025235626637418473,0.0,-0.025102829074355765,0.027040368963476297,0.009910436864004168,0.0,0.09273427210869317,3.279756306270749e-05,0.0001,0.0,1.0,0,13
2025-02-11,8.638308194901332e-05,-8.780433573794122e-05,0.0,8.638308194901332e-05,-0.002157293587858996,-0.01692147809799216,0.0,0.06701190422576764,7.418741768695454e-05,0.0001,0.0,1.0,0,12
2025-02-12,-0.03751680287544501,-0.037670412398825626,0.0,-0.03751680287544501,0.03307058530137914,0.021778643162013722,0.0,0.20212152466678476,5.360952338061411e-05,0.00010000000000000003,0.0,1.0000000000000002,0,12
2025-02-13,0.014634107306654093,0.014372410086920666,0.0,0.014634107306654093,-0.01276652257167977,-0.012837328747867138,0.0,0.1653854877196532,0.00016169721973342783,0.0001,0.0,1.0,0,11
2025-02-14,-0.05051320972682215,-0.05074551811699787,0.0,-0.05051320972682215,0.039526717243940364,0.009160050786759744,0.0,0.12429092465621874,0.00013230839017572255,9.999999999999998e-05,0.0,0.9999999999999998,0,12
2025-02-15,0.02015708364403985,0.019957650904314873,0.0,0.02015708364403985,-0.013298721923938763,0.0009533573263302841,0.0,0.06214255762424242,9.9432739724975e-05,0.0001,0.0,1.0,0,13
2025-02-16,0.014943816379284248,0.014794102333184855,0.0,0.014943816379284248,-0.018197842356944112,-0.01508130164653776,0.0,0.15815986766078308,4.971404609939394e-05,0.00010000000000000005,0.0,1.0000000000000004,0,13
2025-02-17,0.00787405747497447,0.007647529580845843,0.0,0.00787405747497447,-0.008736265040553701,-0.0033705642936701086,0.0,0.11858950277761028,0.00012652789412862648,0.0001,0.0,1.0,0,14
2025-02-18,0.03342680824104692,0.03323193663882483,0.0,0.03342680824104692,-0.0316417053015011,-0.0012658862457072262,0.0,0.11823758397363578,9.487160222208823e-05,0.0001,0.0,1.0,0,14
2025-02-19,-0.013635931521500961,-0.013830521588679869,0.0,-0.013635931521500961,0.0170160848281953,0.010206856162807698,0.0,0.03721413870778777,9.459006717890862e-05,0.0001,0.0,1.0,0,13
2025-02-20,-0.031573505529675104,-0.03170327684064134,0.0,-0.031573505529675104,0.025720414790968087,0.01713182467545904,0.0,0.05616526818758632,2.9771310966230213e-05,0.0001,0.0,1.0,0,13
2025-02-21,0.03592337543730134,0.03577844322275127,0.0,0.03592337543730134,-0.03480850968412781,-0.021627860348142347,0.0,0.04345052364440045,4.493221455006906e-05,0.0001,0.0,1.0,0,13
2025-02-22,-0.029753526135371227,-0.02988828655428675,0.0,-0.029753526135371227,0.028062327250196147,0.003905213782887218,0.0,0.08003523378907121,3.476041891552036e-05,0.0001,0.0,1.0,0,13
2025-02-23,0.010450518773883762,0.010286490586852505,0.0,0.010450518773883762,-0.008241267428889325,-0.0029522306491074346,0.0,0.050452072964009755,6.402818703125697e-05,0.00010000000000000003,0.0,1.0000000000000002,0,13
2025-02-24,0.11638571348256883,0.11624535182419762,0.0,0.11638571348256883,-0.1144796458383804,-0.04888773872772767,0.0,0.19325336558470632,4.036165837120781e-05,9.999999999999999e-05,0.0,0.9999999999999999,0,13
2025-02-25,-0.003036376522102207,-0.003290979214569972,0.0,-0.003036376522102207,0.002837821810142011,-0.03142015746138582,0.0,0.06908023495232996,0.00015460269246776506,0.0001,0.0,1.0,0,14
2025-02-26,0.020112163890821703,0.01995689970285984,0.0,0.020112163890821703,-0.013548818594956926,-0.04998471329244103,0.0,0.14420961715949368,5.526418796186397e-05,9.999999999999998e-05,0.0,0.9999999999999998,0,14
2025-02-27,-0.006841735881397854,-0.007057103575125449,0.0,-0.006841735881397854,0.00856280964759549,0.005457881330269476,0.0,0.11870992436554426,0.00011536769372759495,0.0001,0.0,1.0,0,13
2025-02-28,-0.003037220925579065,-0.0032321888650715,0.0,-0.003037220925579065,0.004798004271773055,-0.004352288524249404,0.0,0.08537184743207085,9.496793949243541e-05,9.999999999999999e-05,0.0,0.9999999999999999,0,12
2025-03-01,-0.008145478948678196,-0.008313776426623853,0.0,-0.008145478948678196,0.0047790598290802155,0.02026225509966828,0.0,0.14705020707708882,6.829747794565668e-05,0.0001,0.0,1.0,0,12
2025-03-02,-0.1715059737127116,-0.17172361387837326,0.0,-0.1715059737127116,0.1840836669182123,0.09551586660264144,0.0,0.26067085534007733,0.00011764016566167106,9.999999999999999e-05,0.0,0.9999999999999999,0,13
2025-03-03,0.1387077287936845,0.13839919210941246,0.0,0.1387077287936845,-0.14874398792693097,-0.08522459532087778,0.0,0.2119779784152353,0.0002085366842720619,0.0001,0.0,1.0,0,11
2025-03-04,-0.00040941436879351773,-0.000678996751525706,0.0,-0.00040941436879351773,-0.00526901699327359,0.012219132246698461,0.0,0.28671442436715316,0.00016958238273218824,0.00010000000000000003,0.0,1.0000000000000002,0,11
2025-03-05,-0.039171650891066584,-0.039501022430560306,0.0,-0.039171650891066584,0.052026320513569466,0.03805565648357123,1.0,0.32117500968922946,0.00022937153949372253,0.00010000000000000003,0.0,1.0000000000000002,0,9
2025-03-06,0.008562087573171902,0.007405147565420518,0.006528114241999283,0.002033973331172618,-0.007583275467033674,-0.007489557350929377,0.0,0.5937307292165744,0.0010569400077513837,0.0001,1.0,1.0,1,7
2025-03-07,0.02090996617114433,0.02033498158777107,-0.014795672772415114,0.035705638943559444,-0.03566540433378457,-0.034865688113403626,0.5284540097437092,0.1422947678679421,0.00047498458337325955,9.999999999999999e-05,1.0,0.9999999999999999,1,4
2025-03-08,-0.0014318733593971728,-0.0020684723814864935,-0.006899201920549308,0.005467328561152136,-0.009909537350967603,-0.006559943195571849,0.7624709942033898,0.15811064099065544,0.000536599022089321,0.0001,1.0,1.0,2,4
2025-03-09,-0.025683836475835078,-0.026520301783990313,-0.10240110078242481,0.07671726430658975,-0.09689032992494788,-0.06376885920586828,1.0314658083582937,0.7643337974483093,0.0007364653081552362,0.0001,1.0,1.0,4,4
2025-03-10,-0.00842739608039704,-0.009964035765042322,-0.07198432689616574,0.0635569308157687,-0.06634454829655474,-0.02628617602442962,0.10327677247312361,0.3345960890487811,0.0014366396846452825,0.0001,1.0,1.0,1,8
2025-03-11,-0.02926728510741289,-0.029717583396630415,0.022960311845416505,-0.0522275969528294,0.05246838709419507,0.055088725915705794,0.8478467543674548,0.1412878369192945,0.00035029828921752376,9.999999999999999e-05,0.8967232275268764,0.9999999999999999,1,10
2025-03-12,0.033370263534577914,0.03247895586154851,0.0551774281676988,-0.02180716463312089,0.03070465010316476,0.008983545647558433,0.05729667171432601,0.19477995370104573,0.0007913076730293995,0.0001,1.0,1.0,2,9
2025-03-13,-0.025023810597368697,-0.025325471897700992,-0.05022319046174656,0.02519937986437786,-0.024546617340069393,-0.030550916001420347,0.32531859146587305,0.05207195374318458,0.0002016613003322974,0.0001,0.9999999999999999,1.0,2,8
2025-03-14,0.018437244770809436,0.01803533233464219,0.05917008330683453,-0.04073283853602509,0.03872215191440108,0.03520239155261007,0.2054110909486166,0.24105855029670684,0.00030191243616724614,0.0001,1.0,1.0,2,8
2025-03-15,-0.024852114160009087,-0.025309289873005344,-0.0022501481833710297,-0.022601965976638057,0.01983562619041253,0.00432571914634039,0.20536229352384938,0.3032832214727178,0.00035717571299625876,0.0001,1.0,1.0,2,9
2025-03-16,-0.02255792875789852,-0.02306484516989577,-0.057235320506326466,0.034677391748427946,-0.043095716712800665,-0.02089251971165862,1.1086299242952005,0.22831077320260015,0.00040691641199725376,9.999999999999999e-05,1.0,0.9999999999999999,2,8
2025-03-17,-0.016683096142217003,-0.017852648700215242,0.010504205059492457,-0.027187301201709462,0.03406020892942691,0.017219196138674064,0.8231326445577782,0.3473647686917311,0.0010695525579982406,0.0001,0.7748423368496556,1.0,1,10
2025-03-18,-0.007039125708504759,-0.008075523639104366,-0.02442056980652005,0.01738144409801529,-0.017010606521871436,-0.015444916742989867,0.0496128318830088,0.043833581218086046,0.0009363979305996075,9.999999999999998e-05,1.0000000000000002,0.9999999999999998,2,7
2025-03-19,-0.011939170856394912,-0.012113927986875788,0.05365059016094083,-0.06558976101733574,0.05865383943258882,0.050125746829716045,0.6103613368101708,0.33954042620499336,7.475713048087588e-05,0.0001,1.0000000000000002,1.0,2,7
2025-03-20,0.00454992319999639,0.0036900017895842587,-0.023100338183706437,0.02765026138370283,-0.03050655161741875,-0.030252344781349527,0.15450473172503493,0.384323918075723,0.0007599214104121314,0.0001,1.0,1.0,4,7
2025-03-21,-0.018992255641003306,-0.01952331856084391,-0.03137908337142172,0.012386827730418415,-0.013711555704000502,-0.0015834438061570477,0.1514336812652682,0.37931931195287094,0.00043106291984060637,0.0001,1.0,1.0,4,5
2025-03-22,0.016339776341584164,0.015815173947009653,0.020281483961965465,-0.003941707620381302,0.006578777888496328,-0.002919680239095057,0.707964175065317,0.09151844701290135,0.00042460239457451135,0.0001,1.0,1.0,4,7
2025-03-23,-0.002873545693935914,-0.0036131317915984885,0.015488612465585399,-0.018362158159521313,0.01688042346367919,0.026720394630862954,0.7138670631959112,0.7793101943393165,0.0006395860976625747,0.0001,1.0,1.0,2,7
2025-03-24,0.022926321796520693,0.02163177999049251,0.04935244713154225,-0.02642612533502156,0.04079783279552821,0.016493848510416687,0.24665273407487617,0.0630051632068486,0.001194541806028182,0.0001,1.0000000000000002,1.0,4,3
2025-03-25,0.010618447977123264,0.010270721659297885,0.011386405748481175,-0.0007679577713579121,0.013045268287380467,-0.0010701619191569867,0.26028521379589276,0.08234791420196139,0.0002477263178253798,0.0001,1.0,1.0,5,3
2025-03-26,-0.006790688978543465,-0.007164795480941748,-0.027050740485136705,0.02026005150659324,-0.021052226546656956,-0.005677018832594305,0.5165141184285807,1.05943504432414,0.00027410650239828333,0.0001,1.0,1.0,5,3
2025-03-27,-0.007580296130060695,-0.008941055460262871,-0.0037915972774951985,-0.0037886988525654974,0.0006389378009656729,0.0036535756465123637,0.11506583140240917,0.032754394062330605,0.0012607593302021766,0.0001,0.9999999999999999,1.0,9,1
2025-03-28,-0.01724417743344984,-0.017459158174415398,-0.07388327632530306,0.056639098891853215,-0.06233352375942252,-0.03223261063043048,0.28867967227333025,0.032754394062330605,0.00011825618037179183,9.672456059376694e-05,1.0,0.9672456059376694,9,1
2025-03-29,-0.018881231764014246,-0.019238379017082773,-0.040530716300096754,0.02164948453608251,-0.038201506404667344,-0.021048627175850543,0.4340385389668095,0.0,0.0002571472530685287,0.0001,1.0,1.0,9,1
2025-03-30,-0.017088114369221582,-0.017535345200395028,-0.009477764293118028,-0.007610350076103556,-0.005484671445990559,-0.0030494632871979066,0.4963797461313594,0.0,0.00034723083117344764,0.0001,1.0,1.0,6,1
2025-03-31,0.02582218313472795,0.025325079337822864,-0.010431593300317397,0.03625377643504535,-0.006459929905821758,0.001999931999883353,0.5586304292510667,0.0,0.00039710379690508754,0.0001,1.0,1.0,5,1
2025-04-01,0.005782533155815398,0.0052356288124145445,0.0237473269826784,-0.017964793826863,0.029179830720471193,0.03154967128184927,1.0475681475594307,1.5421188612830918,0.00044690434340085336,0.0001,1.0,1.0,5,1
2025-04-02,0.03292038313882186,0.030748633531747845,-0.017655226123581717,0.05057560926240358,-0.061624694447374215,-0.030965368082339184,0.5300305510375124,0.6039311952761122,0.002071749607074018,0.0001,0.5173192947568267,1.0,1,6
2025-04-03,-0.01335660776618011,-0.01436377716323101,0.007301834702823463,-0.020658442469003575,0.012555493782738554,0.00844273693066988,0.5032524370505862,0.2293844695125844,0.0009071693970508996,0.0001,1.0,1.0,3,3
2025-04-04,-0.013391022446039678,-0.014077131971290215,0.005291206031483804,-0.018682228477523485,0.014929416471105184,0.008172490277285283,0.20935524203086137,0.42384556038534854,0.0005861095252505366,0.0001,1.0,1.0,4,3
2025-04-05,-0.013324284923865455,-0.013930845565798423,-0.017746131293187525,0.0044218463693220696,-0.010492278854824582,-0.004235565153413945,0.8859434041753746,0.2998369129721655,0.0005065606419329679,0.0001,0.9999999999999998,1.0,4,4
2025-04-06,0.03819304452525494,0.0371444202715369,-0.08218018933535243,0.12037323386060737,-0.11119716252091731,-0.06126618294950914,1.0,0.5231310082810847,0.0009486242537180321,0.0001,1.0,1.0,2,5
2025-04-07,-0.005968483494471901,-0.007286988301096769,0.0,-0.005968483494471901,0.006382594779861924,0.009567546880979716,0.0,0.32166994934137666,0.0012185048066248678,0.0001,0.0,1.0,0,8
2025-04-08,0.03983967907017579,0.039482343110702686,0.0,0.03983967907017579,-0.04250176354265538,-0.0359123073035128,1.0,0.18809165162924507,0.0002573359594731013,0.0001,0.0,1.0,0,6
2025-04-09,-0.0037083750026775733,-0.004758848323980969,0.11970209140422362,-0.1234104664069012,0.11987061356086422,0.08244132538379167,1.0312645693534055,1.0,0.0009504733213033961,0.0001,1.0,1.0,3,5
2025-04-10,-0.030734142381282768,-0.032359154036765495,-0.030734142381282768,0.0,-0.03872217442414333,-0.03666150046011529,0.8240493014967076,0.7146198060668973,0.0016250116554827245,0.0,1.0,0.0,10,0
2025-04-11,0.021209493786854078,0.019907096520196503,0.04446176513393307,-0.023252271347078992,0.04555904690457884,0.047990075439729996,0.4888812905427391,0.09684792222128458,0.001230935286050884,7.146198060668973e-05,1.0000000000000002,0.7146198060668973,4,1
2025-04-12,0.05151460013377371,0.05098423957517793,0.07114443152697728,-0.019629831393203557,0.0628670995876328,0.022301965859222284,0.5115442835698509,0.6177718838456128,0.00046858337021121895,6.177718838456128e-05,0.9999999999999998,0.6177718838456128,7,1
2025-04-13,-0.03322228599806587,-0.03412573893199824,-0.03322228599806587,0.0,-0.028995800583568748,-0.01788056472597843,0.6235134414467203,0.5158894347897459,0.000903452933932371,0.0,1.0,0.0,11,0
2025-04-14,-0.005591842583898332,-0.006554953828366479,-0.010034592215121114,0.0044427496312227826,-0.0025572148967441216,0.01003658899319948,0.49270313263163235,0.48411056521025403,0.0009115223009891729,5.1588943478974595e-05,1.0000000000000002,0.5158894347897459,6,1
2025-04-15,-0.03683723781269717,-0.03771868877097068,-0.05935258161153936,0.022515343798842194,-0.033068279818987446,-0.011178668281415671,0.23070369932859375,0.5196105652638421,0.0007814509582735092,0.0001,0.9999999999999999,1.0,4,2
2025-04-16,0.002396628922193094,0.0017360763292345851,-0.005376413715152174,0.007773042637345267,-0.001981264718179974,0.0045605301840598855,0.13128266853375659,0.41328509727437424,0.0006002514116739487,6.030118128455999e-05,0.9999999999999998,0.6030118128455999,5,1
2025-04-17,0.0012908457141462097,0.0007551915014997049,0.011595942713662738,-0.010305096999516528,0.012708112764393518,0.011013215859030812,0.2827904416680988,0.41475146218025627,0.0004356542126465047,0.0001,1.0,1.0,5,2
2025-04-18,0.003400934739929507,0.0027843763630688487,0.011527216172940603,-0.008126281433011095,0.009957582081287957,-0.005817582288170531,0.620548644593157,0.6776862493562287,0.0005580335230786841,5.852485378197438e-05,0.9999999999999999,0.5852485378197437,6,1
2025-04-19,0.01933747387245935,0.01819888595729984,0.026952961355087488,-0.007615487482628142,0.023536237290195716,0.007414032053635777,0.5352356031267174,0.1304707669569884,0.0010385879151595084,0.0001,1.0,1.0,4,2
2025-04-20,-0.014376258384243928,-0.015008823480310891,-0.004805952082823224,-0.009570306301420707,0.0023292873974795703,0.001080580244547491,0.3824475699459815,1.0,0.0005325650960669646,0.0001,1.0,1.0,6,2
2025-04-21,0.006648549131020004,0.005542591075063219,0.006648549131020004,0.0,0.003836124285730713,0.027334188407635462,0.19631411803434845,0.0,0.0011059580559567852,0.0,1.0,0.0,8,0
2025-04-22,0.0987201616502456,0.09856311035581812,0.0987201616502456,0.0,0.08536103671900673,0.06789952667322163,0.37734098510350905,0.0,0.00015705129442747877,0.0,1.0,0.0,8,0
2025-04-23,0.0196868028262719,0.019384930038189092,0.0196868028262719,0.0,0.017069936801533465,0.0024324205689423284,0.1485703300022752,0.0,0.00030187278808280725,0.0,1.0,0.0,11,0
2025-04-24,0.010480937048433791,0.01036208078443197,0.010480937048433791,0.0,0.00979939021754807,0.0031986893383786352,0.1586485620885228,0.0,0.00011885626400182018,0.0,1.0,0.0,10,0
2025-04-25,0.029161001481939845,0.029034082632269025,0.029161001481939845,0.0,0.01465591186311932,0.007028518624190294,0.13955535944618097,0.0,0.00012691884967081825,0.0,0.9999999999999998,0.0,11,0
2025-04-26,0.0012407635042946882,0.0011291192167377435,0.0012407635042946882,0.0,0.0006761084209366196,-0.00017020502834286244,0.08425310638773931,0.0,0.00011164428755694479,0.0,0.9999999999999999,0.0,11,0
2025-04-27,-0.02994817715802731,-0.030015579643137502,-0.02994817715802731,0.0,-0.02072002487197142,-0.00928991273656965,0.14046736593003037,0.0,6.740248511019145e-05,0.0,1.0,0.0,11,0
2025-04-28,0.014714221922854926,0.014601848030110902,0.014714221922854926,0.0,0.014693267890388884,0.013574593023690129,0.1944458767448738,0.0,0.0001123738927440243,0.0,1.0,0.0,12,0
2025-04-29,-0.014634663765667624,-0.014790220467063523,-0.014634663765667624,0.0,-0.013875316618097013,-0.008096326169592105,0.045874800413740466,0.0,0.00015555670139589904,0.0,1.0,0.0,14,0
2025-04-30,-0.002547692591375274,-0.0025843924317062667,-0.002547692591375274,0.0,-0.0061878985303624135,-0.0007961774987500503,0.062097956949913595,0.0,3.6699840330992375e-05,0.0,0.9999999999999999,0.0,14,0
2025-05-01,0.019183414445554478,0.019133736079994548,0.019183414445554478,0.0,0.02225578815032036,0.02441644152303679,0.07198060568867665,0.0,4.967836555993088e-05,0.0,1.0,0.0,14,0
2025-05-02,0.00480120442552488,0.004743619940973939,0.00480120442552488,0.0,0.002328672456253622,0.004230305330765516,0.09558380873826931,0.0,5.758448455094132e-05,0.0,0.9999999999999999,0.0,14,0
2025-05-03,-0.032747833448357494,-0.03282430049534811,-0.032747833448357494,0.0,-0.029141724921989336,-0.010615380166723032,0.07506778767593286,0.0,7.646704699061546e-05,0.0,0.9999999999999999,0.0,14,0
2025-05-04,-0.023656800322598356,-0.023716854552739104,-0.023656800322598356,0.0,-0.023302395141769343,-0.016420102439060114,0.12858735257261775,0.0,6.0054230140746295e-05,0.0,0.9999999999999999,0.0,14,0
2025-05-05,-0.0028852793662553855,-0.00298814924831348,-0.0028852793662553855,0.0,-0.0033004353412250465,0.004950642150817863,0.12257343975347182,0.0,0.0001028698820580942,0.0,1.0,0.0,13,0
2025-05-06,0.016857242011710006,0.016759183259907228,0.016857242011710006,0.0,0.020827444782789212,0.022199295223592763,0.21000110206735562,0.0,9.805875180277746e-05,0.0,0.9999999999999998,0.0,14,0
2025-05-07,-0.0024433200903720377,-0.0026113209720259223,-0.0024433200903720377,0.0,-0.002974032826874299,0.001957666874313757,0.049218685244908,0.0,0.0001680008816538845,0.0,1.0,0.0,14,0
2025-05-08,0.1317819036279388,0.13174252867974287,0.1317819036279388,0.0,0.12954514631314248,0.06433449773374966,0.0978423542722112,0.0,3.9374948195926404e-05,0.0,1.0,0.0,14,0
2025-05-09,0.03530268064941092,0.03522440676599315,0.03530268064941092,0.0,0.035514254662534675,-0.002772500898495789,0.11831567210931648,0.0,7.827388341776897e-05,0.0,0.9999999999999998,0.0,14,0
2025-05-10,0.0950687894647583,0.09497413692707085,0.0950687894647583,0.0,0.09093135836112674,0.017941188184791734,0.09903208421072898,0.0,9.46525376874532e-05,0.0,1.0,0.0,14,0
2025-05-11,-0.03739548578859944,-0.03747471145596803,-0.03739548578859944,0.0,-0.037570953560546065,-0.006833745591131923,0.13063094310733878,0.0,7.92256673685832e-05,0.0,1.0000000000000002,0.0,14,0
2025-05-12,0.03022338252633297,0.0301188777718471,0.03022338252633297,0.0,0.027361418940531314,-0.012812197627235511,0.10425429644586502,0.0,0.00010450475448587102,0.0,1.0,0.0,14,0
2025-05-13,0.026616452447206763,0.02653304901005007,0.026616452447206763,0.0,0.02502792614994857,0.013069000859456947,0.07201324982196555,0.0,8.340343715669202e-05,0.0,1.0,0.0,14,0
2025-05-14,-0.030145411443033107,-0.03020302204289068,-0.030145411443033107,0.0,-0.02915411013744242,-0.005994312176937355,0.06652819365799345,0.0,5.761059985757245e-05,0.0,1.0,0.0,14,0
2025-05-15,-0.046599050944693333,-0.04665227349961973,-0.046599050944693333,0.0,-0.042989910552149645,0.0024782979776354352,0.05441973799011395,0.0,5.3222554926394766e-05,0.0,1.0,0.0,14,0
2025-05-16,-0.006139577194818183,-0.006183112985210274,-0.006139577194818183,0.0,-0.006666681850654317,-0.0029147322698369615,0.03882987279380097,0.0,4.353579039209116e-05,0.0,0.9999999999999998,0.0,14,0
2025-05-17,-0.028615822937461816,-0.028646886835696855,-0.028615822937461816,0.0,-0.025703622741153096,-0.0032162549486423053,0.04988093865609107,0.0,3.106389823504078e-05,0.0,1.0,0.0,14,0
2025-05-18,0.05190297558602988,0.05186307083510501,0.05190297558602988,0.0,0.04771491394962384,0.03228572869898594,0.0552891395506948,0.0,3.990475092487286e-05,0.0,0.9999999999999999,0.0,14,0
2025-05-19,-0.024716418310980683,-0.02476064962262124,-0.024716418310980683,0.0,-0.024215532606243515,-0.008232494671433277,0.10107430985366948,0.0,4.423131164055585e-05,0.0,1.0000000000000002,0.0,14,0
2025-05-20,-0.0015623293471992434,-0.001643188795082179,-0.0015623293471992434,0.0,-9.570746515668345e-05,0.012020096350287446,0.07299401097348616,0.0,8.085944788293559e-05,0.0,1.0,0.0,14,0
2025-05-21,0.03664015290027271,0.036581757691493924,0.03664015290027271,0.0,0.034752631188534,0.026305218815338094,0.07823139658977922,0.0,5.8395208778788934e-05,0.0,1.0,0.0,14,0
2025-05-22,0.047442445490330394,0.04737986037305857,0.047442445490330394,0.0,0.04914881543346873,0.018731952978528366,0.08116801323218552,0.0,6.258511727182338e-05,0.0,1.0,0.0,14,0
2025-05-23,-0.06338114665587381,-0.06344608106645956,-0.06338114665587381,0.0,-0.06239854467956211,-0.039325576042850474,0.39218087021696657,0.0,6.493441058574842e-05,0.0,0.9999999999999999,0.0,14,0
2025-05-24,0.0030321091157055544,0.0027183644195319812,0.0030321091157055544,0.0,0.000731121537081563,0.003984282871032807,0.15415323570036113,0.0,0.0003137446961735733,0.0,0.9999999999999997,0.0,11,0
2025-05-25,0.0017756910986371013,0.0016523685100768124,0.0017756910986371013,0.0,0.004984286674017576,0.011671428398990047,0.21876186043746534,0.0,0.00012332258856028892,0.0,1.0,0.0,10,0
2025-05-26,0.0021010994105846417,0.0019260899222346695,0.0021010994105846417,0.0,-0.0025798942137312503,0.003954811074939668,0.18563728624310277,0.0,0.00017500948834997228,0.0,1.0,0.0,9,0
2025-05-27,0.00968147585568724,0.009532966026692758,0.00968147585568724,0.0,0.010503114013090358,-0.0045480807556305125,0.4955588605809437,0.0,0.00014850982899448223,0.0,1.0000000000000004,0.0,9,0
2025-05-28,-0.001080518005619356,-0.001476965094084111,-0.001080518005619356,0.0,-0.003114362109796955,-0.01070995956443832,0.16857640346000846,0.0,0.000396447088464755,0.0,1.0000000000000004,0.0,12,0
2025-05-29,-0.03043415327638818,-0.03056901439915619,-0.03043415327638818,0.0,-0.032635490860870545,-0.020266776578097057,0.35468975796231605,0.0,0.0001348611227680068,0.0,1.0,0.0,11,0
2025-05-30,-0.06803710407674063,-0.06832085588311049,-0.06803710407674063,0.0,-0.06883249424523406,-0.015064444821342393,0.897990834076659,0.0,0.00028375180636985284,0.0,1.0,0.0,8,0
2025-05-31,0.00020033547026389906,-0.0005180571969974282,0.00020033547026389906,0.0,0.005550342165531479,0.005721019721019793,0.3762447399993737,0.0,0.0007183926672613272,0.0,1.0000000000000002,0.0,3,0
2025-06-01,0.004220964403977512,0.003919968611978013,0.004220964403977512,0.0,0.004715149129747568,0.00993450648382943,0.00914866702299516,0.0,0.00030099579199949894,0.0,1.0,0.0,2,0
2025-06-02,0.017382837687087784,0.017375518753469387,0.017382837687087784,0.0,0.015117630779309174,0.0021878459945843254,0.39984871914956077,0.0,7.318933618396129e-06,0.0,1.0,0.0,2,0
2025-06-03,0.00017662089655656483,-0.00014325807876308379,0.00017662089655656483,0.0,-0.000633366180355001,-0.004575941059006161,0.4657458221672002,0.0,0.0003198789753196486,0.0,1.0,0.0,3,0
2025-06-04,-0.017542463304176328,-0.017915059961910087,-0.017542463304176328,0.0,-0.022806132734868922,-0.0065346942611845815,0.8062557965054795,0.0,0.00037259665773376014,0.0,1.0,0.0,5,0
2025-06-05,-0.059830178338295285,-0.06047518297549967,-0.059830178338295285,0.0,-0.06057369665783447,-0.030419966017404154,0.8473480634876762,0.5091865950288157,0.0006450046372043837,0.0,1.0,0.0,2,0
2025-06-06,-0.002457326638346663,-0.0035934730246627382,0.021979719995575117,-0.02443704663392178,0.03045019305029015,0.02741413739200027,0.6227364469514779,0.5091865950288157,0.0010852277268131936,5.091865950288157e-05,0.848829487473163,0.5091865950288157,1,1
2025-06-07,0.016808887793123464,0.01590334935953923,0.016808887793123464,0.0,0.02793602143368152,0.012159439754412915,1.0,1.0,0.0009055384335842348,0.0,1.0,0.0,2,0
2025-06-08,-0.0023211527487596406,-0.004021152748759641,0.0,-0.0023211527487596406,0.005205388586145625,0.001601781863848517,0.0,0.653793295373728,0.0016,0.0001,0.0,1.0,0,5
2025-06-09,-0.04469906845547876,-0.04532210309177775,0.0,-0.04469906845547876,0.05288108348467811,0.04306917810487665,0.0,0.36625481753398514,0.0005230346362989824,9.999999999999999e-05,0.0,0.9999999999999999,0,8
2025-06-10,-0.03734036949024312,-0.037733373344270314,0.0,-0.03734036949024312,0.02699244207264864,6.804084991185455e-05,0.0,0.5887406709192844,0.0002930038540271881,0.0001,0.0,1.0,0,8
2025-06-11,0.029287926499180206,0.02871693396244478,0.0,0.029287926499180206,-0.026841222453479436,-0.0148355247044053,0.0,0.8087874078297118,0.0004709925367354275,0.0001,0.0,1.0,0,5
2025-06-12,0.06064268467187873,0.05989565474561496,0.0,0.06064268467187873,-0.05084459200500822,-0.027536832412523027,0.0,0.24249457899600657,0.0006470299262637695,0.00010000000000000003,0.0,1.0000000000000002,0,9
2025-06-13,0.026277933204447986,0.02598393754125118,0.0,0.026277933204447986,-0.015937789748907274,0.003956083496276408,0.0,0.2177615880214639,0.00019399566319680525,9.999999999999999e-05,0.0,0.9999999999999999,0,11
2025-06-14,0.017667556915606845,0.017393347645189672,0.0,0.017667556915606845,-0.018162974662771027,-0.006294605257325281,0.0,0.13632246350539023,0.00017420927041717112,0.00010000000000000003,0.0,1.0000000000000002,0,9
2025-06-15,-0.011665713585081009,-0.011874771555885321,0.0,-0.011665713585081009,0.014605147277628683,0.0016581260992085678,0.0,0.15334504878353516,0.00010905797080431219,0.0001,0.0,1.0,0,10
2025-06-16,-0.0030774250233209827,-0.0033001010623478107,0.0,-0.0030774250233209827,0.0043587409609206805,0.011517549694602502,0.6077023187101366,0.22949517488001542,0.00012267603902682813,9.999999999999998e-05,0.0,0.9999999999999998,0,9
2025-06-17,0.035148816284490784,0.03437905828961866,-0.0012980609638453752,0.03644687724833616,-0.029390722892731005,-0.021003259013340547,0.6077023187101366,0.4840119690338508,0.0006697579948721216,0.0001,0.6077023187101366,1.0,1,8
2025-06-18,-0.0024959336473252478,-0.0034693050775204373,0.0,-0.0024959336473252478,0.002785601439215262,0.0031078960462356253,0.5146599978935601,0.13151724281758095,0.00087337143019519,0.0001,0.0,1.0,0,12
2025-06-19,0.0449175812724021,0.04430063947983318,0.042075244369941256,0.002842336902460836,0.003657825064199649,-0.0021529521294861853,0.4853400021064399,0.04936078225403184,0.0005169417925689129,0.00010000000000000003,0.5146599978935601,1.0000000000000002,1,11
2025-06-20,-0.010138499073895116,-0.010666259701383494,-0.047163926839574266,0.037025427765679145,-0.035938226774476986,-0.013010589147390617,1.0,0.1882409226775309,0.0004277606274883774,0.0001,1.0,1.0,1,11
2025-06-21,0.03663589073508735,0.03558529799694532,0.0,0.03663589073508735,-0.035717175347601944,-0.011296310465964354,0.0,0.05592191428351678,0.0009505927381420247,0.00010000000000000003,0.0,1.0000000000000002,0,13
2025-06-22,0.02524645537476521,0.025101717843338398,0.0,0.02524645537476521,-0.02459572194071353,-0.011511582115168784,0.0,0.0516853509189735,4.4737531426813425e-05,9.999999999999999e-05,0.0,0.9999999999999999,0,13
2025-06-23,-0.0894944761711445,-0.08963582445187969,0.0,-0.0894944761711445,0.08394808340598327,0.04346873832437925,0.0,0.12952970930007474,4.13482807351788e-05,0.0001,0.0,1.0,0,13
2025-06-24,-0.017955582407522746,-0.018159206174962805,0.0,-0.017955582407522746,0.01486054672526499,0.00706613771940412,0.0,0.18064969094768896,0.00010362376744005979,0.00010000000000000003,0.0,1.0000000000000002,0,12
2025-06-25,0.022135031759214965,0.021890512006456815,0.0,0.022135031759214965,-0.01286892894757556,0.011742360298354626,0.0,0.10874272661027228,0.00014451975275815119,0.0001,0.0,1.0,0,10
2025-06-26,0.02278173991779992,0.022594745736511705,0.0,0.02278173991779992,-0.019373115892896198,-0.003414429530201324,0.5212953905055574,0.1860741747352771,8.699418128821782e-05,0.0001,0.0,1.0,0,11
2025-06-27,0.004157949089923711,0.0034920534377310434,0.01680221508331632,-0.012644265993392608,0.013631463562751895,0.0009072738105593281,0.04313168960530611,0.1648639656562081,0.0005658956521926677,9.999999999999998e-05,0.5212953905055574,0.9999999999999998,1,13
2025-06-28,-0.04047298432238613,-0.04073938084659534,-0.01527444417825785,-0.025198540144128274,0.02037404204178959,0.002152121236474569,0.05578662341939866,0.08172241384049636,0.00016639652420921136,0.0001,0.5644270801108635,1.0,1,11
2025-06-29,-0.013955623790302685,-0.0141656310201106,0.01703612984938953,-0.030991753639692213,0.0275758163186787,0.009966337501515321,0.3797862964697378,1.1143866845784975,0.00011000722980791603,0.00010000000000000003,0.6202137035302622,1.0000000000000002,1,11
2025-06-30,0.02202759290243863,0.02073225451760004,0.0024393629891119595,0.01958822991332667,-0.014236092587981317,-0.011286144005436372,0.2900327190938735,0.5327943224636215,0.0011953383848385883,0.0001,1.0,1.0,1,4
2025-07-01,0.03390680176098713,0.03314854012774113,-0.007851693705268928,0.041758495466256054,-0.03986824927518896,-0.013535672730872195,0.12094959203461775,1.0144003598330322,0.000658261633245996,0.0001,0.7099672809061265,1.0,1,4
2025-07-02,-0.054065639985431936,-0.05507391994692606,0.01757015093320996,-0.0716357909186419,0.061932139557131984,0.029933385650415367,0.1444342290909073,0.6442714954532783,0.00090827996149412,0.00010000000000000005,0.8309168729407442,1.0000000000000004,1,10
2025-07-03,-0.039782772212331015,-0.04051373679196637,-0.027496478250598453,-0.012286293961732564,0.00914223927042973,0.00684926470588243,0.1903756321677884,0.5627563505066882,0.0006309645796353485,9.999999999999999e-05,0.9753511020316515,0.9999999999999999,1,6
2025-07-04,0.03574883412114575,0.035046328535006166,-0.019638233204335404,0.05538706732548116,-0.038533020027786344,-0.014695303856307795,0.2146933397768206,0.9214586343972898,0.0006025055861395812,0.0001,0.7849754698638631,1.0,1,4
2025-07-05,0.002139660830078468,0.0011307392507391796,0.006237681887685992,-0.004098021057607524,0.0040042152855208945,0.002019726614252537,0.4297178699129575,1.2648887504709707,0.0009089215793392884,0.0001,0.5702821300870425,1.0,1,8
2025-07-06,-0.006852955173004488,-0.008260412288862031,0.011929777752985796,-0.018782732925990284,0.019401230854476186,0.009175855775223063,0.03231801172220122,0.5177181955040048,0.0013556852963071426,5.177181955040048e-05,1.0,0.5177181955040048,2,1
2025-07-07,0.00616681312658328,0.0057267841608023146,0.00616681312658328,0.0,-0.011149184271249033,-0.008629741135252167,0.44349594672638937,1.0,0.00044002896578096477,0.0,1.0,0.0,2,0
2025-07-08,-0.008414567688296348,-0.00966936444567746,0.005035271641138398,-0.013449839329434745,0.018210803375907653,0.006184619962866567,0.03520968674940628,0.31549097581414765,0.0011547967573811114,9.999999999999998e-05,0.5565040532736106,0.9999999999999998,1,5
2025-07-09,-0.05322273133795585,-0.0536032918680067,0.015976613674257973,-0.06919934501221384,0.04673484241297291,0.02137167032076781,0.0899945888402427,0.3734755705369596,0.0002805605300508431,0.0001,0.5917137400230169,1.0,1,4
2025-07-10,-0.061259842986260415,-0.06173061911376218,0.003873262090803354,-0.06513310507706377,0.059039662976002556,0.042979355197261926,1.4624486075596992,1.1548408131398065,0.0003707761275017619,0.0001,0.5017191511827742,1.0,1,5
2025-07-11,0.11487768086930808,0.11268384933274847,0.07063132947168832,0.04424635139761977,0.006140602453039522,0.013112696069640162,0.525168253464968,0.5519704678539936,0.002093831536559605,0.0001,0.9607294563769251,1.0,1,2
2025-07-12,-0.009272559811339247,-0.010192106959578888,-0.011983630335611289,0.002711070524272042,-0.010283607944241244,-0.0009421276595744654,0.5644387970880429,0.5783617118447077,0.0008617109770551693,5.783617118447078e-05,1.0,0.5783617118447077,2,1
2025-07-13,0.03590204982706247,0.03498780941991627,0.03590204982706247,0.0,0.019233088481308242,0.014047276881283155,0.8448020893255659,0.0,0.0009142404071462005,0.0,1.0,0.0,2,0
2025-07-14,0.02148849089116966,0.020812649219709208,0.02148849089116966,0.0,0.00815907689151454,0.006537391747025945,0.26738172659362314,0.0,0.0006758416714604527,0.0,0.9999999999999998,0.0,6,0
2025-07-15,0.011936604797686469,0.01172269941641157,0.011936604797686469,0.0,0.018009641498414934,-0.017343187290565165,0.13985791814131338,0.8217042737180462,0.00021390538127489853,0.0,1.0,0.0,8,0
2025-07-16,0.02325185012644406,0.02240042994558477,0.025300699535083356,-0.002048849408639293,0.02763731853495572,0.007238074206822764,0.3102491585017266,0.06675362727323475,0.0007692497534874876,8.217042737180462e-05,0.9999999999999999,0.8217042737180462,8,1
2025-07-17,0.06851734253943755,0.06812689452071845,0.07037070973837621,-0.0018533671989386666,0.03787829630668265,0.004940522317517404,0.15123742148680325,0.017798776054323562,0.0003016022286199691,8.88457900991281e-05,0.9999999999999999,0.888457900991281,10,1
2025-07-18,-0.02490558900061407,-0.025127883871140667,0.000799933713651872,-0.025705522714265946,0.003505223053380952,-0.010742041642403,0.09795374190631463,0.3699850685499183,0.00013522895803290145,8.706591249369575e-05,0.9999999999999999,0.8706591249369574,11,1
2025-07-19,0.02586280844412381,0.02543838999012012,0.024558412061266827,0.0013043963828569868,0.026001047117136362,-0.0006955259024024052,0.10289210309976349,0.4993259436129609,0.00037435104836498637,5.0067405638703915e-05,1.0,0.5006740563870391,11,1
2025-07-20,-0.031679814486176947,-0.03226158892354713,0.03685819720972951,-0.06853801169590645,0.04452312363513005,-0.00507917538093805,0.11172983319082992,1.0,0.00048177443737017954,0.0001,1.0,1.0,11,1
2025-07-21,0.015453615886226197,0.014564232019673534,0.015453615886226197,0.0,0.011974880399794607,0.0009742697242696163,0.1251273017076665,0.5196222541459244,0.0008893838665526639,0.0,1.0,0.0,11,0
2025-07-22,0.01099412595234679,0.010426364082249326,0.014634107291678609,-0.003639981339331818,0.015645818534501865,0.02270089030786626,0.07630652367721438,0.5196222541459244,0.0005157996446828728,5.196222541459245e-05,1.0,0.5196222541459244,13,1
2025-07-23,-0.07603778201902255,-0.07651452504128106,-0.07603778201902255,0.0,-0.06925980611804279,-0.01066889345023947,0.19170762841045663,0.6524046873688859,0.0004767430222585111,0.0,0.9999999999999999,0.0,13,0
2025-07-24,-0.014245722340961511,-0.014986252662321875,-0.012601197472457077,-0.0016445248685044345,-0.01838899371851177,-0.00353119063964924,0.08922289618456022,0.6524046873688859,0.000675289852623474,6.52404687368886e-05,1.0,0.6524046873688859,11,1
2025-07-25,0.01631293304244873,0.015719630975605973,0.01631293304244873,0.0,0.023157470937116446,-0.00600874260213724,0.08875719949334156,0.0,0.000593302066842757,0.0,1.0000000000000002,0.0,11,0
2025-07-26,0.007658744250560622,0.007587738490965949,0.007658744250560622,0.0,0.004872253301282714,0.002599854571432081,0.055730673755609736,0.0,7.100575959467325e-05,0.0,1.0,0.0,11,0
2025-07-27,0.03246131843952267,0.032416733900518184,0.03246131843952267,0.0,0.0333592731214701,0.013013914760639622,0.0841305716898492,0.0,4.458453900448779e-05,0.0,1.0,0.0,11,0
2025-07-28,-0.042407883725114684,-0.04247518818246657,-0.042407883725114684,0.0,-0.043616433922627644,-0.011572271430892123,0.12442795725352383,0.0,6.730445735187937e-05,0.0,1.0,0.0,11,0
2025-07-29,-0.013772194003639443,-0.013871736369442262,-0.013772194003639443,0.0,-0.013655577709238087,-0.001223299621996965,0.22068919860939873,0.5360606684184073,9.954236580281907e-05,0.0,1.0,0.0,11,0
2025-07-30,-0.03823135977571144,-0.038890365736175526,-0.014015730254745108,-0.024215629520966335,-0.010193273329425625,-0.001068729484210773,0.11809033808746663,1.0554024170316214,0.0006053998936222448,5.360606684184073e-05,0.9999999999999999,0.5360606684184073,9,1
2025-07-31,-0.006017858116366431,-0.007008586495323024,-0.032446916899744736,0.026429058783378305,-0.035737565504254,-0.017607900077268535,0.03481632302564505,0.5193417486132141,0.0009387942040952706,5.1934174861321414e-05,1.0,0.5193417486132141,9,1
2025-08-01,-0.03476521029638997,-0.03520853675370106,-0.03476521029638997,0.0,-0.037617294400268265,-0.021197556036312015,0.9535479088171255,1.0,0.0004433264573110874,0.0,0.9999999999999998,0.0,9,0
2025-08-02,-0.009560710262378362,-0.011223548589432062,-0.03256463899760261,0.02300392873522425,-0.027246445208463914,-0.006499194665008923,0.9999999999999999,0.06652621255149554,0.0015628383270537005,0.0001,0.9999999999999999,1.0,4,3
2025-08-03,-0.038898590340638174,-0.03985181131067937,0.0,-0.038898590340638174,0.036485285355220345,0.014594413948064489,1.0,0.9921962064574961,0.0008532209700411964,0.0001,0.0,1.0,0,3
2025-08-04,0.037676095755032404,0.03602536810013192,0.05545166197484121,-0.0177755662198088,0.04850260191898697,0.007457678789811295,0.3315560841454649,0.06440198657922713,0.001593756965165997,5.697068973448725e-05,1.0,0.5697068973448725,6,1
2025-08-05,-0.0024593218765267544,-0.0028266188241830724,-0.03161782872209135,0.029158506845564598,-0.034656783929688496,-0.008108547583044134,0.33155608414546484,0.49469508923435457,0.0003167664565797536,5.053049107656454e-05,1.0,0.5053049107656453,8,1
2025-08-06,-0.014293387778313158,-0.015054388717017014,0.008596327991075977,-0.022889715769389137,0.018047402490795356,0.007639195719104874,0.22711089430583883,0.48966645958760124,0.0006610009387038556,9.999999999999999e-05,1.0,0.9999999999999999,6,2
2025-08-07,0.02977060483812027,0.029146149600964278,0.0582448774350259,-0.028474272596905627,0.05589263730821491,0.02156671683733391,0.21036133579492672,0.5103335404123986,0.0005734218831147521,5.1033354041239865e-05,1.0,0.5103335404123986,7,1
2025-08-08,0.01748283066354073,0.01690627476257487,0.01748283066354073,0.0,0.017431032735635517,-0.00674246869568107,0.13076946213871998,0.579064142393931,0.0005765559009658603,0.0,1.0000000000000002,0.0,8,0
2025-08-09,0.003527028100381805,0.002901254802516291,0.023242882399918733,-0.019715854299536928,0.020910104083476672,-0.0017671540845181077,0.4222261920881982,1.0500357282092865,0.0005678668836261208,5.7906414239393104e-05,1.0,0.579064142393931,8,1
2025-08-10,-0.0069053518974934655,-0.008183161433731453,0.005311409544048729,-0.012216761441542196,0.00020768786327873823,0.024335585769368562,0.42438642554407324,0.5290284141846446,0.0011778095362379878,0.0001,1.0,1.0,6,3
2025-08-11,-0.031376722660066664,-0.03223945453184964,-0.025742833748054042,-0.005633888912012627,-0.03409571649402217,-0.005143586909764242,0.07347331509771071,1.0991155142383628,0.0007627318717829744,0.0001,1.0,1.0,4,2
2025-08-12,0.04126636890974535,0.04022829784627649,0.0846425419042525,-0.043376172994507134,0.07231853230888766,0.012129778771243549,0.5939598792812506,0.07937877018610662,0.0009380710634688589,0.0001,0.9999999999999999,1.0,4,2
2025-08-13,-0.015432597481389436,-0.01607126840096332,0.01808082072084171,-0.03351341820223115,0.03240169265765821,0.027005937658747037,0.3454707026381255,0.37975858174945776,0.0005386709195738858,0.0001,1.0,1.0,7,2
2025-08-14,-0.020705401353087842,-0.021348189325176813,-0.04650230805054134,0.025796906697453492,-0.056121555171284594,-0.041206124684671774,0.33313636513096395,0.5507027365359205,0.0005801834275100667,6.26045445789025e-05,1.0,0.6260454457890251,10,1
2025-08-15,0.010360549255604328,0.009553477974270821,-0.015990861393846704,0.02635141064945103,-0.011936054785146486,-0.008144300427427753,0.4354061391152304,0.43822603992669507,0.0007070712813335077,0.0001,0.9999999999999999,1.0,7,2
2025-08-16,0.0021865643974572488,0.0013876586542237084,0.008645310377892013,-0.006458745980434763,0.010564283072665983,0.0004305963887885067,1.0788472205019963,0.25240544393523445,0.0006989057432335405,0.0001,1.0,1.0,5,3
2025-08-17,0.06399338132238525,0.06282837919083546,0.07054619194938913,-0.00655281062700388,0.01947085447251681,0.00020540408779701202,0.33371645946285333,0.05138514687810736,0.0010650021315497845,0.0001,1.0,1.0,2,3
2025-08-18,0.0181468744213917,0.01773879313631893,-0.0007929288679763787,0.018939803289368076,-0.03032659038104454,-0.009971556097885137,0.04463555724025786,0.8886030465601443,0.00030808128507276854,0.0001,1.0,1.0,2,3
2025-08-19,-0.016053388725418824,-0.016899979608459147,-0.06446153007589177,0.048408141350472944,-0.05211615826384829,-0.028914580026785264,1.0,0.5976495967500028,0.0007465908830403217,0.00010000000000000003,1.0,1.0000000000000002,2,7
2025-08-20,-0.03894649838020957,-0.040324618057609576,0.0,-0.03894649838020957,0.049548093030532855,0.012375890987926352,1.0,0.3539607020926423,0.0012781196774000023,9.999999999999998e-05,0.0,0.9999999999999998,0,11
2025-08-21,-0.03618895420176671,-0.037372122763440825,-0.06208878469333745,0.025899830491570745,-0.029319467946380913,-0.015393909149408413,0.3900294113656603,0.2611509236743874,0.001083168561674114,0.0001,1.0,1.0,1,9
2025-08-22,-0.038743081046898074,-0.039364025314930114,0.04908487723408091,-0.08782795828097899,0.09167598784486929,0.03943814010396385,0.529968941627865,1.2370752793569224,0.0005209442680320382,9.999999999999999e-05,0.6099705886343397,0.9999999999999999,1,11
2025-08-23,-0.0015305954514520902,-0.00304423082823992,-0.019323880057711816,0.017793284606259726,-0.00908952098158188,-0.013006266173356984,0.37305826445293766,0.15937221300290402,0.00141363537678783,0.0001,1.0,1.0,3,3
2025-08-24,0.007797774658674705,0.007271830276710032,-0.013794973052755998,0.021592747711430705,-0.015783816219810873,-0.016734689986141138,0.5663291779967877,0.6144368349139872,0.00042594438196467336,0.0001,0.9999999999999999,1.0,2,3
2025-08-25,-0.0341458300126401,-0.03519044282296872,-0.09466630514777086,0.060520475135130744,-0.07965452496048213,-0.02981410588093225,0.4359823091163181,0.6846272633257361,0.0009446128103286199,0.0001,1.0,1.0,1,4
2025-08-26,-0.010521809792928188,-0.01151829745088183,0.024034639118647384,-0.03455644891157557,0.04062175059978322,0.01495402674807389,0.021755800094014455,0.26810027057435987,0.0008964876579536433,0.0001,0.5640176908836819,1.0,1,8
2025-08-27,-0.010475969119899804,-0.010807853976434502,-0.013262262994404445,0.0027862938745046397,-0.004110287204249584,-0.004610155411472028,0.16788247205804674,0.4571166479880814,0.00023188485653469947,0.00010000000000000003,0.5422618907896675,1.0000000000000002,1,10
2025-08-28,0.024297081637935387,0.023697082341898486,0.0417608976259246,-0.01746381598798922,0.022328195782315405,0.011802699584243515,0.6072051267215794,0.3212242837547523,0.0004999992960369026,0.0001,0.7101443628477142,1.0,1,6
2025-08-29,-0.010238171593128653,-0.011080915121509717,-0.058002655080296464,0.04776448348716781,-0.0448021628249466,-0.03710781433738086,0.09024551452274876,0.16872932172389377,0.0007427435283810655,0.0001,1.0,1.0,2,4
2025-08-30,-0.0242657130334633,-0.024572892902460612,-0.004025695538305686,-0.020240017495157615,0.006330944736163595,0.003927726146563781,0.05515641329890131,0.2131871890590318,0.00020717986899731404,0.0001,1.0,1.0,2,5
2025-08-31,0.0018997975250943638,0.0015851226432080172,-0.01141981753316566,0.013319615058260023,-0.013089660008762216,-0.005052506530560108,0.07831859325132534,0.23161846872353836,0.00021467488188634649,9.999999999999998e-05,1.0,0.9999999999999998,2,4
2025-09-01,-0.02595435404122061,-0.0263023036908005,-0.023156811745651235,-0.0027975422955693694,-0.009951236401492805,0.009051977480491358,0.4310267295606213,0.447468360134482,0.000247949649579891,0.0001,1.0,1.0,2,3
2025-09-02,-0.00023456242744105543,-0.0010373584991971382,0.04358408617861615,-0.043818648606057206,0.035657915906930175,0.01831796380368167,0.4707398076126955,0.56923906712196,0.0007027960717560827,0.0001,0.9999999999999999,1.0,3,2
2025-09-03,0.001365672674323042,0.0004336895745353175,0.010383069628006293,-0.00901739695368325,0.012872185963698728,0.004243263661546148,0.327055400051567,0.49005668176004835,0.0008319830997877244,0.0001,1.0,1.0,3,3
2025-09-04,-0.030143620458958364,-0.030897310124407655,-0.04779857108323035,0.01765495062427199,-0.031005500196672524,-0.008780241411860068,0.028366126052306817,0.08101300185895455,0.0006536896654492923,9.999999999999998e-05,0.9999999999999998,0.9999999999999998,2,4
2025-09-05,-0.008625373131071784,-0.008812876433400792,0.00281605904933208,-0.011441432180403863,0.01575050073355938,-0.0005827642723036375,0.0011600947908140813,0.06697266979041544,8.75033023290091e-05,0.0001,1.0,1.0,2,4
2025-09-06,-0.005200239177259801,-0.005354745388924785,-0.011134194101152949,0.005933954923893148,-0.005676035909257645,-0.004335763084358346,1.0,0.3771140588912662,5.450621166498362e-05,0.00010000000000000003,1.0,1.0000000000000002,2,4
2025-09-07,-0.016287737728088683,-0.017489428975201695,0.0,-0.016287737728088683,0.02244095934849461,0.008541312367605913,0.6181117841506315,0.07234011354819353,0.0011016912471130131,0.0001,0.0,1.0,0,6
2025-09-08,0.01981041416899047,0.01915805265083141,0.023161588499124437,-0.003351174330133968,0.02033305434394117,0.008432064532392314,0.12399732511444139,0.33798555311338924,0.0005523615181590601,0.0001,0.6181117841506315,1.0,1,6
2025-09-09,0.016449488903409807,0.015979902600827545,0.01071449933477751,0.005734989568632299,0.0026813442857557663,-0.004577163640519077,0.02286637003396752,0.12527507120814962,0.0003695863025822645,0.0001,0.7421091092650729,1.0,1,6
2025-09-10,0.0036306493327059536,0.00341213617971226,0.022626447003585376,-0.01899579767087942,0.030034152279402187,0.02149688026626051,0.6680558327368616,0.30295738668117966,0.00011851315299369372,0.0001,0.7192427392311054,1.0,1,6
2025-09-11,-0.011474949042699596,-0.012351759618234029,0.005495435593174407,-0.016970384635874004,0.01575098369061484,0.013434969200188274,0.03575096878497325,0.28499232086278603,0.0007768105755344331,0.0001,0.9999999999999999,1.0,2,5
2025-09-12,0.009327998161999286,0.008971403530281079,0.029387310033320256,-0.02005931187132097,0.027462107378516627,0.004777045232051469,0.6430522028582704,0.09738040843727842,0.00025659463171820744,0.0001,1.0,1.0,2,6
2025-09-13,0.0010487642399701082,0.0003564181509336691,0.000542810815320967,0.0005059534246491413,0.01174548900038266,-0.0009975995530201454,1.121670348115671,0.4312610409599391,0.0005923460890364391,0.0001,0.7299900781374873,1.0,1,6
2025-09-14,-0.016868353504744544,-0.018210698616005033,-0.025960364818008716,0.009092011313264174,-0.025991409403522698,-0.0056333919371808205,0.3892932149671209,0.5521835358839144,0.001242345111260488,0.0001,1.0,1.0,4,4
2025-09-15,-0.0008154656245568316,-0.00166864702523766,-0.014631249917585607,0.013815784293028774,-0.01977740298963319,0.000786390070306453,0.44163274699402255,0.26050225420389117,0.0007531814006808283,0.0001,1.0,1.0,3,6
2025-09-16,0.002419459692289603,0.0017577516913312718,0.010222423696623862,-0.007802964004334259,0.02224856685815252,0.012547202703194982,0.11992203492655312,0.30528553479982823,0.000561708000958331,0.00010000000000000003,1.0,1.0000000000000002,2,7
2025-09-17,0.01924035602887832,0.018800189973097216,0.04342143089957134,-0.024181074870693015,0.0257906215532033,-0.0029533873588512005,0.7042806017227823,0.5647496488441409,0.0003401660557811051,0.0001,1.0,1.0,2,6
2025-09-18,0.016546700476761076,0.015431476276307539,0.03113657529118475,-0.014589874814423674,0.019649961200317947,0.005279955327420094,0.6496707326481725,0.941420917983518,0.0010152242004535384,0.0001,1.0,1.0,4,4
2025-09-19,0.0009405682960049264,-0.0004083432024787245,-0.0349416453211095,0.035882213617114425,-0.03392714260810364,-0.0123708415265803,0.7592408706972475,0.7805938721077195,0.0012728733205053526,7.603817797829835e-05,0.9999999999999998,0.7603817797829835,7,1
2025-09-20,-0.0009417178755512794,-0.002273585669795253,-0.0033846848369094473,0.0024429669613581675,0.0036885888882561358,0.00047936523044578294,0.6612068938052899,0.029505673850904024,0.0012318677942439737,0.0001,0.9999999999999999,1.0,3,3
2025-09-21,0.0026536681216340666,0.0020010980675091118,-0.0071842080445449815,0.009837876166179049,-0.009561280947475905,-0.0038140573526982413,0.605063856370525,0.9839572000719436,0.0005525700541249551,9.999999999999999e-05,1.0,0.9999999999999999,5,3
2025-09-22,0.03494177630283201,0.033570559457678034,-0.01853246580099488,0.0534742421038269,-0.05197163314867685,-0.022392018328950436,0.9634460736888629,0.1470806468477125,0.001271216845153975,0.0001,0.9999999999999999,1.0,3,8
2025-09-23,0.0032337992474048534,0.002245377870975593,-0.00679870169522479,0.010032500942629642,-0.010204136948041898,-0.005840786397015352,0.5783133631509956,0.20223831904378983,0.0008884213764292604,9.999999999999999e-05,0.837130320370935,0.9999999999999999,1,9
2025-09-24,-0.0265290861293675,-0.027253527475123326,-0.0234303621339509,-0.0030987239954166006,0.004322926658730654,0.011675167713292911,0.628868642035866,0.5368746807118703,0.0006244413457558284,0.00010000000000000003,1.0,1.0000000000000002,2,9
2025-09-25,-0.03966271674490307,-0.040695311403101266,-0.09451122731287014,0.054848510567967065,-0.06639918659758917,-0.038139933247390845,1.0,0.7243478961233388,0.0009325946581981891,9.999999999999999e-05,1.0,0.9999999999999999,3,5
2025-09-26,-0.034304659266952864,-0.03578413758385154,0.0,-0.034304659266952864,0.029405826879325803,0.006003607672500522,0.0,0.2261173194828221,0.0013794783168986713,0.0001,0.0,1.0,0,10
2025-09-27,0.004929140709308902,0.004648246853722644,0.0,0.004929140709308902,-0.006305671069478079,-0.00010220050461495767,0.0,0.2813265692307462,0.0001808938555862577,0.0001,0.0,1.0,0,8
2025-09-28,-0.02772161912742758,-0.028046680382812175,0.0,-0.02772161912742758,0.026979613372270967,0.023200973194265728,0.6675905682274471,0.5704873614761831,0.000225061255384597,0.0001,0.0,1.0,0,10
2025-09-29,0.003071265074846458,0.001980802731083554,0.00924147189080327,-0.006170206815956813,0.004555408255753386,0.01906446330525613,0.8220540868469753,0.2591538429945722,0.000990462343762904,0.00010000000000000003,0.6675905682274471,1.0000000000000002,1,6
2025-09-30,-0.008312304208527974,-0.009277270552401212,-0.017447079450619334,0.00913477524209136,-0.012205442225900087,-0.002348212933813376,0.19480449639511493,0.20701695809493026,0.000864966343873238,0.0001,1.0,1.0,2,7
2025-10-01,-0.03816916689010434,-0.03859062405369638,0.020871011560591894,-0.05904017845069624,0.051839798983824674,0.040035512260853556,0.9051762854631683,1.0650119904158708,0.00032145716359203617,0.0001,1.0,1.0,2,6
2025-10-02,0.015089336481377972,0.013413185860674741,0.03494057132173607,-0.019851234840358105,0.03194493083568178,0.016270442437268384,0.3550571897454643,0.805886967710681,0.0015761506207032313,0.0001,0.9999999999999999,1.0,4,2
2025-10-03,0.0500011337941162,0.04897237846815128,0.052735066456917744,-0.002733932662801543,0.009909741110423396,0.014121693574023375,0.26775876159943046,0.01729594000313278,0.0009287553259649162,0.0001,1.0,1.0,4,4
2025-10-04,-0.002825966044817492,-0.0031540098060995423,-0.02392913739704867,0.02110317135223118,-0.023666926373175586,0.0013136065907857208,0.060853018791396846,0.07740387593239495,0.0002280437612820506,0.0001,1.0,1.0,3,4
2025-10-05,0.007575006006947408,0.007364400491168374,0.010250996768820029,-0.00267599076187262,0.003300713549354866,0.008856233938625113,0.05184406882339579,0.14508813089309436,0.00011060551577903344,9.999999999999999e-05,1.0,0.9999999999999999,3,4
2025-10-06,-0.0004377822012975067,-0.0006953279610706988,0.03528779136906982,-0.03572557357036733,0.0296964611764983,0.009736953187600372,0.07513456933100376,0.3876548791385506,0.00015754575977319212,9.999999999999998e-05,0.9999999999999998,0.9999999999999998,3,4
2025-10-07,0.07321369103854272,0.07274345947976707,0.022141237652704787,0.05107245338583793,-0.044122435205856,-0.02681569624925273,0.2578180691591475,1.0602557610521806,0.00037023155877564354,0.0001,0.9999999999999999,1.0,3,3
2025-10-08,-0.018144522271563296,-0.01929898133573236,0.004829388258145815,-0.02297391052970911,0.021287985834307528,0.01608587930231309,0.25208491498054186,0.37870846592005303,0.0010544590641690626,9.999999999999998e-05,1.0,0.9999999999999998,3,9
2025-10-09,-0.0033677702765545717,-0.003972404981275048,-0.03225586701394866,0.028888096737394085,-0.021669474668304396,-0.013455320012171645,0.0235021517810739,0.33286592223630895,0.0005046347047204759,0.0001,1.0,1.0,2,8
2025-10-10,0.09522975337257604,0.09484465891336213,-0.10996471101310322,0.20519446438567926,-0.19230514735979987,-0.07291043787881657,0.3346735631619202,0.4404412467909612,0.00028509445921390627,0.0001,1.0,1.0,2,10
2025-10-11,0.03657283189253587,0.03585274004457356,0.019353195895875024,0.01721963599666084,-0.014094716663404108,-0.01894869267505883,0.2286256527047228,0.08496258819504612,0.0006200918479623051,9.999999999999999e-05,0.6653264368380798,0.9999999999999999,1,13
2025-10-12,0.04413697669497499,0.04378610610225517,0.1323209462454032,-0.08818396955042819,0.09052729744861321,0.03902455346444289,0.10604791045719741,0.06919952783599308,0.0002508705927198151,0.0001,0.8939520895428026,1.0,1,13
2025-10-13,-0.04992830191742456,-0.050168499868059116,-0.007068737911767431,-0.04285956400565714,0.03606500354129851,0.001893042654820487,0.0,0.07535055917582988,0.0001401979506345524,9.999999999999999e-05,1.0,0.9999999999999999,1,13
2025-10-14,-0.031035601507317642,-0.031195881954658305,-0.06622813458966847,0.03519253308235083,-0.03677489132721284,-0.018487228514167398,0.0,0.07944384425292604,6.028044734066391e-05,0.0001,1.0,1.0,1,12
2025-10-15,0.003920172796466544,0.0037566177210642034,-0.03720106288751113,0.04112123568397767,-0.04016695065067566,-0.020222368162515325,0.18959175653436944,0.042644545960162664,6.355507540234084e-05,0.0001,1.0,1.0,1,13
2025-10-16,0.027818591022347995,0.02753280198035237,-0.012848470891767693,0.040667061914115676,-0.037376823986926246,-0.023212495144490974,0.8104082434656306,0.07041853394397966,0.00018578904199562568,0.00010000000000000003,0.8104082434656306,1.0000000000000002,1,13
2025-10-17,0.029881175898218724,0.029076514476291036,0.0,0.029881175898218724,-0.03112061243643734,-0.01619171104251005,0.0,0.10531517117960905,0.0007046614219276882,0.0001,0.0,1.0,0,13
2025-10-18,-0.01578419659192088,-0.01596844872886457,0.0,-0.01578419659192088,0.016345633970454854,0.006945945895133088,0.0,0.05544991126282524,8.425213694368724e-05,0.0001,0.0,1.0,0,14
2025-10-19,-0.021477091174649236,-0.021621451103659498,0.0,-0.021477091174649236,0.021472761096576237,0.01371111162975236,0.0,0.0328274600703951,4.435992901026019e-05,0.0001,0.0,1.0,0,14
2025-10-20,-0.016856230295142695,-0.01698249226319901,0.0,-0.016856230295142695,0.01703940844099908,0.017347508246904342,0.0,0.08384900748791582,2.6261968056316083e-05,9.999999999999998e-05,0.0,0.9999999999999998,0,14
2025-10-21,0.02465709327548472,0.024490014069494387,0.0,0.02465709327548472,-0.025759402513589897,-0.02006157333355052,0.0,0.06213345701310812,6.707920599033266e-05,0.0001,0.0,1.0,0,14
2025-10-22,0.0225431335322004,0.022393426766589918,0.0,0.0225431335322004,-0.02185473030245083,-0.006666746725516037,0.0,0.07900837039731572,4.97067656104865e-05,0.0001,0.0,1.0,0,14
2025-10-23,-0.027274391340921675,-0.027437598037239528,0.0,-0.027274391340921675,0.02777039272514043,0.023192166052895757,0.0,0.12937913898099518,6.320669631785257e-05,0.0001,0.0,1.0,0,14
2025-10-24,-0.023688878747220504,-0.023892382058405298,0.0,-0.023688878747220504,0.02189087130375302,0.008538898568428044,0.0,0.0687995494601211,0.00010350331118479615,9.999999999999999e-05,0.0,0.9999999999999999,0,13
2025-10-25,-0.004705033604715798,-0.0048600732442838955,0.0,-0.004705033604715798,0.005465019064546439,0.005623374493310518,0.0,0.4712309471531524,5.503963956809688e-05,0.00010000000000000003,0.0,1.0000000000000002,0,13
2025-10-26,-0.04975094215431123,-0.05022792691203375,0.0,-0.04975094215431123,0.042268136739226754,0.026063407456263787,0.8331181555304562,0.2699138446428599,0.00037698475772252196,0.00010000000000000003,0.0,1.0000000000000002,0,9
2025-10-27,0.01531703274888655,0.014334607148747897,-0.0031557230274604094,0.01847275577634696,-0.012577236296838332,-0.0037878457053323045,0.052700137320583096,0.023792690393580812,0.0008824256001386529,0.0001,0.8331181555304562,1.0,1,8
2025-10-28,0.028083848269793807,0.027922654007622477,-0.00841967291381839,0.0365035211836122,-0.028097591421563966,-0.010788670580840098,0.7804180182098731,0.40926540838255315,6.119426217133112e-05,0.00010000000000000003,0.7804180182098731,1.0000000000000002,1,8
2025-10-29,-0.005184117197407858,-0.006235863938681799,0.0,-0.005184117197407858,0.0008487628522256581,-0.02523984454971262,0.0,0.18489099982128687,0.000951746741273941,0.0001,0.0,1.0,0,12
2025-10-30,0.057948825976674195,0.057700913176817165,0.0,0.057948825976674195,-0.05268351502840552,-0.015657504255102483,0.0,0.0844523571340699,0.0001479127998570295,0.0001,0.0,1.0,0,13
2025-10-31,-0.018208483318792386,-0.01837604520449964,0.0,-0.018208483318792386,0.016431770274166868,0.011950472689318259,0.0,0.16544717820125449,6.756188570725592e-05,0.00010000000000000003,0.0,1.0000000000000002,0,13
2025-11-01,-0.024227377308150402,-0.024459735050711404,0.0,-0.024227377308150402,0.02291972523101555,0.004471632652502278,0.0,0.12281027001627573,0.0001323577425610036,9.999999999999998e-05,0.0,0.9999999999999998,0,14
2025-11-02,-0.001695871802371752,-0.0018941200183847727,0.0,-0.001695871802371752,0.0008607870248092477,0.004068254349042899,0.0,0.12801424397366062,9.82482160130206e-05,0.00010000000000000003,0.0,1.0000000000000002,0,14
2025-11-03,0.102123051360935,0.10192063996575607,0.0,0.102123051360935,-0.10532823465289114,-0.035756401426672135,0.0,0.08958950349476455,0.0001024113951789285,0.0001,0.0,1.0,0,14
2025-11-04,0.05147740887458687,0.05130573727179106,0.0,0.05147740887458687,-0.051766035716421736,-0.0478084171797567,0.0,0.07467093246266523,7.167160279581164e-05,0.0001,0.0,1.0,0,14
2025-11-05,-0.04060085079866743,-0.040760587544637565,0.0,-0.04060085079866743,0.041729838363077656,0.023525805246509934,0.0,0.049209851449258844,5.973674597013219e-05,9.999999999999999e-05,0.0,0.9999999999999999,0,14
2025-11-06,-0.006301221125584516,-0.006440589006743923,0.0,-0.006301221125584516,0.004821789792904953,-0.024378593372304636,0.0,0.1623370057049101,3.9367881159407075e-05,9.999999999999999e-05,0.0,0.9999999999999999,0,14
2025-11-07,-0.08842133790305758,-0.08865120750762151,0.0,-0.08842133790305758,0.1456443957696074,0.019738296797018107,1.0,0.21825158699128858,0.0001298696045639281,9.999999999999998e-05,0.0,0.9999999999999998,0,13
2025-11-08,-0.11337290866555708,-0.11444750993515011,-0.12388855957320688,0.010515650907649806,-0.012538166042370815,-0.010027568796149633,0.0,0.04895471942089345,0.000974601269593031,9.999999999999998e-05,1.0,0.9999999999999997,1,12
2025-11-09,-0.08312903219526854,-0.08326819597080526,-0.0592016238159675,-0.02392740837930104,0.020337869437407365,0.02348016462418334,1.298529190129131,1.096048869111653,3.916377553671477e-05,0.0001,1.0,1.0,1,12
2025-11-10,-0.050317043568821836,-0.05233270601621447,-0.04646624924111827,-0.003850794327703564,0.0007491886320761809,0.012378834171199893,0.2497686935077041,1.1461472311456742,0.0019156624473926273,0.0001,0.9999999999999999,1.0,5,4
2025-11-11,-0.049165273578934264,-0.05038200631865697,-0.08311212446895495,0.0339468508900207,-0.05973655289532826,-0.027938127499025578,1.057420302694413,1.4605118407442639,0.0011167327397227026,0.0001,1.0,1.0,6,1
2025-11-12,-0.006549658536280807,-0.008664004251031749,-0.015221104320229918,0.008671445783949112,-0.010286142280133146,-0.013591467664927581,0.37412444387373484,0.12658432082124219,0.002014345714750942,0.0001,1.0,1.0,2,8
2025-11-13,-0.023353888680326798,-0.02385445569208278,-0.058743169398907114,0.035389280718580315,-0.032033889387837175,-0.019206580726690792,0.0,0.11235255415539452,0.00040056701175598166,0.0001,1.0,1.0,1,9
2025-11-14,0.005462870436255679,0.005272988392931363,-0.03434929850024193,0.03981216893649761,-0.041740297126043394,-0.05127124469290345,0.6666279218216089,0.15451430400417854,8.988204332431563e-05,0.0001,1.0,1.0,1,8
2025-11-15,0.007789253881262036,0.0070323401006014054,0.026151181274837287,-0.018361927393575252,0.023321205837841173,0.010739870685779973,0.42173914635871446,0.24544046984109485,0.00065691378066063,0.0001,1.0,1.0,2,9
2025-11-16,-0.027658498823306357,-0.028292242516266206,-0.04674499902424105,0.019086500200934695,-0.028806563612745997,-0.014007909142185637,0.4982091765646037,0.07476422526930608,0.0005337436929598475,0.00010000000000000003,1.0,1.0000000000000002,3,7
2025-11-17,0.028675431841662668,0.02811705312019554,-0.00138662271620979,0.03006205455787246,-0.02463165137783317,-0.021778422592672375,0.6340382150046455,0.1631466931135902,0.00045837872146712786,0.0001,1.0,1.0,5,7
2025-11-18,-0.017109254034249063,-0.01784700196074365,0.01594318026579313,-0.03305243430004219,0.03311232150121734,0.008106785635626501,0.338197152947724,0.0650022860679084,0.0006377479264945887,0.0001,1.0,1.0,3,8
2025-11-19,-0.027746603076172167,-0.028169162627384673,-0.05464195336309192,0.02689535028691975,-0.030193763410154846,-0.015153325175506271,0.5536682383642928,0.19909801303742242,0.0003225595512125059,0.0001,1.0,1.0,3,8
2025-11-20,0.020786258773131075,0.020084045772009704,-0.02551722891659673,0.04630348768972781,-0.049280169403836886,-0.053629756231361014,0.6417829608373817,0.1256572756471399,0.0006022130011213723,0.0001,1.0,1.0,2,9
2025-11-21,-0.047822557651291876,-0.0485365098404795,-0.08884413030795588,0.041021572656664,-0.04431371543268601,-0.017410824086936394,1.4712301252437914,0.12831861266780287,0.0006139521891876174,0.0001,0.9981254145708609,1.0,1,10
2025-11-22,0.026370222643208846,0.02499058365287957,0.024323731748000912,0.0020464908952079345,-0.0009336986690083712,-0.004748893863808723,0.5268952893270695,0.10645298754321786,0.0012796389903292754,0.0001,1.0,1.0,2,11
2025-11-23,-0.049172902229389005,-0.04977958085088524,-0.030658850607782395,-0.018514051621606603,0.01246380587931284,0.02501257536362278,0.0,0.06479874207073084,0.0005066786214962299,0.0001,1.0,1.0,1,12
2025-11-24,-0.030750271861569478,-0.030902110855226064,0.01847626467805652,-0.049226536539626,0.04689957699681181,0.01658147837115842,0.0,0.10489924589886546,5.183899365658468e-05,0.0001,1.0,1.0,1,12
2025-11-25,-0.03817706380293956,-0.03836098319965865,-0.04039852102799468,0.0022214572250551213,-0.0029390986282356196,-0.010459267216713086,1.0,0.07513083118618297,8.391939671909237e-05,0.0001,1.0,1.0,1,12
2025-11-26,-0.02923780781645657,-0.030197912481405517,0.0,-0.02923780781645657,0.026811585436542353,0.03566025873727874,0.0,0.056571208767530856,0.0008601046649489464,9.999999999999998e-05,0.0,0.9999999999999998,0,12
2025-11-27,0.004059241361494148,0.003913984394480123,0.0,0.004059241361494148,-0.008746572832127526,0.009444028567605844,0.0,0.19906590686819853,4.5256967014024684e-05,0.0001,0.0,1.0,0,12
2025-11-28,0.01251187321558317,0.012252620490088613,0.0,0.01251187321558317,-0.009660090228735358,-0.004867885755847623,0.0,0.2512400507680086,0.00015925272549455882,9.999999999999999e-05,0.0,0.9999999999999999,0,10
2025-11-29,0.010569467219254832,0.010268475178640426,0.0,0.010569467219254832,-0.013481255228043665,-0.0009114144756394715,0.6395944181978827,0.5892303729005381,0.00020099204061440687,0.0001,0.0,1.0,0,12
2025-11-30,-0.008689553089322885,-0.00977261292220162,-0.013565945239381177,0.004876392150058293,-0.011295074465061386,-0.004896160414256556,0.6395944181978827,0.48433924207359325,0.0009830598328787368,0.0001,0.6395944181978827,1.0,1,7
2025-12-01,0.06199047817650935,0.06099133124829217,0.0,0.06199047817650935,-0.06121790351931675,-0.04516134746669087,0.0,0.2714176230038918,0.0008991469282171807,0.0001,0.0,1.0,0,11
2025-12-02,-0.0865214241057422,-0.08683855820414532,0.0,-0.0865214241057422,0.08257604940661241,0.05806362590675507,0.5501304787059627,0.1802524399515022,0.00021713409840311344,0.00010000000000000003,0.0,1.0000000000000002,0,12
2025-12-03,0.0003673503684149238,-0.00031695596651104806,0.045443060290443565,-0.04507570992202864,0.04444136989842414,0.02331639435347843,0.7446613536640695,1.4881740604662743,0.0005843063349259719,0.0001,0.5501304787059627,1.0,1,11
2025-12-04,-0.013072408242331005,-0.014958676573635279,-0.03106570959737189,0.017993301355040882,-0.028479697449124684,-0.014371893630852228,0.2017950390867851,1.0,0.0017862683313042752,0.0001,1.0,1.0,6,2
2025-12-05,-0.033215963590708476,-0.034177399621977904,-0.033215963590708476,0.0,-0.041980992333586716,-0.029838745603560368,1.141629258901657,1.0,0.0009614360312694281,0.0,1.0,0.0,5,0
2025-12-06,0.036826546334335415,0.03501324292721408,0.042846924177396106,-0.006020377843060692,0.010127705063991434,-0.00102364806218036,0.7088784937745651,0.5851847973075688,0.0017133034071213256,0.0001,1.0,1.0,1,3
2025-12-07,0.011103878731203835,0.009968628098338128,0.007786786386716204,0.0033170923444876274,-0.0013349192290431078,0.012873736926424684,0.7088784937745651,0.6780410394490575,0.0010352506328657073,0.0001,1.0,1.0,3,4
2025-12-08,-0.05812551884406817,-0.059335054470647075,-0.0322057421868468,-0.025919776657221373,0.017746685740315977,0.002937614975416558,0.0,0.3439419378937441,0.0011095356265788982,0.0001,1.0,1.0,1,7
2025-12-09,-0.016949320906652902,-0.017324474456967897,0.009502911346476184,-0.026452232253129086,0.04282148085012733,0.02237702348947357,0.8668970014341428,0.0551589201123754,0.0002751535503149953,0.0001,1.0,1.0,1,5
2025-12-10,-0.014539076985664801,-0.015376721722902015,-0.04155928553000289,0.027020208544338092,-0.02837472422665335,-0.007134190573239496,0.8668970014341428,0.4803152640733776,0.0007376447372372146,9.999999999999999e-05,1.0,0.9999999999999999,3,5
2025-12-11,0.030282012149814908,0.02910424233740889,0.002760548615357683,0.027521463534457224,-0.018456103828495503,0.0054361120926313955,1.1285683862153328,0.41199274926299445,0.0010777698124060165,0.0001,1.0,1.0,1,7
2025-12-12,0.0034158423334812093,0.0020833934250985473,-0.014397178514977422,0.01781302084845863,-0.022340288040992893,-0.02430753426509147,0.3233814057862305,0.2660549607886611,0.001232448908382662,9.999999999999998e-05,1.0000000000000002,0.9999999999999998,4,5
2025-12-13,-0.0034411793864536516,-0.004012728479713565,0.0030954521721028973,-0.006536631558556549,0.008140173383911637,-0.00042447267858891635,0.4464741057905064,0.515753032916235,0.00047154909325991334,0.0001,1.0,1.0,3,5
2025-12-14,0.0014056190658113359,0.0005358373548459427,-0.03355877378241367,0.034964392848225,-0.031027321493039755,-0.022978934775305326,0.06264427299960426,0.16472034460154883,0.0007697817109653931,0.0001,0.9999999999999999,1.0,4,3
2025-12-15,-0.0022486427347820407,-0.002530534428862963,-0.031214544690748792,0.028965901955966752,-0.02821251783728678,-0.019620103769002806,0.38508665968449074,0.26129221554161075,0.00018189169408092248,0.0001,1.0,1.0,4,3
2025-12-16,-0.004526096020768984,-0.005143199120949866,0.01412375039554023,-0.018649846416309214,0.012443762199006534,0.016626943658923254,0.34393765060522097,0.33349763325797965,0.0005171031001808813,0.0001,1.0,1.0,3,4
2025-12-17,0.011516469861737065,0.010874521634646505,-0.03736909747601693,0.048885567337753996,-0.04070262866312173,-0.01849901453209346,0.06652878163457365,0.09948853872506178,0.0005419482270905605,9.999999999999999e-05,1.0,0.9999999999999999,4,3
2025-12-18,0.016230071741579328,0.01599725788529162,-0.01488783853309171,0.03111791027467104,-0.024912098181058075,-0.008490561660108531,1.2060459683438283,0.7325039978645799,0.00013281385628770835,0.0001,1.0,1.0,4,3
2025-12-19,0.021050273934998736,0.01939943396203201,0.08861089368272643,-0.06756061974772769,0.06525586660676105,0.030774648793666204,0.9235526312613958,0.7325039978645798,0.0015508399729667265,0.0001,0.8497927503747684,1.0,1,6
2025-12-20,-0.03848605872002048,-0.03991090402332126,-0.028912041097720165,-0.009574017622300314,-0.0032738418803338687,0.0025062429057889357,0.6735597838423988,0.8448321640208253,0.0013248453033007804,0.0001,1.0,1.0,4,3
2025-12-21,0.003975083934515932,0.002680869157369623,-0.003337774567325102,0.007312858501841034,-0.009698157061151205,0.003402369543754169,0.28837306801846113,0.7950121885572878,0.0012147135582905794,7.950121885572878e-05,1.0000000000000002,0.7950121885572878,8,1
2025-12-22,0.0007645569756997623,-0.0001021512295608369,0.0007645569756997623,0.0,0.0038233982700869784,-0.0004491019653288797,0.15324274590130596,0.0,0.0008667082052605992,0.0,1.0000000000000002,0.0,9,0
2025-12-23,-0.02077655819448804,-0.020899152391209087,-0.02077655819448804,0.0,-0.016612916895034618,-0.012626790018231748,0.2908179913708372,0.0,0.00012259419672104477,0.0,1.0,0.0,10,0
2025-12-24,-0.005563900816020092,-0.005796555209116761,-0.005563900816020092,0.0,-0.008971158235036405,0.00187850862650496,0.6720278607567955,1.0,0.00023265439309666977,0.0,1.0,0.0,8,0
2025-12-25,-0.006326568353310648,-0.007764190641916085,-0.020382137750578122,0.014055569397267473,-0.017558841542536088,-0.005072620062469113,0.6206842678115829,0.6061553623776582,0.0013376222886054365,0.0001,0.9999999999999998,1.0,4,2
2025-12-26,-0.017728070563565946,-0.01880954226771734,0.007502431218680685,-0.02523050178224663,0.014124757991588719,0.0015530586308307726,0.4287875174207282,0.684414450280783,0.000981471704151393,0.0001,1.0,1.0,4,3
2025-12-27,-0.013208978885767074,-0.014199540459928283,0.028135930159327832,-0.0413449090450949,0.03051993875775267,0.0058544495878292135,0.3331093203940152,1.0,0.0008905615741612089,0.0001,0.9999999999999999,1.0,3,2
2025-12-28,-0.001592249211854277,-0.0026587366681694894,-0.001592249211854277,0.0,-0.002341361285488397,0.0010372381002261566,0.3044077033551228,0.0,0.0010664874563152123,0.0,1.0,0.0,4,0
2025-12-29,-0.024441526586355535,-0.024685052749039635,-0.024441526586355535,0.0,-0.02144699382516688,-0.008157369441711526,0.28722209863502357,0.0,0.00024352616268409825,0.0,1.0000000000000002,0.0,5,0
2025-12-30,0.0027340644907388103,0.0025042868118307915,0.0027340644907388103,0.0,0.0033374639103244596,0.014357254828659016,0.8780691093066144,0.0,0.00022977767890801888,0.0,1.0,0.0,4,0
2025-12-31,-0.014019502007494194,-0.014721957294939485,-0.014019502007494194,0.0,-0.016263603312294095,-0.009576588401147279,0.0772323297250426,0.0,0.0007024552874452916,0.0,1.0000000000000002,0.0,8,0
2026-01-01,0.033060686718712005,0.03299890085493197,0.033060686718712005,0.0,0.051135715367828335,0.013603749420716404,0.29130026384628704,0.0,6.178586378003408e-05,0.0,1.0,0.0,8,0
2026-01-02,0.03090502158030576,0.03067198136922873,0.03090502158030576,0.0,0.04741771192380849,0.012966216216216075,0.8410942876429265,0.0,0.00023304021107702964,0.0,1.0,0.0,7,0
2026-01-03,0.0024748639709666655,0.0018019885408523243,0.0024748639709666655,0.0,0.010011150774932103,0.007163868488984093,0.5668811736720056,0.0,0.0006728754301143412,0.0,1.0,0.0,8,0
2026-01-04,0.030010048786140265,0.02955654384720266,0.030010048786140265,0.0,0.026420568889259897,0.009948584812982553,0.14766436273224606,0.0,0.0004535049389376045,0.0,0.9999999999999998,0.0,12,0
2026-01-05,0.03383255224503056,0.033714420754844765,0.03383255224503056,0.0,0.03171910374780434,0.025413920222608022,0.11421839144584979,0.0,0.00011813149018579686,0.0,1.0,0.0,13,0
2026-01-06,0.0055110478448604835,0.005419673131703804,0.0055110478448604835,0.0,0.007218135819058716,-0.0012193250225958074,0.10320407109570892,0.0,9.137471315667984e-05,0.0,1.0,0.0,13,0
2026-01-07,-0.042443884841171634,-0.0425264480980482,-0.042443884841171634,0.0,-0.037808067041009155,-0.025398044990822544,0.12606702289251637,0.0,8.256325687656714e-05,0.0,1.0,0.0,12,0
2026-01-08,-0.014581544768467226,-0.014682398386781238,-0.014581544768467226,0.0,-0.012717961444442507,-0.0029366678346181008,0.2882768265850803,0.0,0.0001008536183140131,0.0,1.0,0.0,13,0
2026-01-09,-0.005932314901777084,-0.006162936363045148,-0.005932314901777084,0.0,-0.002613706694614613,-0.0050098945967375075,0.19788779367226206,0.0,0.00023062146126806424,0.0,1.0000000000000002,0.0,11,0
2026-01-10,-0.005096381181113196,-0.005254691416051006,-0.005096381181113196,0.0,-0.00271586538131444,-0.00147896993055463,0.2238840645917673,0.0,0.00015831023493780965,0.0,0.9999999999999999,0.0,12,0
2026-01-11,-0.0003789837087124498,-0.0005580909603858636,-0.0003789837087124498,0.0,-0.0003535337566929951,0.005469240496254857,0.1470433366175222,0.0,0.00017910725167341384,0.0,1.0,0.0,14,0
2026-01-12,-0.011608110518405068,-0.011725745187699086,-0.011608110518405068,0.0,-0.01248424061603613,0.0031682724230579495,0.15808285057655785,0.0,0.00011763466929401777,0.0,1.0,0.0,14,0
2026-01-13,0.07813453409804315,0.0780080678175819,0.07813453409804315,0.0,0.06844986660136257,0.04517789082174084,0.18052996069825142,0.0,0.0001264662804612463,0.0,1.0000000000000002,0.0,12,0
2026-01-14,-0.007237280291591184,-0.007381704260149785,-0.007237280291591184,0.0,-0.007454677974780666,0.016070215318028103,0.07486301980610092,0.0,0.00014442396855860113,0.0,1.0000000000000002,0.0,14,0
2026-01-15,-0.03667396928348676,-0.03673385969933164,-0.03667396928348676,0.0,-0.03609356507403293,-0.013833753491717338,0.12688096357768078,0.0,5.9890415844880744e-05,0.0,1.0000000000000002,0.0,14,0
2026-01-16,-0.0006099201070812631,-0.0007114248779434077,-0.0006099201070812631,0.0,0.004505806553971203,-0.0006654996008049752,0.13169637648377608,0.0,0.00010150477086214462,0.0,1.0000000000000002,0.0,12,0
2026-01-17,0.0005803080372970401,0.0004749509361100192,0.0005803080372970401,0.0,0.0006426761473069849,-0.0041443420516692475,0.07092318829754547,0.0,0.00010535710118702087,0.0,1.0000000000000002,0.0,14,0
2026-01-18,-0.04245583022738445,-0.04251256877802249,-0.04245583022738445,0.0,-0.03928112415192612,-0.01570742283238291,0.1619524317565854,0.8930972303368422,5.673855063803638e-05,0.0,1.0,0.0,13,0
2026-01-19,-0.007132131465765646,-0.008065480918474073,-0.01850887754851767,0.01137674608275202,-0.018583215248941163,-0.010942807699703017,0.11083222427459567,0.3339180845588319,0.0008440397296747421,8.930972303368422e-05,1.0,0.8930972303368422,12,1
2026-01-20,-0.04442102583344502,-0.04483274399508956,-0.05492258247034252,0.010501556636897502,-0.051838582666844914,-0.04535066573351654,0.11534673826825619,0.1910752650303762,0.00035580024706674204,5.591791457780103e-05,1.0000000000000002,0.5591791457780103,11,1
2026-01-21,0.008510793700435853,0.00819063065671611,0.023905532584180232,-0.015394738883744378,0.02245367315493876,0.011548739345586423,0.07890366750450722,0.1829688779054751,0.00024513760263890594,7.502544108083865e-05,1.0,0.7502544108083865,11,1
2026-01-22,-0.024900064241557874,-0.02516629083117615,-0.011057202235336681,-0.013842862006221191,-0.008145484444476683,0.001197833833269657,0.05927231554687078,0.5672855329029114,0.00020949803632798589,5.672855329029114e-05,1.0,0.5672855329029114,11,1
2026-01-23,-0.0005315790323238199,-0.0010328253110836456,-0.0005315790323238199,0.0,-0.0014178495646166103,0.0004490691868161978,0.038240908244934736,0.0,0.0005012462787598258,0.0,1.0,0.0,11,0
2026-01-24,-0.003480744636037994,-0.0035113373626339418,-0.003480744636037994,0.0,-0.00256964657689755,-0.004220695476821357,0.1023872863357885,0.0,3.059272659594779e-05,0.0,1.0000000000000002,0.0,11,0
2026-01-25,-0.04565436245340722,-0.04573627228247585,-0.04565436245340722,0.0,-0.04216850356264851,-0.028613814423972928,0.356054216605188,0.8825286551465558,8.190982906863081e-05,0.0,0.9999999999999999,0.0,12,0
2026-01-26,0.020194223198283057,0.019115104035367005,0.03004142727641491,-0.009847204078131853,0.027672143665483144,0.019297255303946104,0.19067745794357766,0.11747134485344424,0.0009908662974013951,8.825286551465559e-05,1.0000000000000002,0.8825286551465558,9,1
2026-01-27,-0.020913872457353,-0.021260391499590615,0.01639349388818555,-0.03730736634553855,0.017471035840939515,0.010160746359594297,0.08055949372738963,0.1623355356225199,0.00024651904223761754,0.0001,0.9999999999999999,1.0,10,1
2026-01-28,0.006152481590253681,0.005874399120336005,-0.006236359906108539,0.01238884149636222,-0.005848110248219534,0.000716385381702267,0.15097216524414503,0.22070499803391452,0.00019431602347992763,8.376644643774801e-05,0.9999999999999999,0.8376644643774801,10,1
2026-01-29,-0.0238887472995171,-0.024247784976773906,-0.06271040512383336,0.03882165782431626,-0.06227212143398963,-0.05217243229739066,1.0357784907752348,0.4138304281796577,0.00029734173062244764,6.169594663435657e-05,0.9999999999999998,0.6169594663435656,11,1
2026-01-30,-0.01906838110206121,-0.020328068237225123,-0.02447983359081584,0.005411452488754632,-0.02073691721152255,-0.004648677910328858,0.1322743748692722,0.11504781988914076,0.001159687135163914,0.0001,0.9999999999999998,1.0,4,2
2026-01-31,-0.014947571845317479,-0.015245429601124209,-0.10052690852104118,0.08557933667572369,-0.08678312126448115,-0.0653664468231141,1.0,1.176517815076832,0.0001978577558067304,0.0001,1.0,1.0,4,2
2026-02-01,0.02138625529293447,0.019545041040873005,0.0,0.02138625529293447,-0.027797274729558157,-0.022555865566888822,0.0,0.5531218428034688,0.001741214252061466,0.00010000000000000003,0.0,1.0000000000000002,0,9
2026-02-02,-0.033175224702081965,-0.033717722176324745,0.0,-0.033175224702081965,0.032808274298178466,0.022890493490962838,0.0,0.12503733982286694,0.000442497474242775,0.00010000000000000003,0.0,1.0000000000000002,0,14
2026-02-03,0.02571342426509966,0.02551339439324137,0.0,0.02571342426509966,-0.027162710922343902,-0.03761603710645878,0.0,0.21424330738288028,0.00010002987185829356,0.0001,0.0,1.0,0,13
2026-02-04,0.023261257560767582,0.022989862914861277,0.0,0.023261257560767582,-0.026602762003827447,-0.034265387073432296,0.0,0.1403880427521285,0.00017139464590630422,0.00010000000000000003,0.0,1.0000000000000002,0,14
2026-02-05,0.15288788769340253,0.15267557725920083,0.0,0.15288788769340253,-0.15099395703192522,-0.14041106191907282,0.0,0.07782761369304239,0.00011231043420170279,9.999999999999998e-05,0.0,0.9999999999999998,0,14
2026-02-06,-0.12497034133629918,-0.1251326034272536,0.0,-0.12497034133629918,0.12312824224747719,0.1221032606361574,0.0,0.0510247747782431,6.226209095443392e-05,0.0001,0.0,1.0,0,14
2026-02-07,0.005634416274707459,0.005493596454884864,0.0,0.005634416274707459,-0.005876278632085318,-0.018290582540098854,0.0,0.03679789878852901,4.081981982259448e-05,0.00010000000000000003,0.0,1.0000000000000002,0,14
2026-02-08,0.00980389191189148,0.009674453592860656,0.0,0.00980389191189148,-0.011323894638438232,0.014929058454216548,0.0,0.050557330995164254,2.9438319030823208e-05,0.00010000000000000003,0.0,1.0000000000000002,0,14
2026-02-09,0.00018464059963467207,4.419473483854066e-05,0.0,0.00018464059963467207,-0.00033286890746554124,-0.0025267435028121232,0.0,0.019858469161566993,4.0445864796131404e-05,9.999999999999999e-05,0.0,0.9999999999999999,0,14
2026-02-10,0.03047318335078478,0.03035729657545553,0.0,0.03047318335078478,-0.031116307849939216,-0.018616327083675,0.0,0.03902822242004444,1.5886775329253596e-05,0.00010000000000000003,0.0,1.0000000000000002,0,14
2026-02-11,0.02614153688960343,0.026010314311667393,0.0,0.02614153688960343,-0.026010452312274827,-0.025447167587380748,0.0,0.04108216172935792,3.122257793603555e-05,0.00010000000000000003,0.0,1.0000000000000002,0,14
2026-02-12,-0.009305996177822226,-0.009438861907205711,0.0,-0.009305996177822226,0.01092943394960401,-0.012099131451478007,0.0,0.042339935127179214,3.286572938348634e-05,0.0001,0.0,1.0,0,14
2026-02-13,-0.045403718117942915,-0.04553759006604466,0.0,-0.045403718117942915,0.04560826350901045,0.038923299181348625,0.0,0.0852918045226079,3.387194810174337e-05,0.0001,0.0,1.0,0,14
2026-02-14,-0.056244670561263393,-0.056412904004881484,0.0,-0.056244670561263393,0.05546522051365714,0.014151101036739888,0.0,0.18317573570320037,6.823344361808633e-05,0.0001,0.0,1.0,0,14
2026-02-15,0.03613025085687236,0.0358837102683098,0.0,0.03613025085687236,-0.038419234436582926,-0.014306100402032174,0.0,0.11152448759042065,0.0001465405885625603,0.0001,0.0,1.0,0,14
2026-02-16,-0.010016641540415967,-0.010205861130488303,0.0,-0.010016641540415967,0.009388048707287695,0.0009535313364410491,0.0,0.044992608589767474,8.921959007233652e-05,9.999999999999999e-05,0.0,0.9999999999999999,0,14
2026-02-17,0.014025953625735076,0.013889959538863262,0.0,0.014025953625735076,-0.013991958778019144,-0.02013577781811593,0.0,0.076682900030539,3.5994086871813984e-05,0.00010000000000000003,0.0,1.0000000000000002,0,14
2026-02-18,0.025117474966599655,0.024956128646575225,0.0,0.025117474966599655,-0.025226353577438743,-0.015607053777718982,0.0,0.047854726753132494,6.134632002443121e-05,0.0001,0.0,1.0,0,14
2026-02-19,0.002385310812071317,0.002247027030668811,0.0,0.002385310812071317,-0.0031455407687302006,0.008298355383994593,0.0,0.2446839636931742,3.8283781402506e-05,0.0001,0.0,1.0,0,14
2026-02-20,-0.02975625298133297,-0.030052000152287508,0.0,-0.02975625298133297,0.029621447322704903,0.01501030250544999,0.0,0.1821341390939833,0.00019574717095453936,0.00010000000000000003,0.0,1.0000000000000002,0,11
2026-02-21,0.0014954336113833034,0.0012497263001081166,0.0,0.0014954336113833034,-0.0030574504429415816,-0.0006796186486179856,0.0,0.05429652964462427,0.00014570731127518664,0.00010000000000000003,0.0,1.0000000000000002,0,13
2026-02-22,0.021194344181296006,0.021050906957580308,0.0,0.021194344181296006,-0.023211956518043426,-0.004704628524239363,0.0,0.1298063894168473,4.343722371569941e-05,9.999999999999998e-05,0.0,0.9999999999999998,0,13
2026-02-23,0.0471674306915201,0.04696358557998662,0.0,0.0471674306915201,-0.04938357998243969,-0.04418792105126934,0.0,0.12802689813643667,0.00010384511153347784,0.0001,0.0,1.0,0,14
2026-02-24,0.01089494260150513,0.010692521082995982,0.0,0.01089494260150513,-0.010970825996789437,-0.009199112428782352,0.0,0.06449444340546188,0.00010242151850914934,0.0001,0.0,1.0,0,14
2026-02-25,-0.10476437127526642,-0.10491596682999078,0.0,-0.10476437127526642,0.11585730003175772,0.06123880039917973,0.0,0.6034301282418566,5.159555472436951e-05,9.999999999999999e-05,0.0,0.9999999999999999,0,14
2026-02-26,0.01837033975947095,0.017787595656877465,0.0,0.01837033975947095,-0.02442157358452974,-0.007421360509179298,0.0,0.3196748388102638,0.0004827441025934853,0.0001,0.0,1.0,0,8
2026-02-27,0.033320070886259504,0.03296433101521129,0.0,0.033320070886259504,-0.03285633008976774,-0.023902787620722177,0.0,0.04272712026502049,0.00025573987104821104,9.999999999999999e-05,0.0,0.9999999999999999,0,11
2026-02-28,-0.006288903928362075,-0.0064230856245740915,0.0,-0.006288903928362075,0.012189400453742418,0.016724892156267268,0.0,0.3640127212107354,3.418169621201639e-05,0.0001,0.0,1.0,0,11
2026-03-01,0.01683202257281636,0.01644081239584777,0.0,0.01683202257281636,-0.019734946297164744,-0.017734559758340374,0.0,0.21062226623729263,0.00029121017696858836,0.0001,0.0,1.0,0,8
2026-03-02,-0.03300516317834753,-0.03327366099133736,0.0,-0.03300516317834753,0.04021026592618615,0.046415209125475254,0.9999999999999999,1.27642109819995,0.0001684978129898341,0.00010000000000000003,0.0,1.0000000000000002,0,8
2026-03-03,-0.005743212524415482,-0.007664349402975442,-0.00996552714674689,0.00422231462233141,-0.009828259913393787,-0.0073617260013546515,0.1388693671434699,0.7086659111772446,0.0018211368785599601,0.0001,0.9999999999999999,1.0,4,2
2026-03-04,-0.04756675885541606,-0.04834478707807263,0.0045165744779174215,-0.05208333333333348,0.046593139235231076,0.06363688277231372,0.459695187922343,0.0,0.0006780282226565717,0.0001,1.0,1.0,4,1
2026-03-05,-0.01035287451206708,-0.010820630662404953,-0.021775445340578473,0.011422570828511391,-0.020617591613150243,-0.024594790298644975,0.08448839600089725,0.02974312646812538,0.0003677561503378744,0.0001,0.9999999999999999,1.0,6,1
2026-03-06,-0.011567495358930749,-0.011755906264259154,-0.03680776174749862,0.02524026638856787,-0.04184690516933775,-0.039119438626599834,0.5147526445098847,0.02974312646812538,9.138521797521811e-05,9.702568735318747e-05,1.0,0.9702568735318746,6,1
2026-03-07,-0.012596405785290293,-0.0131320024020727,-0.011439024138692338,-0.0011573816465979547,-0.014612039883166767,-0.012497980406268705,1.1910450900347254,1.0,0.0004355966167824081,0.0001,1.0,1.0,4,1
2026-03-08,-0.014956762344777217,-0.016709598416805,-0.014956762344777217,0.0,-0.01431895418566899,-0.01930327923715014,1.028786677795331,1.0,0.0017528360720277805,0.0,1.0,0.0,12,0
2026-03-09,0.02172429908861452,0.020001269746378256,0.025089553402464118,-0.003365254313849597,0.021837454245444705,0.03730683422740522,0.7478895112220749,0.6803335752401216,0.001623029342236265,0.0001,1.0,1.0,5,1
2026-03-10,0.023514261947979835,0.02227168347881008,0.013548748107793763,0.009965513840186076,0.009134808454425738,0.02204576125718427,0.2820818295150736,0.05632196556438729,0.0011425784691697573,0.0001,1.0,1.0,10,2
2026-03-11,-0.01130411136063816,-0.011674834396701729,0.005385266461949027,-0.016689377822587188,0.006965289204732693,0.0035492597483044452,0.054206350518385946,0.03982148611834563,0.00027072303606356875,0.0001,0.9999999999999999,1.0,11,2
2026-03-12,0.006292037625752837,0.006116815356443451,0.014516201627538017,-0.00822416400178518,0.009607807808774025,0.00470563079116193,0.13527564480854493,0.5813586688970303,7.522226930938526e-05,0.0001,0.9999999999999998,1.0,11,2
2026-03-13,-0.008956862774091924,-0.00961862268647747,0.001988154870267666,-0.01094501764435959,0.0037497116362972976,0.005893862239128467,0.08223467748350158,0.2150409405710344,0.0005733074509644601,8.845246142108671e-05,1.0000000000000002,0.884524614210867,12,1
2026-03-14,-0.009879144068867828,-0.01018391293067544,-0.00017016282638135415,-0.009708981242486474,0.0017307637485061383,0.003933959137039755,0.08705618154714573,0.6694836736398326,0.00023782049444362878,6.694836736398327e-05,1.0,0.6694836736398326,12,1
2026-03-15,0.02684506073486506,0.02623982885071548,0.02684506073486506,0.0,0.0246449951119693,0.02254321778617041,0.10030880048196589,1.0,0.0006052318841495828,0.0,0.9999999999999999,0.0,12,0
2026-03-16,0.03719681301264668,0.036216565972261104,0.056884033364630236,-0.01968722035198356,0.060621880158956386,0.028407958900175778,0.20059637309443956,0.047421734169191376,0.0008802470403855727,0.0001,1.0,1.0,11,1
2026-03-17,-0.00047984814392217014,-0.0007735204563161558,-0.016900865932179442,0.01642101778825727,-0.016476313683570085,-0.013013317941811486,0.14355340383290252,0.014722766403649334,0.00019841448581090477,9.525782658308087e-05,1.0000000000000002,0.9525782658308086,11,1
2026-03-18,-0.016868162751100417,-0.017088569237232374,-0.04436593524509504,0.027497772493994616,-0.04284383503935956,-0.036136635604095746,0.2262666982207569,0.06214450057284071,0.0001266209361892415,9.378554994271593e-05,1.0,0.9378554994271593,12,1
2026-03-19,-0.01936246530025942,-0.0196931942592943,-0.022034739361677987,0.002672274061418567,-0.021679931278312938,-0.018475371087413595,0.05744461537638891,0.0,0.0002307289590348781,0.0001,1.0,1.0,10,1
2026-03-20,-0.038482356797715236,-0.03862831249001635,0.003048873985030995,-0.04153123078274623,0.009081609894381884,0.008374900196602031,0.1853288039278362,0.12529704959052013,4.595569230111113e-05,0.0001,1.0,1.0,10,1
2026-03-21,-0.005027178912280058,-0.005363149890135692,-0.02730837504273695,0.02228119613045689,-0.027173436488964642,-0.022578956106407144,0.1945607805999765,0.12529704959052013,0.0002485006828146851,8.747029504094799e-05,0.9999999999999999,0.8747029504094799,12,1
2026-03-22,-0.026004021891134776,-0.026359908155287173,-0.015293213711972075,-0.0107108081791627,-0.015118969623765728,-0.015256636397290912,0.30154700621400393,0.003155593892206987,0.0002558862641523973,0.0001,0.9999999999999998,1.0,10,1
2026-03-23,0.020307621902299008,0.01996417538160326,0.042843860242051314,-0.022536238339752303,0.04819327509021135,0.04474824046964043,0.3000627603576925,0.1579165526549905,0.00024376208008496876,9.968444061077931e-05,0.9999999999999998,0.996844406107793,8,1
2026-03-24,0.0011588045665826868,0.0007085283308272602,-3.7221874340034877e-07,0.0011591767853260872,0.00386720055679365,-0.004826016462078364,0.3363199348552708,0.07388872554853343,0.00036638345041014643,8.389278534528025e-05,1.0,0.8389278534528025,10,1
2026-03-25,0.013037152908595818,0.012617704322372641,0.005918331789340057,0.007118821119255761,0.004936591418397125,0.010969330964396562,0.06242427189372476,0.912816579001336,0.0003281669283230434,9.12816579001336e-05,1.0,0.912816579001336,13,1
2026-03-26,-0.045544683366543735,-0.04632487604725979,-0.045544683366543735,0.0,-0.04327236319016568,-0.0351975875731968,0.08857302975405477,0.0,0.0007801926807160486,0.0,1.0,0.0,13,0
2026-03-27,-0.034527782075424986,-0.03459864049922823,-0.034527782075424986,0.0,-0.03123273618641977,-0.03523579694132706,1.0,0.5993000636426125,7.085842380324382e-05,0.0,1.0,0.0,13,0
2026-03-28,0.02789105308121938,0.026551683023941033,0.0,0.02789105308121938,-0.0016825847789137538,-0.00044300993607993,1.0,0.04721600007187299,0.00127944005091409,5.993000636426125e-05,0.0,0.5993000636426125,0,1
2026-03-29,-0.035686206091796666,-0.03658863049822562,-0.034877049566496905,-0.0008091565252997622,-0.012829802196460603,-0.005380283049018164,1.4418242140112059,0.6465160637144854,0.0008377728000574983,6.465160637144855e-05,1.0,0.6465160637144854,2,1
2026-03-30,0.009537058928940086,0.007866386706759532,0.009537058928940086,0.0,0.013271175736912102,0.011920658281030505,0.6690237165136905,0.0,0.0016706722221805533,0.0,1.0,0.0,4,0
2026-03-31,0.019361690869591164,0.01882647189638021,0.019361690869591164,0.0,0.015349664416932942,0.022124066119069585,0.493902966129175,0.0,0.0005352189732109524,0.0,1.0,0.0,6,0
2026-04-01,3.6834728555142776e-05,-0.00035828764434819724,3.6834728555142776e-05,0.0,0.003350393823966196,-0.002271345149212678,0.7166894074023248,0.0,0.00039512237290334,0.0,1.0,0.0,9,0
2026-04-02,-0.02926912923488608,-0.029842480760807942,-0.02926912923488608,0.0,-0.028212239729849948,-0.017889008834350406,0.7365729136278618,0.0,0.0005733515259218598,0.0,0.9999999999999999,0.0,5,0
2026-04-03,0.003323068202123255,0.0027338098712209654,0.003323068202123255,0.0,0.012761602727812762,0.0009197155611386787,1.0,0.0,0.0005892583309022895,0.0,1.0,0.0,3,0
2026-04-04,0.0,-0.0008,0.0,0.0,0.0066371739797899355,0.005094875242791064,1.0,0.0,0.0008,0.0,0.0,0.0,0,0
2026-04-05,0.006636149344939809,0.005836149344939809,0.006636149344939809,0.0,0.007735358067434028,0.02567079425012264,1.4092535397928703,0.0,0.0008,0.0,1.0,0.0,2,0
2026-04-06,-0.012568082235831987,-0.013695485067666283,-0.012568082235831987,0.0,-0.006743933328560547,-0.0026087750496753825,0.08903196999091746,0.0,0.0011274028318342963,0.0,1.0,0.0,8,0
2026-04-07,0.06442541845562273,0.06435419287963,0.06442541845562273,0.0,0.0557591304028827,0.04464390805299212,0.532514776340313,0.0,7.122557599273397e-05,0.0,1.0,0.0,8,0
2026-04-08,-0.029377540834222258,-0.029803552655294507,-0.029377540834222258,0.0,-0.026385116271821687,-0.01185279773877368,0.44564917951362376,0.0,0.0004260118210722504,0.0,1.0,0.0,13,0
2026-04-09,0.010240246730058147,0.009883727386447248,0.010240246730058147,0.0,0.012510059900274888,0.01002701367294434,0.32394023190897364,0.0,0.00035651934361089903,0.0,1.0,0.0,9,0
2026-04-10,0.007738325285253574,0.007479173099726395,0.007738325285253574,0.0,0.008281205027560674,0.016264717687985097,0.18335810287947044,0.0,0.0002591521855271789,0.0,1.0,0.0,9,0
2026-04-11,-0.0020693407165061424,-0.002216027198809719,-0.0020693407165061424,0.0,-9.193326199715055e-05,0.001316558187757666,0.17267450892598485,0.0,0.00014668648230357635,0.0,0.9999999999999999,0.0,10,0
2026-04-12,-0.040169968708510674,-0.04030810831565146,-0.040169968708510674,0.0,-0.037442025193503495,-0.03153256799436799,0.796097415575618,0.0,0.00013813960714078788,0.0,0.9999999999999999,0.0,9,0
2026-04-13,0.06753406433242409,0.0668971863999636,0.06753406433242409,0.0,0.0549817464605467,0.05195648207989967,0.8014795478987423,0.0,0.0006368779324604944,0.0,1.0,0.0,4,0
2026-04-14,-0.02592586167692817,-0.026567045315247166,-0.02592586167692817,0.0,-0.023300408251780425,-0.0037386569872959186,0.5923854364651191,0.0,0.0006411836383189939,0.0,1.0,0.0,9,0
2026-04-15,0.025802353149094466,0.02532844479992237,0.025802353149094466,0.0,0.021770634938072075,0.009031547669650308,0.9466198252757136,0.0,0.0004739083491720953,0.0,1.0000000000000002,0.0,5,0
2026-04-16,0.06453468232475017,0.0637773864645296,0.06453468232475017,0.0,0.03768126632901026,0.004421192839432875,1.2841479596835543,0.0,0.0007572958602205709,0.0,1.0,0.0,2,0
2026-04-17,-0.001999620229784694,-0.0030269385975315376,-0.001999620229784694,0.0,0.001833182397331942,0.0256141920571773,0.505924364738632,0.0,0.0010273183677468435,0.0,0.9999999999999999,0.0,8,0
2026-04-18,-0.03380176750006962,-0.03420650699186053,-0.03380176750006962,0.0,-0.0327614739312726,-0.01787341653836272,0.19738344761365045,0.0,0.0004047394917909056,0.0,1.0000000000000002,0.0,13,0
2026-04-19,-0.029714569173950014,-0.029872475932040933,-0.029714569173950014,0.0,-0.02750309163561678,-0.025053599422633188,0.3829651589848048,0.0,0.00015790675809092036,0.0,1.0,0.0,11,0
2026-04-20,0.02270081222262492,0.022394440095437076,0.02270081222262492,0.0,0.023007661786909748,0.02754533720905017,0.5436460770722248,0.0,0.0003063721271878439,0.0,1.0,0.0,8,0
2026-04-21,0.0044391826275599795,0.0040042657659022,0.0044391826275599795,0.0,0.0066606638831273835,0.00657209846668616,0.12104148664392123,0.0,0.00043491686165777983,0.0,1.0,0.0,13,0
2026-04-22,0.00139030431507458,0.0012934711257594428,0.00139030431507458,0.0,0.0030819854171448835,0.02427111925566483,0.24588986380865147,0.0,9.683318931513698e-05,0.0,1.0,0.0,14,0
2026-04-23,-0.002074520952284551,-0.002271232843331472,-0.002074520952284551,0.0,-0.0014705555787921892,0.000985413323300044,0.22017818121431346,0.0,0.0001967118910469212,0.0,1.0000000000000002,0.0,12,0
2026-04-24,-6.113179547117533e-05,-0.0002372743404426261,-6.113179547117533e-05,0.0,0.0003412122349951458,-0.010501580223174711,0.24175525576283646,0.0,0.00017614254497145076,0.0,0.9999999999999999,0.0,12,0
2026-04-25,-0.004069652432613124,-0.004263056637223393,-0.004069652432613124,0.0,-0.0038578842601268426,0.002449757995953261,0.3563751714772476,0.0,0.00019340420461026918,0.0,1.0000000000000002,0.0,11,0
2026-04-26,0.008652649045885977,0.008367548908704179,0.008652649045885977,0.0,0.008038675925658116,0.013256428433331191,0.09965764146755521,0.0,0.0002851001371817981,0.0,1.0,0.0,14,0
2026-04-27,-0.016554014612054097,-0.016633740725228142,-0.016554014612054097,0.0,-0.016435122384859686,-0.016311447779325472,0.1045312665933894,0.0,7.972611317404417e-05,0.0,1.0000000000000002,0.0,14,0
2026-04-28,-0.005356364998883071,-0.005439990012157782,-0.005356364998883071,0.0,-0.004313306426785306,-0.013359420259869137,0.17950813343912358,0.0,8.362501327471153e-05,0.0,0.9999999999999999,0.0,13,0
2026-04-29,-0.0043010032495984195,-0.0044446097563497185,-0.0043010032495984195,0.0,-0.005742741756671277,-0.007184975772660307,0.09482450950735243,0.0,0.00014360650675129886,0.0,1.0000000000000002,0.0,14,0
2026-04-30,0.00418037149831208,0.004104511890706199,0.00418037149831208,0.0,0.0020799561620426826,0.00733334301431432,0.1516680126969762,0.0,7.585960760588194e-05,0.0,1.0,0.0,14,0
