announce_ts,effective_ts,symbol,direction,source_title
2026-07-14T10:00:08.234000+00:00,2026-07-17T00:00:00+00:00,ACEUSDT,unknown,Update on the Collateral Ratio Under Portfolio Margin and the Leverage & Margin Tiers of USDⓈ-M Perpetual Contracts (2026-07-17)
2026-07-14T10:00:08.234000+00:00,2026-07-17T00:00:00+00:00,ANIMEUSDT,unknown,Update on the Collateral Ratio Under Portfolio Margin and the Leverage & Margin Tiers of USDⓈ-M Perpetual Contracts (2026-07-17)
2026-07-14T10:00:08.234000+00:00,2026-07-17T00:00:00+00:00,BMTUSDT,unknown,Update on the Collateral Ratio Under Portfolio Margin and the Leverage & Margin Tiers of USDⓈ-M Perpetual Contracts (2026-07-17)
2026-07-14T10:00:08.234000+00:00,2026-07-17T00:00:00+00:00,CELRUSDT,unknown,Update on the Collateral Ratio Under Portfolio Margin and the Leverage & Margin Tiers of USDⓈ-M Perpetual Contracts (2026-07-17)
2026-07-14T10:00:08.234000+00:00,2026-07-17T00:00:00+00:00,HFTUSDT,unknown,Update on the Collateral Ratio Under Portfolio Margin and the Leverage & Margin Tiers of USDⓈ-M Perpetual Contracts (2026-07-17)
2026-07-14T10:00:08.234000+00:00,2026-07-17T00:00:00+00:00,KERNELUSDT,unknown,Update on the Collateral Ratio Under Portfolio Margin and the Leverage & Margin Tiers of USDⓈ-M Perpetual Contracts (2026-07-17)
2026-07-14T10:00:08.234000+00:00,2026-07-17T00:00:00+00:00,LYNUSDT,unknown,Update on the Collateral Ratio Under Portfolio Margin and the Leverage & Margin Tiers of USDⓈ-M Perpetual Contracts (2026-07-17)
2026-07-14T10:00:08.234000+00:00,2026-07-17T00:00:00+00:00,NOMUSDT,unknown,Update on the Collateral Ratio Under Portfolio Margin and the Leverage & Margin Tiers of USDⓈ-M Perpetual Contracts (2026-07-17)
2026-07-14T10:00:08.234000+00:00,2026-07-17T00:00:00+00:00,PIXELUSDT,unknown,Update on the Collateral Ratio Under Portfolio Margin and the Leverage & Margin Tiers of USDⓈ-M Perpetual Contracts (2026-07-17)
2026-07-14T10:00:08.234000+00:00,2026-07-17T00:00:00+00:00,PTBUSDT,unknown,Update on the Collateral Ratio Under Portfolio Margin and the Leverage & Margin Tiers of USDⓈ-M Perpetual Contracts (2026-07-17)
2026-07-14T10:00:08.234000+00:00,2026-07-17T00:00:00+00:00,SAPIENUSDT,unknown,Update on the Collateral Ratio Under Portfolio Margin and the Leverage & Margin Tiers of USDⓈ-M Perpetual Contracts (2026-07-17)
2026-07-14T10:00:08.234000+00:00,2026-07-17T00:00:00+00:00,TAGUSDT,unknown,Update on the Collateral Ratio Under Portfolio Margin and the Leverage & Margin Tiers of USDⓈ-M Perpetual Contracts (2026-07-17)
2026-07-14T10:00:08.234000+00:00,2026-07-17T00:00:00+00:00,VICUSDT,unknown,Update on the Collateral Ratio Under Portfolio Margin and the Leverage & Margin Tiers of USDⓈ-M Perpetual Contracts (2026-07-17)
2026-07-14T10:00:08.234000+00:00,2026-07-17T00:00:00+00:00,XAIUSDT,unknown,Update on the Collateral Ratio Under Portfolio Margin and the Leverage & Margin Tiers of USDⓈ-M Perpetual Contracts (2026-07-17)
2026-07-07T07:00:06.560000+00:00,2026-07-10T00:00:00+00:00,AERGOUSDT,unknown,Update on the Collateral Ratio Under Portfolio Margin and the Leverage & Margin Tiers of USDⓈ-M Perpetual Contracts (2026-07-10)
2026-07-07T07:00:06.560000+00:00,2026-07-10T00:00:00+00:00,BANUSDT,unknown,Update on the Collateral Ratio Under Portfolio Margin and the Leverage & Margin Tiers of USDⓈ-M Perpetual Contracts (2026-07-10)
2026-07-07T07:00:06.560000+00:00,2026-07-10T00:00:00+00:00,EULUSDT,unknown,Update on the Collateral Ratio Under Portfolio Margin and the Leverage & Margin Tiers of USDⓈ-M Perpetual Contracts (2026-07-10)
2026-07-07T07:00:06.560000+00:00,2026-07-10T00:00:00+00:00,GUAUSDT,unknown,Update on the Collateral Ratio Under Portfolio Margin and the Leverage & Margin Tiers of USDⓈ-M Perpetual Contracts (2026-07-10)
2026-07-07T07:00:06.560000+00:00,2026-07-10T00:00:00+00:00,HOMEUSDT,unknown,Update on the Collateral Ratio Under Portfolio Margin and the Leverage & Margin Tiers of USDⓈ-M Perpetual Contracts (2026-07-10)
2026-07-07T07:00:06.560000+00:00,2026-07-10T00:00:00+00:00,INUSDT,unknown,Update on the Collateral Ratio Under Portfolio Margin and the Leverage & Margin Tiers of USDⓈ-M Perpetual Contracts (2026-07-10)
2026-07-07T07:00:06.560000+00:00,2026-07-10T00:00:00+00:00,MANTAUSDT,unknown,Update on the Collateral Ratio Under Portfolio Margin and the Leverage & Margin Tiers of USDⓈ-M Perpetual Contracts (2026-07-10)
2026-07-07T07:00:06.560000+00:00,2026-07-10T00:00:00+00:00,PLAYUSDT,unknown,Update on the Collateral Ratio Under Portfolio Margin and the Leverage & Margin Tiers of USDⓈ-M Perpetual Contracts (2026-07-10)
2026-07-07T07:00:06.560000+00:00,2026-07-10T00:00:00+00:00,SCRTUSDT,unknown,Update on the Collateral Ratio Under Portfolio Margin and the Leverage & Margin Tiers of USDⓈ-M Perpetual Contracts (2026-07-10)
2026-07-07T07:00:06.560000+00:00,2026-07-10T00:00:00+00:00,TAIKOUSDT,unknown,Update on the Collateral Ratio Under Portfolio Margin and the Leverage & Margin Tiers of USDⓈ-M Perpetual Contracts (2026-07-10)
2026-06-30T08:15:24.635000+00:00,2026-07-03T00:00:00+00:00,AGLDUSDT,unknown,Update on the Collateral Ratio Under Portfolio Margin and the Leverage & Margin Tiers of USDⓈ-M Perpetual Contracts (2026-07-03)
2026-06-30T08:15:24.635000+00:00,2026-07-03T00:00:00+00:00,AVAUSDT,unknown,Update on the Collateral Ratio Under Portfolio Margin and the Leverage & Margin Tiers of USDⓈ-M Perpetual Contracts (2026-07-03)
2026-06-30T08:15:24.635000+00:00,2026-07-03T00:00:00+00:00,BICOUSDT,unknown,Update on the Collateral Ratio Under Portfolio Margin and the Leverage & Margin Tiers of USDⓈ-M Perpetual Contracts (2026-07-03)
2026-06-30T08:15:24.635000+00:00,2026-07-03T00:00:00+00:00,DEXEUSDT,unknown,Update on the Collateral Ratio Under Portfolio Margin and the Leverage & Margin Tiers of USDⓈ-M Perpetual Contracts (2026-07-03)
2026-06-30T08:15:24.635000+00:00,2026-07-03T00:00:00+00:00,FFUSDT,unknown,Update on the Collateral Ratio Under Portfolio Margin and the Leverage & Margin Tiers of USDⓈ-M Perpetual Contracts (2026-07-03)
2026-06-30T08:15:24.635000+00:00,2026-07-03T00:00:00+00:00,MUBARAKUSDT,unknown,Update on the Collateral Ratio Under Portfolio Margin and the Leverage & Margin Tiers of USDⓈ-M Perpetual Contracts (2026-07-03)
2026-06-30T08:15:24.635000+00:00,2026-07-03T00:00:00+00:00,OGNUSDT,unknown,Update on the Collateral Ratio Under Portfolio Margin and the Leverage & Margin Tiers of USDⓈ-M Perpetual Contracts (2026-07-03)
2026-06-30T08:15:24.635000+00:00,2026-07-03T00:00:00+00:00,RAREUSDT,unknown,Update on the Collateral Ratio Under Portfolio Margin and the Leverage & Margin Tiers of USDⓈ-M Perpetual Contracts (2026-07-03)
2026-06-30T08:15:24.635000+00:00,2026-07-03T00:00:00+00:00,TLMUSDT,unknown,Update on the Collateral Ratio Under Portfolio Margin and the Leverage & Margin Tiers of USDⓈ-M Perpetual Contracts (2026-07-03)
2026-06-30T08:15:24.635000+00:00,2026-07-03T00:00:00+00:00,TREEUSDT,unknown,Update on the Collateral Ratio Under Portfolio Margin and the Leverage & Margin Tiers of USDⓈ-M Perpetual Contracts (2026-07-03)
2026-06-30T08:15:24.635000+00:00,2026-07-03T00:00:00+00:00,VANRYUSDT,unknown,Update on the Collateral Ratio Under Portfolio Margin and the Leverage & Margin Tiers of USDⓈ-M Perpetual Contracts (2026-07-03)
2026-06-24T02:00:07.414000+00:00,2026-06-26T00:00:00+00:00,1000SATSUSDT,unknown,Update on the Collateral Ratio Under Portfolio Margin and the Leverage & Margin Tiers of USDⓈ-M Perpetual Contracts (2026-06-26)
2026-06-24T02:00:07.414000+00:00,2026-06-26T00:00:00+00:00,ANIMEUSDT,unknown,Update on the Collateral Ratio Under Portfolio Margin and the Leverage & Margin Tiers of USDⓈ-M Perpetual Contracts (2026-06-26)
2026-06-24T02:00:07.414000+00:00,2026-06-26T00:00:00+00:00,BASEDUSDT,unknown,Update on the Collateral Ratio Under Portfolio Margin and the Leverage & Margin Tiers of USDⓈ-M Perpetual Contracts (2026-06-26)
2026-06-24T02:00:07.414000+00:00,2026-06-26T00:00:00+00:00,BICOUSDT,unknown,Update on the Collateral Ratio Under Portfolio Margin and the Leverage & Margin Tiers of USDⓈ-M Perpetual Contracts (2026-06-26)
2026-06-24T02:00:07.414000+00:00,2026-06-26T00:00:00+00:00,DOODUSDT,unknown,Update on the Collateral Ratio Under Portfolio Margin and the Leverage & Margin Tiers of USDⓈ-M Perpetual Contracts (2026-06-26)
2026-06-24T02:00:07.414000+00:00,2026-06-26T00:00:00+00:00,PLAYUSDT,unknown,Update on the Collateral Ratio Under Portfolio Margin and the Leverage & Margin Tiers of USDⓈ-M Perpetual Contracts (2026-06-26)
2026-06-24T02:00:07.414000+00:00,2026-06-26T00:00:00+00:00,SIGNUSDT,unknown,Update on the Collateral Ratio Under Portfolio Margin and the Leverage & Margin Tiers of USDⓈ-M Perpetual Contracts (2026-06-26)
2026-06-24T02:00:07.414000+00:00,2026-06-26T00:00:00+00:00,SOPHUSDT,unknown,Update on the Collateral Ratio Under Portfolio Margin and the Leverage & Margin Tiers of USDⓈ-M Perpetual Contracts (2026-06-26)
2026-06-24T02:00:07.414000+00:00,2026-06-26T00:00:00+00:00,TNSRUSDT,unknown,Update on the Collateral Ratio Under Portfolio Margin and the Leverage & Margin Tiers of USDⓈ-M Perpetual Contracts (2026-06-26)
2026-06-24T02:00:07.414000+00:00,2026-06-26T00:00:00+00:00,WCTUSDT,unknown,Update on the Collateral Ratio Under Portfolio Margin and the Leverage & Margin Tiers of USDⓈ-M Perpetual Contracts (2026-06-26)
2026-06-24T02:00:07.414000+00:00,2026-06-26T00:00:00+00:00,ZKCUSDT,unknown,Update on the Collateral Ratio Under Portfolio Margin and the Leverage & Margin Tiers of USDⓈ-M Perpetual Contracts (2026-06-26)
2026-06-17T02:00:12.146000+00:00,2026-06-19T00:00:00+00:00,DIAUSDT,unknown,Update on the Collateral Ratio Under Portfolio Margin and the Leverage & Margin Tiers of USDⓈ-M Perpetual Contracts (2026-06-19)
2026-06-17T02:00:12.146000+00:00,2026-06-19T00:00:00+00:00,INXUSDT,unknown,Update on the Collateral Ratio Under Portfolio Margin and the Leverage & Margin Tiers of USDⓈ-M Perpetual Contracts (2026-06-19)
2026-06-17T02:00:12.146000+00:00,2026-06-19T00:00:00+00:00,MAVUSDT,unknown,Update on the Collateral Ratio Under Portfolio Margin and the Leverage & Margin Tiers of USDⓈ-M Perpetual Contracts (2026-06-19)
2026-06-17T02:00:12.146000+00:00,2026-06-19T00:00:00+00:00,ORDIUSDT,unknown,Update on the Collateral Ratio Under Portfolio Margin and the Leverage & Margin Tiers of USDⓈ-M Perpetual Contracts (2026-06-19)
2026-06-17T02:00:12.146000+00:00,2026-06-19T00:00:00+00:00,RESOLVUSDT,unknown,Update on the Collateral Ratio Under Portfolio Margin and the Leverage & Margin Tiers of USDⓈ-M Perpetual Contracts (2026-06-19)
2026-06-17T02:00:12.146000+00:00,2026-06-19T00:00:00+00:00,SANTOSUSDT,unknown,Update on the Collateral Ratio Under Portfolio Margin and the Leverage & Margin Tiers of USDⓈ-M Perpetual Contracts (2026-06-19)
2026-06-17T02:00:12.146000+00:00,2026-06-19T00:00:00+00:00,SIRENUSDT,unknown,Update on the Collateral Ratio Under Portfolio Margin and the Leverage & Margin Tiers of USDⓈ-M Perpetual Contracts (2026-06-19)
2026-06-17T02:00:12.146000+00:00,2026-06-19T00:00:00+00:00,THEUSDT,unknown,Update on the Collateral Ratio Under Portfolio Margin and the Leverage & Margin Tiers of USDⓈ-M Perpetual Contracts (2026-06-19)
2026-06-17T02:00:12.146000+00:00,2026-06-19T00:00:00+00:00,TRUSTUSDT,unknown,Update on the Collateral Ratio Under Portfolio Margin and the Leverage & Margin Tiers of USDⓈ-M Perpetual Contracts (2026-06-19)
2026-06-17T02:00:12.146000+00:00,2026-06-19T00:00:00+00:00,VELVETUSDT,unknown,Update on the Collateral Ratio Under Portfolio Margin and the Leverage & Margin Tiers of USDⓈ-M Perpetual Contracts (2026-06-19)
2026-06-09T06:00:02.937000+00:00,2026-06-12T00:00:00+00:00,1000000MOGUSDT,unknown,Update on the Collateral Ratio Under Portfolio Margin and the Leverage & Margin Tiers of USDⓈ-M Perpetual Contracts (2026-06-12)
2026-06-09T06:00:02.937000+00:00,2026-06-12T00:00:00+00:00,AXLUSDT,unknown,Update on the Collateral Ratio Under Portfolio Margin and the Leverage & Margin Tiers of USDⓈ-M Perpetual Contracts (2026-06-12)
2026-06-09T06:00:02.937000+00:00,2026-06-12T00:00:00+00:00,BLURUSDT,unknown,Update on the Collateral Ratio Under Portfolio Margin and the Leverage & Margin Tiers of USDⓈ-M Perpetual Contracts (2026-06-12)
2026-06-09T06:00:02.937000+00:00,2026-06-12T00:00:00+00:00,BRETTUSDT,unknown,Update on the Collateral Ratio Under Portfolio Margin and the Leverage & Margin Tiers of USDⓈ-M Perpetual Contracts (2026-06-12)
2026-06-09T06:00:02.937000+00:00,2026-06-12T00:00:00+00:00,METUSDT,unknown,Update on the Collateral Ratio Under Portfolio Margin and the Leverage & Margin Tiers of USDⓈ-M Perpetual Contracts (2026-06-12)
2026-06-09T06:00:02.937000+00:00,2026-06-12T00:00:00+00:00,MINAUSDT,unknown,Update on the Collateral Ratio Under Portfolio Margin and the Leverage & Margin Tiers of USDⓈ-M Perpetual Contracts (2026-06-12)
2026-06-09T06:00:02.937000+00:00,2026-06-12T00:00:00+00:00,MOVEUSDT,unknown,Update on the Collateral Ratio Under Portfolio Margin and the Leverage & Margin Tiers of USDⓈ-M Perpetual Contracts (2026-06-12)
2026-06-09T06:00:02.937000+00:00,2026-06-12T00:00:00+00:00,NMRUSDT,unknown,Update on the Collateral Ratio Under Portfolio Margin and the Leverage & Margin Tiers of USDⓈ-M Perpetual Contracts (2026-06-12)
2026-06-09T06:00:02.937000+00:00,2026-06-12T00:00:00+00:00,ONTUSDT,unknown,Update on the Collateral Ratio Under Portfolio Margin and the Leverage & Margin Tiers of USDⓈ-M Perpetual Contracts (2026-06-12)
2026-06-09T06:00:02.937000+00:00,2026-06-12T00:00:00+00:00,RONINUSDT,unknown,Update on the Collateral Ratio Under Portfolio Margin and the Leverage & Margin Tiers of USDⓈ-M Perpetual Contracts (2026-06-12)
2026-06-09T06:00:02.937000+00:00,2026-06-12T00:00:00+00:00,ROSEUSDT,unknown,Update on the Collateral Ratio Under Portfolio Margin and the Leverage & Margin Tiers of USDⓈ-M Perpetual Contracts (2026-06-12)
2026-06-09T06:00:02.937000+00:00,2026-06-12T00:00:00+00:00,SAHARAUSDT,unknown,Update on the Collateral Ratio Under Portfolio Margin and the Leverage & Margin Tiers of USDⓈ-M Perpetual Contracts (2026-06-12)
2026-06-09T06:00:02.937000+00:00,2026-06-12T00:00:00+00:00,TOSHIUSDT,unknown,Update on the Collateral Ratio Under Portfolio Margin and the Leverage & Margin Tiers of USDⓈ-M Perpetual Contracts (2026-06-12)
2026-06-09T06:00:02.937000+00:00,2026-06-12T00:00:00+00:00,ZORAUSDT,unknown,Update on the Collateral Ratio Under Portfolio Margin and the Leverage & Margin Tiers of USDⓈ-M Perpetual Contracts (2026-06-12)
2026-05-26T06:00:09.537000+00:00,2026-05-29T00:00:00+00:00,BEATUSDT,unknown,Update on the Collateral Ratio Under Portfolio Margin and the Leverage & Margin Tiers of USDⓈ-M Perpetual Contracts (2026-05-29)
2026-05-26T06:00:09.537000+00:00,2026-05-29T00:00:00+00:00,CLOUSDT,unknown,Update on the Collateral Ratio Under Portfolio Margin and the Leverage & Margin Tiers of USDⓈ-M Perpetual Contracts (2026-05-29)
2026-05-26T06:00:09.537000+00:00,2026-05-29T00:00:00+00:00,ESPORTSUSDT,unknown,Update on the Collateral Ratio Under Portfolio Margin and the Leverage & Margin Tiers of USDⓈ-M Perpetual Contracts (2026-05-29)
2026-05-26T06:00:09.537000+00:00,2026-05-29T00:00:00+00:00,FFUSDT,unknown,Update on the Collateral Ratio Under Portfolio Margin and the Leverage & Margin Tiers of USDⓈ-M Perpetual Contracts (2026-05-29)
2026-05-26T06:00:09.537000+00:00,2026-05-29T00:00:00+00:00,GOATUSDT,unknown,Update on the Collateral Ratio Under Portfolio Margin and the Leverage & Margin Tiers of USDⓈ-M Perpetual Contracts (2026-05-29)
2026-05-26T06:00:09.537000+00:00,2026-05-29T00:00:00+00:00,HMSTRUSDT,unknown,Update on the Collateral Ratio Under Portfolio Margin and the Leverage & Margin Tiers of USDⓈ-M Perpetual Contracts (2026-05-29)
2026-05-26T06:00:09.537000+00:00,2026-05-29T00:00:00+00:00,LIGHTUSDT,unknown,Update on the Collateral Ratio Under Portfolio Margin and the Leverage & Margin Tiers of USDⓈ-M Perpetual Contracts (2026-05-29)
2026-05-26T06:00:09.537000+00:00,2026-05-29T00:00:00+00:00,NFPUSDT,unknown,Update on the Collateral Ratio Under Portfolio Margin and the Leverage & Margin Tiers of USDⓈ-M Perpetual Contracts (2026-05-29)
2026-05-26T06:00:09.537000+00:00,2026-05-29T00:00:00+00:00,PORTALUSDT,unknown,Update on the Collateral Ratio Under Portfolio Margin and the Leverage & Margin Tiers of USDⓈ-M Perpetual Contracts (2026-05-29)
2026-05-26T06:00:09.537000+00:00,2026-05-29T00:00:00+00:00,SYRUPUSDT,unknown,Update on the Collateral Ratio Under Portfolio Margin and the Leverage & Margin Tiers of USDⓈ-M Perpetual Contracts (2026-05-29)
2026-05-26T06:00:09.537000+00:00,2026-05-29T00:00:00+00:00,TAKEUSDT,unknown,Update on the Collateral Ratio Under Portfolio Margin and the Leverage & Margin Tiers of USDⓈ-M Perpetual Contracts (2026-05-29)
2026-05-26T06:00:09.537000+00:00,2026-05-29T00:00:00+00:00,TUTUSDT,unknown,Update on the Collateral Ratio Under Portfolio Margin and the Leverage & Margin Tiers of USDⓈ-M Perpetual Contracts (2026-05-29)
2026-05-26T06:00:09.537000+00:00,2026-05-29T00:00:00+00:00,VVVUSDT,unknown,Update on the Collateral Ratio Under Portfolio Margin and the Leverage & Margin Tiers of USDⓈ-M Perpetual Contracts (2026-05-29)
2026-05-19T04:00:00+00:00,2026-05-22T00:00:00+00:00,ALCHUSDT,unknown,Update on the Collateral Ratio Under Portfolio Margin and the Leverage & Margin Tiers of USDⓈ-M Perpetual Contracts (2026-05-22)
2026-05-19T04:00:00+00:00,2026-05-22T00:00:00+00:00,BASUSDT,unknown,Update on the Collateral Ratio Under Portfolio Margin and the Leverage & Margin Tiers of USDⓈ-M Perpetual Contracts (2026-05-22)
2026-05-19T04:00:00+00:00,2026-05-22T00:00:00+00:00,DEXEUSDT,unknown,Update on the Collateral Ratio Under Portfolio Margin and the Leverage & Margin Tiers of USDⓈ-M Perpetual Contracts (2026-05-22)
2026-05-19T04:00:00+00:00,2026-05-22T00:00:00+00:00,HUMAUSDT,unknown,Update on the Collateral Ratio Under Portfolio Margin and the Leverage & Margin Tiers of USDⓈ-M Perpetual Contracts (2026-05-22)
2026-05-19T04:00:00+00:00,2026-05-22T00:00:00+00:00,KITEUSDT,unknown,Update on the Collateral Ratio Under Portfolio Margin and the Leverage & Margin Tiers of USDⓈ-M Perpetual Contracts (2026-05-22)
2026-05-19T04:00:00+00:00,2026-05-22T00:00:00+00:00,PIEVERSEUSDT,unknown,Update on the Collateral Ratio Under Portfolio Margin and the Leverage & Margin Tiers of USDⓈ-M Perpetual Contracts (2026-05-22)
2026-05-19T04:00:00+00:00,2026-05-22T00:00:00+00:00,TRUTHUSDT,unknown,Update on the Collateral Ratio Under Portfolio Margin and the Leverage & Margin Tiers of USDⓈ-M Perpetual Contracts (2026-05-22)
2026-05-19T04:00:00+00:00,2026-05-22T00:00:00+00:00,ZBTUSDT,unknown,Update on the Collateral Ratio Under Portfolio Margin and the Leverage & Margin Tiers of USDⓈ-M Perpetual Contracts (2026-05-22)
2026-05-12T03:00:29.425000+00:00,2026-05-15T00:00:00+00:00,ARCUSDT,unknown,Update on the Collateral Ratio Under Portfolio Margin and the Leverage & Margin Tiers of USDⓈ-M Perpetual Contracts (2026-05-15)
2026-05-12T03:00:29.425000+00:00,2026-05-15T00:00:00+00:00,BANANAUSDT,unknown,Update on the Collateral Ratio Under Portfolio Margin and the Leverage & Margin Tiers of USDⓈ-M Perpetual Contracts (2026-05-15)
2026-05-12T03:00:29.425000+00:00,2026-05-15T00:00:00+00:00,DOLOUSDT,unknown,Update on the Collateral Ratio Under Portfolio Margin and the Leverage & Margin Tiers of USDⓈ-M Perpetual Contracts (2026-05-15)
2026-05-12T03:00:29.425000+00:00,2026-05-15T00:00:00+00:00,DYMUSDT,unknown,Update on the Collateral Ratio Under Portfolio Margin and the Leverage & Margin Tiers of USDⓈ-M Perpetual Contracts (2026-05-15)
2026-05-12T03:00:29.425000+00:00,2026-05-15T00:00:00+00:00,ERAUSDT,unknown,Update on the Collateral Ratio Under Portfolio Margin and the Leverage & Margin Tiers of USDⓈ-M Perpetual Contracts (2026-05-15)
2026-05-12T03:00:29.425000+00:00,2026-05-15T00:00:00+00:00,FIDAUSDT,unknown,Update on the Collateral Ratio Under Portfolio Margin and the Leverage & Margin Tiers of USDⓈ-M Perpetual Contracts (2026-05-15)
2026-05-12T03:00:29.425000+00:00,2026-05-15T00:00:00+00:00,INITUSDT,unknown,Update on the Collateral Ratio Under Portfolio Margin and the Leverage & Margin Tiers of USDⓈ-M Perpetual Contracts (2026-05-15)
2026-05-12T03:00:29.425000+00:00,2026-05-15T00:00:00+00:00,NAORISUSDT,unknown,Update on the Collateral Ratio Under Portfolio Margin and the Leverage & Margin Tiers of USDⓈ-M Perpetual Contracts (2026-05-15)
2026-05-12T03:00:29.425000+00:00,2026-05-15T00:00:00+00:00,NEWTUSDT,unknown,Update on the Collateral Ratio Under Portfolio Margin and the Leverage & Margin Tiers of USDⓈ-M Perpetual Contracts (2026-05-15)
2026-05-06T09:44:20.363000+00:00,2026-05-08T00:00:00+00:00,CRCLUSDT,unknown,Updates on the Leverage & Margin Tiers of Multiple USDⓈ-M TradFi Perpetual Contracts (2026-05-08)
2026-05-06T09:44:20.363000+00:00,2026-05-08T00:00:00+00:00,INTCUSDT,unknown,Updates on the Leverage & Margin Tiers of Multiple USDⓈ-M TradFi Perpetual Contracts (2026-05-08)
2026-05-06T09:44:20.363000+00:00,2026-05-08T00:00:00+00:00,MSTRUSDT,unknown,Updates on the Leverage & Margin Tiers of Multiple USDⓈ-M TradFi Perpetual Contracts (2026-05-08)
2026-05-06T09:44:20.363000+00:00,2026-05-08T00:00:00+00:00,MUUSDT,unknown,Updates on the Leverage & Margin Tiers of Multiple USDⓈ-M TradFi Perpetual Contracts (2026-05-08)
2026-05-06T09:44:20.363000+00:00,2026-05-08T00:00:00+00:00,NVDAUSDT,unknown,Updates on the Leverage & Margin Tiers of Multiple USDⓈ-M TradFi Perpetual Contracts (2026-05-08)
2026-05-06T09:44:20.363000+00:00,2026-05-08T00:00:00+00:00,PLTRUSDT,unknown,Updates on the Leverage & Margin Tiers of Multiple USDⓈ-M TradFi Perpetual Contracts (2026-05-08)
2026-05-06T09:44:20.363000+00:00,2026-05-08T00:00:00+00:00,SNDKUSDT,unknown,Updates on the Leverage & Margin Tiers of Multiple USDⓈ-M TradFi Perpetual Contracts (2026-05-08)
2026-05-06T09:44:20.363000+00:00,2026-05-08T00:00:00+00:00,TSLAUSDT,unknown,Updates on the Leverage & Margin Tiers of Multiple USDⓈ-M TradFi Perpetual Contracts (2026-05-08)
2026-05-06T02:00:11.349000+00:00,2026-05-08T00:00:00+00:00,1000000MOGUSDT,unknown,Update on the Collateral Ratio Under Portfolio Margin and the Leverage & Margin Tiers of USDⓈ-M Perpetual Contracts (2026-05-08)
2026-05-06T02:00:11.349000+00:00,2026-05-08T00:00:00+00:00,ATAUSDT,unknown,Update on the Collateral Ratio Under Portfolio Margin and the Leverage & Margin Tiers of USDⓈ-M Perpetual Contracts (2026-05-08)
2026-05-06T02:00:11.349000+00:00,2026-05-08T00:00:00+00:00,CELOUSDT,unknown,Update on the Collateral Ratio Under Portfolio Margin and the Leverage & Margin Tiers of USDⓈ-M Perpetual Contracts (2026-05-08)
2026-05-06T02:00:11.349000+00:00,2026-05-08T00:00:00+00:00,EDENUSDT,unknown,Update on the Collateral Ratio Under Portfolio Margin and the Leverage & Margin Tiers of USDⓈ-M Perpetual Contracts (2026-05-08)
2026-05-06T02:00:11.349000+00:00,2026-05-08T00:00:00+00:00,GUAUSDT,unknown,Update on the Collateral Ratio Under Portfolio Margin and the Leverage & Margin Tiers of USDⓈ-M Perpetual Contracts (2026-05-08)
2026-05-06T02:00:11.349000+00:00,2026-05-08T00:00:00+00:00,HOMEUSDT,unknown,Update on the Collateral Ratio Under Portfolio Margin and the Leverage & Margin Tiers of USDⓈ-M Perpetual Contracts (2026-05-08)
2026-05-06T02:00:11.349000+00:00,2026-05-08T00:00:00+00:00,LABUSDT,unknown,Update on the Collateral Ratio Under Portfolio Margin and the Leverage & Margin Tiers of USDⓈ-M Perpetual Contracts (2026-05-08)
2026-05-06T02:00:11.349000+00:00,2026-05-08T00:00:00+00:00,MOVEUSDT,unknown,Update on the Collateral Ratio Under Portfolio Margin and the Leverage & Margin Tiers of USDⓈ-M Perpetual Contracts (2026-05-08)
2026-05-06T02:00:11.349000+00:00,2026-05-08T00:00:00+00:00,NMRUSDT,unknown,Update on the Collateral Ratio Under Portfolio Margin and the Leverage & Margin Tiers of USDⓈ-M Perpetual Contracts (2026-05-08)
2026-05-06T02:00:11.349000+00:00,2026-05-08T00:00:00+00:00,ONTUSDT,unknown,Update on the Collateral Ratio Under Portfolio Margin and the Leverage & Margin Tiers of USDⓈ-M Perpetual Contracts (2026-05-08)
2026-05-06T02:00:11.349000+00:00,2026-05-08T00:00:00+00:00,OPENUSDT,unknown,Update on the Collateral Ratio Under Portfolio Margin and the Leverage & Margin Tiers of USDⓈ-M Perpetual Contracts (2026-05-08)
2026-05-06T02:00:11.349000+00:00,2026-05-08T00:00:00+00:00,PLUMEUSDT,unknown,Update on the Collateral Ratio Under Portfolio Margin and the Leverage & Margin Tiers of USDⓈ-M Perpetual Contracts (2026-05-08)
2026-05-06T02:00:11.349000+00:00,2026-05-08T00:00:00+00:00,SAGAUSDT,unknown,Update on the Collateral Ratio Under Portfolio Margin and the Leverage & Margin Tiers of USDⓈ-M Perpetual Contracts (2026-05-08)
2026-05-06T02:00:11.349000+00:00,2026-05-08T00:00:00+00:00,SKYAIUSDT,unknown,Update on the Collateral Ratio Under Portfolio Margin and the Leverage & Margin Tiers of USDⓈ-M Perpetual Contracts (2026-05-08)
2026-05-06T02:00:11.349000+00:00,2026-05-08T00:00:00+00:00,SYSUSDT,unknown,Update on the Collateral Ratio Under Portfolio Margin and the Leverage & Margin Tiers of USDⓈ-M Perpetual Contracts (2026-05-08)
2026-05-06T02:00:11.349000+00:00,2026-05-08T00:00:00+00:00,ZORAUSDT,unknown,Update on the Collateral Ratio Under Portfolio Margin and the Leverage & Margin Tiers of USDⓈ-M Perpetual Contracts (2026-05-08)
2026-04-29T01:00:15.013000+00:00,2026-05-01T00:00:00+00:00,0GUSDT,unknown,Update on the Collateral Ratio Under Portfolio Margin and the Leverage & Margin Tiers of USDⓈ-M Perpetual Contracts (2026-05-01)
2026-04-29T01:00:15.013000+00:00,2026-05-01T00:00:00+00:00,ACHUSDT,unknown,Update on the Collateral Ratio Under Portfolio Margin and the Leverage & Margin Tiers of USDⓈ-M Perpetual Contracts (2026-05-01)
2026-04-29T01:00:15.013000+00:00,2026-05-01T00:00:00+00:00,APEUSDT,unknown,Update on the Collateral Ratio Under Portfolio Margin and the Leverage & Margin Tiers of USDⓈ-M Perpetual Contracts (2026-05-01)
2026-04-29T01:00:15.013000+00:00,2026-05-01T00:00:00+00:00,AVNTUSDT,unknown,Update on the Collateral Ratio Under Portfolio Margin and the Leverage & Margin Tiers of USDⓈ-M Perpetual Contracts (2026-05-01)
2026-04-29T01:00:15.013000+00:00,2026-05-01T00:00:00+00:00,BABYUSDT,unknown,Update on the Collateral Ratio Under Portfolio Margin and the Leverage & Margin Tiers of USDⓈ-M Perpetual Contracts (2026-05-01)
2026-04-29T01:00:15.013000+00:00,2026-05-01T00:00:00+00:00,EIGENUSDT,unknown,Update on the Collateral Ratio Under Portfolio Margin and the Leverage & Margin Tiers of USDⓈ-M Perpetual Contracts (2026-05-01)
2026-04-29T01:00:15.013000+00:00,2026-05-01T00:00:00+00:00,FARTCOINUSDT,unknown,Update on the Collateral Ratio Under Portfolio Margin and the Leverage & Margin Tiers of USDⓈ-M Perpetual Contracts (2026-05-01)
2026-04-29T01:00:15.013000+00:00,2026-05-01T00:00:00+00:00,FFUSDT,unknown,Update on the Collateral Ratio Under Portfolio Margin and the Leverage & Margin Tiers of USDⓈ-M Perpetual Contracts (2026-05-01)
2026-04-29T01:00:15.013000+00:00,2026-05-01T00:00:00+00:00,GALAUSDT,unknown,Update on the Collateral Ratio Under Portfolio Margin and the Leverage & Margin Tiers of USDⓈ-M Perpetual Contracts (2026-05-01)
2026-04-29T01:00:15.013000+00:00,2026-05-01T00:00:00+00:00,MOCAUSDT,unknown,Update on the Collateral Ratio Under Portfolio Margin and the Leverage & Margin Tiers of USDⓈ-M Perpetual Contracts (2026-05-01)
2026-04-29T01:00:15.013000+00:00,2026-05-01T00:00:00+00:00,REDUSDT,unknown,Update on the Collateral Ratio Under Portfolio Margin and the Leverage & Margin Tiers of USDⓈ-M Perpetual Contracts (2026-05-01)
2026-04-29T01:00:15.013000+00:00,2026-05-01T00:00:00+00:00,SSVUSDT,unknown,Update on the Collateral Ratio Under Portfolio Margin and the Leverage & Margin Tiers of USDⓈ-M Perpetual Contracts (2026-05-01)
2026-04-29T01:00:15.013000+00:00,2026-05-01T00:00:00+00:00,VANAUSDT,unknown,Update on the Collateral Ratio Under Portfolio Margin and the Leverage & Margin Tiers of USDⓈ-M Perpetual Contracts (2026-05-01)
2026-04-29T01:00:15.013000+00:00,2026-05-01T00:00:00+00:00,ZENUSDT,unknown,Update on the Collateral Ratio Under Portfolio Margin and the Leverage & Margin Tiers of USDⓈ-M Perpetual Contracts (2026-05-01)
2026-04-21T06:00:11.273000+00:00,2026-04-24T00:00:00+00:00,ACEUSDT,unknown,Update on the Collateral Ratio Under Portfolio Margin and the Leverage & Margin Tiers of USDⓈ-M Perpetual Contracts (2026-04-24)
2026-04-21T06:00:11.273000+00:00,2026-04-24T00:00:00+00:00,ARKMUSDT,unknown,Update on the Collateral Ratio Under Portfolio Margin and the Leverage & Margin Tiers of USDⓈ-M Perpetual Contracts (2026-04-24)
2026-04-21T06:00:11.273000+00:00,2026-04-24T00:00:00+00:00,AUCTIONUSDT,unknown,Update on the Collateral Ratio Under Portfolio Margin and the Leverage & Margin Tiers of USDⓈ-M Perpetual Contracts (2026-04-24)
2026-04-21T06:00:11.273000+00:00,2026-04-24T00:00:00+00:00,BIGTIMEUSDT,unknown,Update on the Collateral Ratio Under Portfolio Margin and the Leverage & Margin Tiers of USDⓈ-M Perpetual Contracts (2026-04-24)
2026-04-21T06:00:11.273000+00:00,2026-04-24T00:00:00+00:00,BOMEUSDT,unknown,Update on the Collateral Ratio Under Portfolio Margin and the Leverage & Margin Tiers of USDⓈ-M Perpetual Contracts (2026-04-24)
2026-04-21T06:00:11.273000+00:00,2026-04-24T00:00:00+00:00,COOKIEUSDT,unknown,Update on the Collateral Ratio Under Portfolio Margin and the Leverage & Margin Tiers of USDⓈ-M Perpetual Contracts (2026-04-24)
2026-04-21T06:00:11.273000+00:00,2026-04-24T00:00:00+00:00,GMTUSDT,unknown,Update on the Collateral Ratio Under Portfolio Margin and the Leverage & Margin Tiers of USDⓈ-M Perpetual Contracts (2026-04-24)
2026-04-21T06:00:11.273000+00:00,2026-04-24T00:00:00+00:00,HIGHUSDT,unknown,Update on the Collateral Ratio Under Portfolio Margin and the Leverage & Margin Tiers of USDⓈ-M Perpetual Contracts (2026-04-24)
2026-04-21T06:00:11.273000+00:00,2026-04-24T00:00:00+00:00,HOLOUSDT,unknown,Update on the Collateral Ratio Under Portfolio Margin and the Leverage & Margin Tiers of USDⓈ-M Perpetual Contracts (2026-04-24)
2026-04-21T06:00:11.273000+00:00,2026-04-24T00:00:00+00:00,IOUSDT,unknown,Update on the Collateral Ratio Under Portfolio Margin and the Leverage & Margin Tiers of USDⓈ-M Perpetual Contracts (2026-04-24)
2026-04-21T06:00:11.273000+00:00,2026-04-24T00:00:00+00:00,LAYERUSDT,unknown,Update on the Collateral Ratio Under Portfolio Margin and the Leverage & Margin Tiers of USDⓈ-M Perpetual Contracts (2026-04-24)
2026-04-21T06:00:11.273000+00:00,2026-04-24T00:00:00+00:00,MEMEUSDT,unknown,Update on the Collateral Ratio Under Portfolio Margin and the Leverage & Margin Tiers of USDⓈ-M Perpetual Contracts (2026-04-24)
2026-04-21T06:00:11.273000+00:00,2026-04-24T00:00:00+00:00,MERLUSDT,unknown,Update on the Collateral Ratio Under Portfolio Margin and the Leverage & Margin Tiers of USDⓈ-M Perpetual Contracts (2026-04-24)
2026-04-21T06:00:11.273000+00:00,2026-04-24T00:00:00+00:00,MLNUSDT,unknown,Update on the Collateral Ratio Under Portfolio Margin and the Leverage & Margin Tiers of USDⓈ-M Perpetual Contracts (2026-04-24)
2026-04-21T06:00:11.273000+00:00,2026-04-24T00:00:00+00:00,NEIROUSDT,unknown,Update on the Collateral Ratio Under Portfolio Margin and the Leverage & Margin Tiers of USDⓈ-M Perpetual Contracts (2026-04-24)
2026-04-21T06:00:11.273000+00:00,2026-04-24T00:00:00+00:00,NOMUSDT,unknown,Update on the Collateral Ratio Under Portfolio Margin and the Leverage & Margin Tiers of USDⓈ-M Perpetual Contracts (2026-04-24)
2026-04-21T06:00:11.273000+00:00,2026-04-24T00:00:00+00:00,NOTUSDT,unknown,Update on the Collateral Ratio Under Portfolio Margin and the Leverage & Margin Tiers of USDⓈ-M Perpetual Contracts (2026-04-24)
2026-04-21T06:00:11.273000+00:00,2026-04-24T00:00:00+00:00,PNUTUSDT,unknown,Update on the Collateral Ratio Under Portfolio Margin and the Leverage & Margin Tiers of USDⓈ-M Perpetual Contracts (2026-04-24)
2026-04-21T06:00:11.273000+00:00,2026-04-24T00:00:00+00:00,SOMIUSDT,unknown,Update on the Collateral Ratio Under Portfolio Margin and the Leverage & Margin Tiers of USDⓈ-M Perpetual Contracts (2026-04-24)
2026-04-21T06:00:11.273000+00:00,2026-04-24T00:00:00+00:00,YBUSDT,unknown,Update on the Collateral Ratio Under Portfolio Margin and the Leverage & Margin Tiers of USDⓈ-M Perpetual Contracts (2026-04-24)
2026-04-20T04:00:40.501000+00:00,2026-04-21T00:00:00+00:00,EWJUSDT,unknown,Updates on the Leverage & Margin Tiers of Multiple USDⓈ-M Perpetual Contracts (2026-04-21)
2026-04-20T04:00:40.501000+00:00,2026-04-21T00:00:00+00:00,EWYUSDT,unknown,Updates on the Leverage & Margin Tiers of Multiple USDⓈ-M Perpetual Contracts (2026-04-21)
2026-04-20T04:00:40.501000+00:00,2026-04-21T00:00:00+00:00,QQQUSDT,unknown,Updates on the Leverage & Margin Tiers of Multiple USDⓈ-M Perpetual Contracts (2026-04-21)
2026-04-20T04:00:40.501000+00:00,2026-04-21T00:00:00+00:00,SPYUSDT,unknown,Updates on the Leverage & Margin Tiers of Multiple USDⓈ-M Perpetual Contracts (2026-04-21)
2026-04-07T07:30:07.882000+00:00,2026-04-10T00:00:00+00:00,0GUSDT,unknown,Update on the Leverage & Margin Tiers of USDⓈ-M Perpetual Contracts (2026-04-10)
2026-04-07T07:30:07.882000+00:00,2026-04-10T00:00:00+00:00,BERAUSDT,unknown,Update on the Leverage & Margin Tiers of USDⓈ-M Perpetual Contracts (2026-04-10)
2026-04-07T07:30:07.882000+00:00,2026-04-10T00:00:00+00:00,BIOUSDT,unknown,Update on the Leverage & Margin Tiers of USDⓈ-M Perpetual Contracts (2026-04-10)
2026-04-07T07:30:07.882000+00:00,2026-04-10T00:00:00+00:00,ERAUSDT,unknown,Update on the Leverage & Margin Tiers of USDⓈ-M Perpetual Contracts (2026-04-10)
2026-04-07T07:30:07.882000+00:00,2026-04-10T00:00:00+00:00,FFUSDT,unknown,Update on the Leverage & Margin Tiers of USDⓈ-M Perpetual Contracts (2026-04-10)
2026-04-07T07:30:07.882000+00:00,2026-04-10T00:00:00+00:00,KAITOUSDT,unknown,Update on the Leverage & Margin Tiers of USDⓈ-M Perpetual Contracts (2026-04-10)
2026-04-07T07:30:07.882000+00:00,2026-04-10T00:00:00+00:00,LINEAUSDT,unknown,Update on the Leverage & Margin Tiers of USDⓈ-M Perpetual Contracts (2026-04-10)
2026-04-07T07:30:07.882000+00:00,2026-04-10T00:00:00+00:00,MOODENGUSDT,unknown,Update on the Leverage & Margin Tiers of USDⓈ-M Perpetual Contracts (2026-04-10)
2026-04-07T07:30:07.882000+00:00,2026-04-10T00:00:00+00:00,NMRUSDT,unknown,Update on the Leverage & Margin Tiers of USDⓈ-M Perpetual Contracts (2026-04-10)
2026-04-07T07:30:07.882000+00:00,2026-04-10T00:00:00+00:00,PROVEUSDT,unknown,Update on the Leverage & Margin Tiers of USDⓈ-M Perpetual Contracts (2026-04-10)
2026-04-07T07:30:07.882000+00:00,2026-04-10T00:00:00+00:00,SNXUSDT,unknown,Update on the Leverage & Margin Tiers of USDⓈ-M Perpetual Contracts (2026-04-10)
2026-04-07T07:30:07.882000+00:00,2026-04-10T00:00:00+00:00,SPKUSDT,unknown,Update on the Leverage & Margin Tiers of USDⓈ-M Perpetual Contracts (2026-04-10)
2026-04-07T07:30:07.882000+00:00,2026-04-10T00:00:00+00:00,SUSHIUSDT,unknown,Update on the Leverage & Margin Tiers of USDⓈ-M Perpetual Contracts (2026-04-10)
2026-04-07T07:30:07.882000+00:00,2026-04-10T00:00:00+00:00,TRBUSDT,unknown,Update on the Leverage & Margin Tiers of USDⓈ-M Perpetual Contracts (2026-04-10)
2026-04-07T07:30:07.882000+00:00,2026-04-10T00:00:00+00:00,WIFUSDT,unknown,Update on the Leverage & Margin Tiers of USDⓈ-M Perpetual Contracts (2026-04-10)
2026-04-07T07:30:07.882000+00:00,2026-04-10T00:00:00+00:00,XPLUSDT,unknown,Update on the Leverage & Margin Tiers of USDⓈ-M Perpetual Contracts (2026-04-10)
2026-04-07T07:30:07.882000+00:00,2026-04-10T00:00:00+00:00,ZENUSDT,unknown,Update on the Leverage & Margin Tiers of USDⓈ-M Perpetual Contracts (2026-04-10)
2026-03-17T06:30:11.597000+00:00,2026-03-20T00:00:00+00:00,AIOTUSDT,unknown,Update on the Collateral Ratio Under Portfolio Margin and the Leverage & Margin Tiers of USDⓈ-M Perpetual Contracts (2026-03-20)
2026-03-17T06:30:11.597000+00:00,2026-03-20T00:00:00+00:00,AVAAIUSDT,unknown,Update on the Collateral Ratio Under Portfolio Margin and the Leverage & Margin Tiers of USDⓈ-M Perpetual Contracts (2026-03-20)
2026-03-17T06:30:11.597000+00:00,2026-03-20T00:00:00+00:00,BANANAS31USDT,unknown,Update on the Collateral Ratio Under Portfolio Margin and the Leverage & Margin Tiers of USDⓈ-M Perpetual Contracts (2026-03-20)
2026-03-17T06:30:11.597000+00:00,2026-03-20T00:00:00+00:00,LIGHTUSDT,unknown,Update on the Collateral Ratio Under Portfolio Margin and the Leverage & Margin Tiers of USDⓈ-M Perpetual Contracts (2026-03-20)
2026-03-17T06:30:11.597000+00:00,2026-03-20T00:00:00+00:00,PTBUSDT,unknown,Update on the Collateral Ratio Under Portfolio Margin and the Leverage & Margin Tiers of USDⓈ-M Perpetual Contracts (2026-03-20)
2026-03-17T06:30:11.597000+00:00,2026-03-20T00:00:00+00:00,RDNTUSDT,unknown,Update on the Collateral Ratio Under Portfolio Margin and the Leverage & Margin Tiers of USDⓈ-M Perpetual Contracts (2026-03-20)
2026-03-17T06:30:11.597000+00:00,2026-03-20T00:00:00+00:00,RLUSDT,unknown,Update on the Collateral Ratio Under Portfolio Margin and the Leverage & Margin Tiers of USDⓈ-M Perpetual Contracts (2026-03-20)
2026-03-17T06:30:11.597000+00:00,2026-03-20T00:00:00+00:00,SOLVUSDT,unknown,Update on the Collateral Ratio Under Portfolio Margin and the Leverage & Margin Tiers of USDⓈ-M Perpetual Contracts (2026-03-20)
2026-03-17T06:30:11.597000+00:00,2026-03-20T00:00:00+00:00,SWARMSUSDT,unknown,Update on the Collateral Ratio Under Portfolio Margin and the Leverage & Margin Tiers of USDⓈ-M Perpetual Contracts (2026-03-20)
2026-03-17T06:30:11.597000+00:00,2026-03-20T00:00:00+00:00,TAKEUSDT,unknown,Update on the Collateral Ratio Under Portfolio Margin and the Leverage & Margin Tiers of USDⓈ-M Perpetual Contracts (2026-03-20)
2026-03-17T06:30:11.597000+00:00,2026-03-20T00:00:00+00:00,TSTUSDT,unknown,Update on the Collateral Ratio Under Portfolio Margin and the Leverage & Margin Tiers of USDⓈ-M Perpetual Contracts (2026-03-20)
2026-03-17T06:30:11.597000+00:00,2026-03-20T00:00:00+00:00,VICUSDT,unknown,Update on the Collateral Ratio Under Portfolio Margin and the Leverage & Margin Tiers of USDⓈ-M Perpetual Contracts (2026-03-20)
2026-03-10T05:30:02.891000+00:00,2026-03-10T00:00:00+00:00,AIUSDT,unknown,Update on the Collateral Ratio Under Portfolio Margin and the Leverage & Margin Tiers of USDⓈ-M Perpetual Contracts (2026-03-10)
2026-03-10T05:30:02.891000+00:00,2026-03-10T00:00:00+00:00,ATAUSDT,unknown,Update on the Collateral Ratio Under Portfolio Margin and the Leverage & Margin Tiers of USDⓈ-M Perpetual Contracts (2026-03-10)
2026-03-10T05:30:02.891000+00:00,2026-03-10T00:00:00+00:00,B3USDT,unknown,Update on the Collateral Ratio Under Portfolio Margin and the Leverage & Margin Tiers of USDⓈ-M Perpetual Contracts (2026-03-10)
2026-03-10T05:30:02.891000+00:00,2026-03-10T00:00:00+00:00,CLOUSDT,unknown,Update on the Collateral Ratio Under Portfolio Margin and the Leverage & Margin Tiers of USDⓈ-M Perpetual Contracts (2026-03-10)
2026-03-10T05:30:02.891000+00:00,2026-03-10T00:00:00+00:00,COOKIEUSDT,unknown,Update on the Collateral Ratio Under Portfolio Margin and the Leverage & Margin Tiers of USDⓈ-M Perpetual Contracts (2026-03-10)
2026-03-10T05:30:02.891000+00:00,2026-03-10T00:00:00+00:00,DODOXUSDT,unknown,Update on the Collateral Ratio Under Portfolio Margin and the Leverage & Margin Tiers of USDⓈ-M Perpetual Contracts (2026-03-10)
2026-03-10T05:30:02.891000+00:00,2026-03-10T00:00:00+00:00,EDENUSDT,unknown,Update on the Collateral Ratio Under Portfolio Margin and the Leverage & Margin Tiers of USDⓈ-M Perpetual Contracts (2026-03-10)
2026-03-10T05:30:02.891000+00:00,2026-03-10T00:00:00+00:00,FORTHUSDT,unknown,Update on the Collateral Ratio Under Portfolio Margin and the Leverage & Margin Tiers of USDⓈ-M Perpetual Contracts (2026-03-10)
2026-03-10T05:30:02.891000+00:00,2026-03-10T00:00:00+00:00,HFTUSDT,unknown,Update on the Collateral Ratio Under Portfolio Margin and the Leverage & Margin Tiers of USDⓈ-M Perpetual Contracts (2026-03-10)
2026-03-10T05:30:02.891000+00:00,2026-03-10T00:00:00+00:00,HUMAUSDT,unknown,Update on the Collateral Ratio Under Portfolio Margin and the Leverage & Margin Tiers of USDⓈ-M Perpetual Contracts (2026-03-10)
2026-03-10T05:30:02.891000+00:00,2026-03-10T00:00:00+00:00,LAUSDT,unknown,Update on the Collateral Ratio Under Portfolio Margin and the Leverage & Margin Tiers of USDⓈ-M Perpetual Contracts (2026-03-10)
2026-03-10T05:30:02.891000+00:00,2026-03-10T00:00:00+00:00,PEOPLEUSDT,unknown,Update on the Collateral Ratio Under Portfolio Margin and the Leverage & Margin Tiers of USDⓈ-M Perpetual Contracts (2026-03-10)
2026-03-10T05:30:02.891000+00:00,2026-03-10T00:00:00+00:00,SAGAUSDT,unknown,Update on the Collateral Ratio Under Portfolio Margin and the Leverage & Margin Tiers of USDⓈ-M Perpetual Contracts (2026-03-10)
2026-03-10T05:30:02.891000+00:00,2026-03-10T00:00:00+00:00,SYSUSDT,unknown,Update on the Collateral Ratio Under Portfolio Margin and the Leverage & Margin Tiers of USDⓈ-M Perpetual Contracts (2026-03-10)
2026-03-10T05:30:02.891000+00:00,2026-03-10T00:00:00+00:00,TREEUSDT,unknown,Update on the Collateral Ratio Under Portfolio Margin and the Leverage & Margin Tiers of USDⓈ-M Perpetual Contracts (2026-03-10)
2026-03-10T05:30:02.891000+00:00,2026-03-10T00:00:00+00:00,VANRYUSDT,unknown,Update on the Collateral Ratio Under Portfolio Margin and the Leverage & Margin Tiers of USDⓈ-M Perpetual Contracts (2026-03-10)
2026-03-03T02:30:11.964000+00:00,2026-03-07T00:00:00+00:00,1000CATUSDT,unknown,Update on the Collateral Ratio Under Portfolio Margin and the Leverage & Margin Tiers of USDⓈ-M Perpetual Contracts (2026-03-07)
2026-03-03T02:30:11.964000+00:00,2026-03-07T00:00:00+00:00,AIXBTUSDT,unknown,Update on the Collateral Ratio Under Portfolio Margin and the Leverage & Margin Tiers of USDⓈ-M Perpetual Contracts (2026-03-07)
2026-03-03T02:30:11.964000+00:00,2026-03-07T00:00:00+00:00,EPICUSDT,unknown,Update on the Collateral Ratio Under Portfolio Margin and the Leverage & Margin Tiers of USDⓈ-M Perpetual Contracts (2026-03-07)
2026-03-03T02:30:11.964000+00:00,2026-03-07T00:00:00+00:00,EULUSDT,unknown,Update on the Collateral Ratio Under Portfolio Margin and the Leverage & Margin Tiers of USDⓈ-M Perpetual Contracts (2026-03-07)
2026-03-03T02:30:11.964000+00:00,2026-03-07T00:00:00+00:00,GOATUSDT,unknown,Update on the Collateral Ratio Under Portfolio Margin and the Leverage & Margin Tiers of USDⓈ-M Perpetual Contracts (2026-03-07)
2026-03-03T02:30:11.964000+00:00,2026-03-07T00:00:00+00:00,GRIFFAINUSDT,unknown,Update on the Collateral Ratio Under Portfolio Margin and the Leverage & Margin Tiers of USDⓈ-M Perpetual Contracts (2026-03-07)
2026-03-03T02:30:11.964000+00:00,2026-03-07T00:00:00+00:00,HAEDALUSDT,unknown,Update on the Collateral Ratio Under Portfolio Margin and the Leverage & Margin Tiers of USDⓈ-M Perpetual Contracts (2026-03-07)
2026-03-03T02:30:11.964000+00:00,2026-03-07T00:00:00+00:00,HEMIUSDT,unknown,Update on the Collateral Ratio Under Portfolio Margin and the Leverage & Margin Tiers of USDⓈ-M Perpetual Contracts (2026-03-07)
2026-03-03T02:30:11.964000+00:00,2026-03-07T00:00:00+00:00,JSTUSDT,unknown,Update on the Collateral Ratio Under Portfolio Margin and the Leverage & Margin Tiers of USDⓈ-M Perpetual Contracts (2026-03-07)
2026-03-03T02:30:11.964000+00:00,2026-03-07T00:00:00+00:00,LITUSDT,unknown,Update on the Collateral Ratio Under Portfolio Margin and the Leverage & Margin Tiers of USDⓈ-M Perpetual Contracts (2026-03-07)
2026-03-03T02:30:11.964000+00:00,2026-03-07T00:00:00+00:00,LUMIAUSDT,unknown,Update on the Collateral Ratio Under Portfolio Margin and the Leverage & Margin Tiers of USDⓈ-M Perpetual Contracts (2026-03-07)
2026-03-03T02:30:11.964000+00:00,2026-03-07T00:00:00+00:00,MAGICUSDT,unknown,Update on the Collateral Ratio Under Portfolio Margin and the Leverage & Margin Tiers of USDⓈ-M Perpetual Contracts (2026-03-07)
2026-03-03T02:30:11.964000+00:00,2026-03-07T00:00:00+00:00,MBOXUSDT,unknown,Update on the Collateral Ratio Under Portfolio Margin and the Leverage & Margin Tiers of USDⓈ-M Perpetual Contracts (2026-03-07)
2026-03-03T02:30:11.964000+00:00,2026-03-07T00:00:00+00:00,MIRAUSDT,unknown,Update on the Collateral Ratio Under Portfolio Margin and the Leverage & Margin Tiers of USDⓈ-M Perpetual Contracts (2026-03-07)
2026-03-03T02:30:11.964000+00:00,2026-03-07T00:00:00+00:00,MITOUSDT,unknown,Update on the Collateral Ratio Under Portfolio Margin and the Leverage & Margin Tiers of USDⓈ-M Perpetual Contracts (2026-03-07)
2026-03-03T02:30:11.964000+00:00,2026-03-07T00:00:00+00:00,NOMUSDT,unknown,Update on the Collateral Ratio Under Portfolio Margin and the Leverage & Margin Tiers of USDⓈ-M Perpetual Contracts (2026-03-07)
2026-03-03T02:30:11.964000+00:00,2026-03-07T00:00:00+00:00,NTRNUSDT,unknown,Update on the Collateral Ratio Under Portfolio Margin and the Leverage & Margin Tiers of USDⓈ-M Perpetual Contracts (2026-03-07)
2026-03-03T02:30:11.964000+00:00,2026-03-07T00:00:00+00:00,PHBUSDT,unknown,Update on the Collateral Ratio Under Portfolio Margin and the Leverage & Margin Tiers of USDⓈ-M Perpetual Contracts (2026-03-07)
2026-03-03T02:30:11.964000+00:00,2026-03-07T00:00:00+00:00,SCRUSDT,unknown,Update on the Collateral Ratio Under Portfolio Margin and the Leverage & Margin Tiers of USDⓈ-M Perpetual Contracts (2026-03-07)
2026-03-03T02:30:11.964000+00:00,2026-03-07T00:00:00+00:00,SENTUSDT,unknown,Update on the Collateral Ratio Under Portfolio Margin and the Leverage & Margin Tiers of USDⓈ-M Perpetual Contracts (2026-03-07)
2026-03-03T02:30:11.964000+00:00,2026-03-07T00:00:00+00:00,SHELLUSDT,unknown,Update on the Collateral Ratio Under Portfolio Margin and the Leverage & Margin Tiers of USDⓈ-M Perpetual Contracts (2026-03-07)
2026-03-03T02:30:11.964000+00:00,2026-03-07T00:00:00+00:00,SOPHUSDT,unknown,Update on the Collateral Ratio Under Portfolio Margin and the Leverage & Margin Tiers of USDⓈ-M Perpetual Contracts (2026-03-07)
2026-03-03T02:30:11.964000+00:00,2026-03-07T00:00:00+00:00,SYSUSDT,unknown,Update on the Collateral Ratio Under Portfolio Margin and the Leverage & Margin Tiers of USDⓈ-M Perpetual Contracts (2026-03-07)
2026-03-03T02:30:11.964000+00:00,2026-03-07T00:00:00+00:00,TOWNSUSDT,unknown,Update on the Collateral Ratio Under Portfolio Margin and the Leverage & Margin Tiers of USDⓈ-M Perpetual Contracts (2026-03-07)
2026-03-03T02:30:11.964000+00:00,2026-03-07T00:00:00+00:00,TRUUSDT,unknown,Update on the Collateral Ratio Under Portfolio Margin and the Leverage & Margin Tiers of USDⓈ-M Perpetual Contracts (2026-03-07)
2026-02-24T02:30:22.682000+00:00,2026-02-27T00:00:00+00:00,A2ZUSDT,unknown,Update on the Collateral Ratio Under Portfolio Margin and the Leverage & Margin Tiers of USDⓈ-M Perpetual Contracts (2026-02-27)
2026-02-24T02:30:22.682000+00:00,2026-02-27T00:00:00+00:00,AINUSDT,unknown,Update on the Collateral Ratio Under Portfolio Margin and the Leverage & Margin Tiers of USDⓈ-M Perpetual Contracts (2026-02-27)
2026-02-24T02:30:22.682000+00:00,2026-02-27T00:00:00+00:00,BEAMXUSDT,unknown,Update on the Collateral Ratio Under Portfolio Margin and the Leverage & Margin Tiers of USDⓈ-M Perpetual Contracts (2026-02-27)
2026-02-24T02:30:22.682000+00:00,2026-02-27T00:00:00+00:00,GTCUSDT,unknown,Update on the Collateral Ratio Under Portfolio Margin and the Leverage & Margin Tiers of USDⓈ-M Perpetual Contracts (2026-02-27)
2026-02-24T02:30:22.682000+00:00,2026-02-27T00:00:00+00:00,HEIUSDT,unknown,Update on the Collateral Ratio Under Portfolio Margin and the Leverage & Margin Tiers of USDⓈ-M Perpetual Contracts (2026-02-27)
2026-02-24T02:30:22.682000+00:00,2026-02-27T00:00:00+00:00,KITEUSDT,unknown,Update on the Collateral Ratio Under Portfolio Margin and the Leverage & Margin Tiers of USDⓈ-M Perpetual Contracts (2026-02-27)
2026-02-24T02:30:22.682000+00:00,2026-02-27T00:00:00+00:00,MASKUSDT,unknown,Update on the Collateral Ratio Under Portfolio Margin and the Leverage & Margin Tiers of USDⓈ-M Perpetual Contracts (2026-02-27)
2026-02-24T02:30:22.682000+00:00,2026-02-27T00:00:00+00:00,MONUSDT,unknown,Update on the Collateral Ratio Under Portfolio Margin and the Leverage & Margin Tiers of USDⓈ-M Perpetual Contracts (2026-02-27)
2026-02-24T02:30:22.682000+00:00,2026-02-27T00:00:00+00:00,OLUSDT,unknown,Update on the Collateral Ratio Under Portfolio Margin and the Leverage & Margin Tiers of USDⓈ-M Perpetual Contracts (2026-02-27)
2026-02-24T02:30:22.682000+00:00,2026-02-27T00:00:00+00:00,PARTIUSDT,unknown,Update on the Collateral Ratio Under Portfolio Margin and the Leverage & Margin Tiers of USDⓈ-M Perpetual Contracts (2026-02-27)
2026-02-24T02:30:22.682000+00:00,2026-02-27T00:00:00+00:00,PEOPLEUSDT,unknown,Update on the Collateral Ratio Under Portfolio Margin and the Leverage & Margin Tiers of USDⓈ-M Perpetual Contracts (2026-02-27)
2026-02-24T02:30:22.682000+00:00,2026-02-27T00:00:00+00:00,TURTLEUSDT,unknown,Update on the Collateral Ratio Under Portfolio Margin and the Leverage & Margin Tiers of USDⓈ-M Perpetual Contracts (2026-02-27)
2026-02-24T02:30:22.682000+00:00,2026-02-27T00:00:00+00:00,USUSDT,unknown,Update on the Collateral Ratio Under Portfolio Margin and the Leverage & Margin Tiers of USDⓈ-M Perpetual Contracts (2026-02-27)
2026-02-24T02:30:22.682000+00:00,2026-02-27T00:00:00+00:00,VFYUSDT,unknown,Update on the Collateral Ratio Under Portfolio Margin and the Leverage & Margin Tiers of USDⓈ-M Perpetual Contracts (2026-02-27)
2026-02-03T06:00:15.339000+00:00,2026-02-03T00:00:00+00:00,ACTUSDT,unknown,Update on the Collateral Ratio Under Portfolio Margin and the Leverage & Margin Tiers of USDⓈ-M Perpetual Contracts (2026-02-03)
2026-02-03T06:00:15.339000+00:00,2026-02-03T00:00:00+00:00,ALPINEUSDT,unknown,Update on the Collateral Ratio Under Portfolio Margin and the Leverage & Margin Tiers of USDⓈ-M Perpetual Contracts (2026-02-03)
2026-02-03T06:00:15.339000+00:00,2026-02-03T00:00:00+00:00,GUAUSDT,unknown,Update on the Collateral Ratio Under Portfolio Margin and the Leverage & Margin Tiers of USDⓈ-M Perpetual Contracts (2026-02-03)
2026-02-03T06:00:15.339000+00:00,2026-02-03T00:00:00+00:00,IPUSDT,unknown,Update on the Collateral Ratio Under Portfolio Margin and the Leverage & Margin Tiers of USDⓈ-M Perpetual Contracts (2026-02-03)
2026-02-03T06:00:15.339000+00:00,2026-02-03T00:00:00+00:00,JELLYJELLYUSDT,unknown,Update on the Collateral Ratio Under Portfolio Margin and the Leverage & Margin Tiers of USDⓈ-M Perpetual Contracts (2026-02-03)
2026-02-03T06:00:15.339000+00:00,2026-02-03T00:00:00+00:00,LIGHTUSDT,unknown,Update on the Collateral Ratio Under Portfolio Margin and the Leverage & Margin Tiers of USDⓈ-M Perpetual Contracts (2026-02-03)
2026-02-03T06:00:15.339000+00:00,2026-02-03T00:00:00+00:00,MAVIAUSDT,unknown,Update on the Collateral Ratio Under Portfolio Margin and the Leverage & Margin Tiers of USDⓈ-M Perpetual Contracts (2026-02-03)
2026-02-03T06:00:15.339000+00:00,2026-02-03T00:00:00+00:00,PIPPINUSDT,unknown,Update on the Collateral Ratio Under Portfolio Margin and the Leverage & Margin Tiers of USDⓈ-M Perpetual Contracts (2026-02-03)
2026-02-03T06:00:15.339000+00:00,2026-02-03T00:00:00+00:00,TSLAUSDT,unknown,Update on the Collateral Ratio Under Portfolio Margin and the Leverage & Margin Tiers of USDⓈ-M Perpetual Contracts (2026-02-03)
2026-01-27T07:00:07.187000+00:00,2026-01-30T00:00:00+00:00,API3USDT,unknown,Update on the Collateral Ratio Under Portfolio Margin and the Leverage & Margin Tiers of USDⓈ-M Perpetual Contracts (2026-01-30)
2026-01-27T07:00:07.187000+00:00,2026-01-30T00:00:00+00:00,COOKIEUSDT,unknown,Update on the Collateral Ratio Under Portfolio Margin and the Leverage & Margin Tiers of USDⓈ-M Perpetual Contracts (2026-01-30)
2026-01-27T07:00:07.187000+00:00,2026-01-30T00:00:00+00:00,IPUSDT,unknown,Update on the Collateral Ratio Under Portfolio Margin and the Leverage & Margin Tiers of USDⓈ-M Perpetual Contracts (2026-01-30)
2026-01-27T07:00:07.187000+00:00,2026-01-30T00:00:00+00:00,RLCUSDT,unknown,Update on the Collateral Ratio Under Portfolio Margin and the Leverage & Margin Tiers of USDⓈ-M Perpetual Contracts (2026-01-30)
2026-01-27T07:00:07.187000+00:00,2026-01-30T00:00:00+00:00,SPACEUSDT,unknown,Update on the Collateral Ratio Under Portfolio Margin and the Leverage & Margin Tiers of USDⓈ-M Perpetual Contracts (2026-01-30)
2026-01-27T07:00:07.187000+00:00,2026-01-30T00:00:00+00:00,YBUSDT,unknown,Update on the Collateral Ratio Under Portfolio Margin and the Leverage & Margin Tiers of USDⓈ-M Perpetual Contracts (2026-01-30)
2026-01-12T09:00:04.280000+00:00,2026-01-12T00:00:00+00:00,ALCHUSDT,unknown,Update on the Collateral Ratio Under Portfolio Margin and the Leverage & Margin Tiers of USDⓈ-M Perpetual Contracts (2026-01-12)
2026-01-12T09:00:04.280000+00:00,2026-01-12T00:00:00+00:00,ALLOUSDT,unknown,Update on the Collateral Ratio Under Portfolio Margin and the Leverage & Margin Tiers of USDⓈ-M Perpetual Contracts (2026-01-12)
2026-01-12T09:00:04.280000+00:00,2026-01-12T00:00:00+00:00,ALTUSDT,unknown,Update on the Collateral Ratio Under Portfolio Margin and the Leverage & Margin Tiers of USDⓈ-M Perpetual Contracts (2026-01-12)
2026-01-12T09:00:04.280000+00:00,2026-01-12T00:00:00+00:00,ARCUSDT,unknown,Update on the Collateral Ratio Under Portfolio Margin and the Leverage & Margin Tiers of USDⓈ-M Perpetual Contracts (2026-01-12)
2026-01-12T09:00:04.280000+00:00,2026-01-12T00:00:00+00:00,ASTRUSDT,unknown,Update on the Collateral Ratio Under Portfolio Margin and the Leverage & Margin Tiers of USDⓈ-M Perpetual Contracts (2026-01-12)
2026-01-12T09:00:04.280000+00:00,2026-01-12T00:00:00+00:00,BARDUSDT,unknown,Update on the Collateral Ratio Under Portfolio Margin and the Leverage & Margin Tiers of USDⓈ-M Perpetual Contracts (2026-01-12)
2026-01-12T09:00:04.280000+00:00,2026-01-12T00:00:00+00:00,CKBUSDT,unknown,Update on the Collateral Ratio Under Portfolio Margin and the Leverage & Margin Tiers of USDⓈ-M Perpetual Contracts (2026-01-12)
2026-01-12T09:00:04.280000+00:00,2026-01-12T00:00:00+00:00,CLANKERUSDT,unknown,Update on the Collateral Ratio Under Portfolio Margin and the Leverage & Margin Tiers of USDⓈ-M Perpetual Contracts (2026-01-12)
2026-01-12T09:00:04.280000+00:00,2026-01-12T00:00:00+00:00,DEEPUSDT,unknown,Update on the Collateral Ratio Under Portfolio Margin and the Leverage & Margin Tiers of USDⓈ-M Perpetual Contracts (2026-01-12)
2026-01-12T09:00:04.280000+00:00,2026-01-12T00:00:00+00:00,DEXEUSDT,unknown,Update on the Collateral Ratio Under Portfolio Margin and the Leverage & Margin Tiers of USDⓈ-M Perpetual Contracts (2026-01-12)
2026-01-12T09:00:04.280000+00:00,2026-01-12T00:00:00+00:00,GLMUSDT,unknown,Update on the Collateral Ratio Under Portfolio Margin and the Leverage & Margin Tiers of USDⓈ-M Perpetual Contracts (2026-01-12)
2026-01-12T09:00:04.280000+00:00,2026-01-12T00:00:00+00:00,JOEUSDT,unknown,Update on the Collateral Ratio Under Portfolio Margin and the Leverage & Margin Tiers of USDⓈ-M Perpetual Contracts (2026-01-12)
2026-01-12T09:00:04.280000+00:00,2026-01-12T00:00:00+00:00,KITEUSDT,unknown,Update on the Collateral Ratio Under Portfolio Margin and the Leverage & Margin Tiers of USDⓈ-M Perpetual Contracts (2026-01-12)
2026-01-12T09:00:04.280000+00:00,2026-01-12T00:00:00+00:00,NXPCUSDT,unknown,Update on the Collateral Ratio Under Portfolio Margin and the Leverage & Margin Tiers of USDⓈ-M Perpetual Contracts (2026-01-12)
2026-01-12T09:00:04.280000+00:00,2026-01-12T00:00:00+00:00,OGUSDT,unknown,Update on the Collateral Ratio Under Portfolio Margin and the Leverage & Margin Tiers of USDⓈ-M Perpetual Contracts (2026-01-12)
2026-01-12T09:00:04.280000+00:00,2026-01-12T00:00:00+00:00,SAHARAUSDT,unknown,Update on the Collateral Ratio Under Portfolio Margin and the Leverage & Margin Tiers of USDⓈ-M Perpetual Contracts (2026-01-12)
2026-01-12T09:00:04.280000+00:00,2026-01-12T00:00:00+00:00,SKYAIUSDT,unknown,Update on the Collateral Ratio Under Portfolio Margin and the Leverage & Margin Tiers of USDⓈ-M Perpetual Contracts (2026-01-12)
2026-01-12T09:00:04.280000+00:00,2026-01-12T00:00:00+00:00,SOLVUSDT,unknown,Update on the Collateral Ratio Under Portfolio Margin and the Leverage & Margin Tiers of USDⓈ-M Perpetual Contracts (2026-01-12)
2026-01-12T09:00:04.280000+00:00,2026-01-12T00:00:00+00:00,STOUSDT,unknown,Update on the Collateral Ratio Under Portfolio Margin and the Leverage & Margin Tiers of USDⓈ-M Perpetual Contracts (2026-01-12)
2026-01-12T09:00:04.280000+00:00,2026-01-12T00:00:00+00:00,SUNUSDT,unknown,Update on the Collateral Ratio Under Portfolio Margin and the Leverage & Margin Tiers of USDⓈ-M Perpetual Contracts (2026-01-12)
2026-01-12T09:00:04.280000+00:00,2026-01-12T00:00:00+00:00,SXTUSDT,unknown,Update on the Collateral Ratio Under Portfolio Margin and the Leverage & Margin Tiers of USDⓈ-M Perpetual Contracts (2026-01-12)
2026-01-12T09:00:04.280000+00:00,2026-01-12T00:00:00+00:00,TAKEUSDT,unknown,Update on the Collateral Ratio Under Portfolio Margin and the Leverage & Margin Tiers of USDⓈ-M Perpetual Contracts (2026-01-12)
2026-01-12T09:00:04.280000+00:00,2026-01-12T00:00:00+00:00,UBUSDT,unknown,Update on the Collateral Ratio Under Portfolio Margin and the Leverage & Margin Tiers of USDⓈ-M Perpetual Contracts (2026-01-12)
2026-01-12T09:00:04.280000+00:00,2026-01-12T00:00:00+00:00,USELESSUSDT,unknown,Update on the Collateral Ratio Under Portfolio Margin and the Leverage & Margin Tiers of USDⓈ-M Perpetual Contracts (2026-01-12)
2026-01-12T09:00:04.280000+00:00,2026-01-12T00:00:00+00:00,ZEREBROUSDT,unknown,Update on the Collateral Ratio Under Portfolio Margin and the Leverage & Margin Tiers of USDⓈ-M Perpetual Contracts (2026-01-12)
2025-12-09T04:00:01.961000+00:00,2025-12-12T00:00:00+00:00,1000000BOBUSDT,unknown,Update on the Collateral Ratio Under Portfolio Margin and the Leverage & Margin Tiers of USDⓈ-M Perpetual Contracts (2025-12-12)
2025-12-09T04:00:01.961000+00:00,2025-12-12T00:00:00+00:00,ALPINEUSDT,unknown,Update on the Collateral Ratio Under Portfolio Margin and the Leverage & Margin Tiers of USDⓈ-M Perpetual Contracts (2025-12-12)
2025-12-09T04:00:01.961000+00:00,2025-12-12T00:00:00+00:00,ASRUSDT,unknown,Update on the Collateral Ratio Under Portfolio Margin and the Leverage & Margin Tiers of USDⓈ-M Perpetual Contracts (2025-12-12)
2025-12-09T04:00:01.961000+00:00,2025-12-12T00:00:00+00:00,AVAAIUSDT,unknown,Update on the Collateral Ratio Under Portfolio Margin and the Leverage & Margin Tiers of USDⓈ-M Perpetual Contracts (2025-12-12)
2025-12-09T04:00:01.961000+00:00,2025-12-12T00:00:00+00:00,BELUSDT,unknown,Update on the Collateral Ratio Under Portfolio Margin and the Leverage & Margin Tiers of USDⓈ-M Perpetual Contracts (2025-12-12)
2025-12-09T04:00:01.961000+00:00,2025-12-12T00:00:00+00:00,BLUAIUSDT,unknown,Update on the Collateral Ratio Under Portfolio Margin and the Leverage & Margin Tiers of USDⓈ-M Perpetual Contracts (2025-12-12)
2025-12-09T04:00:01.961000+00:00,2025-12-12T00:00:00+00:00,BMTUSDT,unknown,Update on the Collateral Ratio Under Portfolio Margin and the Leverage & Margin Tiers of USDⓈ-M Perpetual Contracts (2025-12-12)
2025-12-09T04:00:01.961000+00:00,2025-12-12T00:00:00+00:00,BROCCOLI714USDT,unknown,Update on the Collateral Ratio Under Portfolio Margin and the Leverage & Margin Tiers of USDⓈ-M Perpetual Contracts (2025-12-12)
2025-12-09T04:00:01.961000+00:00,2025-12-12T00:00:00+00:00,BRUSDT,unknown,Update on the Collateral Ratio Under Portfolio Margin and the Leverage & Margin Tiers of USDⓈ-M Perpetual Contracts (2025-12-12)
2025-12-09T04:00:01.961000+00:00,2025-12-12T00:00:00+00:00,COMMONUSDT,unknown,Update on the Collateral Ratio Under Portfolio Margin and the Leverage & Margin Tiers of USDⓈ-M Perpetual Contracts (2025-12-12)
2025-12-09T04:00:01.961000+00:00,2025-12-12T00:00:00+00:00,DEGOUSDT,unknown,Update on the Collateral Ratio Under Portfolio Margin and the Leverage & Margin Tiers of USDⓈ-M Perpetual Contracts (2025-12-12)
2025-12-09T04:00:01.961000+00:00,2025-12-12T00:00:00+00:00,DFUSDT,unknown,Update on the Collateral Ratio Under Portfolio Margin and the Leverage & Margin Tiers of USDⓈ-M Perpetual Contracts (2025-12-12)
2025-12-09T04:00:01.961000+00:00,2025-12-12T00:00:00+00:00,EDENUSDT,unknown,Update on the Collateral Ratio Under Portfolio Margin and the Leverage & Margin Tiers of USDⓈ-M Perpetual Contracts (2025-12-12)
2025-12-09T04:00:01.961000+00:00,2025-12-12T00:00:00+00:00,ENSOUSDT,unknown,Update on the Collateral Ratio Under Portfolio Margin and the Leverage & Margin Tiers of USDⓈ-M Perpetual Contracts (2025-12-12)
2025-12-09T04:00:01.961000+00:00,2025-12-12T00:00:00+00:00,GHSTUSDT,unknown,Update on the Collateral Ratio Under Portfolio Margin and the Leverage & Margin Tiers of USDⓈ-M Perpetual Contracts (2025-12-12)
2025-12-09T04:00:01.961000+00:00,2025-12-12T00:00:00+00:00,GTCUSDT,unknown,Update on the Collateral Ratio Under Portfolio Margin and the Leverage & Margin Tiers of USDⓈ-M Perpetual Contracts (2025-12-12)
2025-12-09T04:00:01.961000+00:00,2025-12-12T00:00:00+00:00,HMSTRUSDT,unknown,Update on the Collateral Ratio Under Portfolio Margin and the Leverage & Margin Tiers of USDⓈ-M Perpetual Contracts (2025-12-12)
2025-12-09T04:00:01.961000+00:00,2025-12-12T00:00:00+00:00,HOOKUSDT,unknown,Update on the Collateral Ratio Under Portfolio Margin and the Leverage & Margin Tiers of USDⓈ-M Perpetual Contracts (2025-12-12)
2025-12-09T04:00:01.961000+00:00,2025-12-12T00:00:00+00:00,NFPUSDT,unknown,Update on the Collateral Ratio Under Portfolio Margin and the Leverage & Margin Tiers of USDⓈ-M Perpetual Contracts (2025-12-12)
2025-12-09T04:00:01.961000+00:00,2025-12-12T00:00:00+00:00,NKNUSDT,unknown,Update on the Collateral Ratio Under Portfolio Margin and the Leverage & Margin Tiers of USDⓈ-M Perpetual Contracts (2025-12-12)
2025-12-09T04:00:01.961000+00:00,2025-12-12T00:00:00+00:00,PIPPINUSDT,unknown,Update on the Collateral Ratio Under Portfolio Margin and the Leverage & Margin Tiers of USDⓈ-M Perpetual Contracts (2025-12-12)
2025-12-09T04:00:01.961000+00:00,2025-12-12T00:00:00+00:00,PUFFERUSDT,unknown,Update on the Collateral Ratio Under Portfolio Margin and the Leverage & Margin Tiers of USDⓈ-M Perpetual Contracts (2025-12-12)
2025-12-09T04:00:01.961000+00:00,2025-12-12T00:00:00+00:00,RDNTUSDT,unknown,Update on the Collateral Ratio Under Portfolio Margin and the Leverage & Margin Tiers of USDⓈ-M Perpetual Contracts (2025-12-12)
2025-12-09T04:00:01.961000+00:00,2025-12-12T00:00:00+00:00,SWARMSUSDT,unknown,Update on the Collateral Ratio Under Portfolio Margin and the Leverage & Margin Tiers of USDⓈ-M Perpetual Contracts (2025-12-12)
2025-12-09T04:00:01.961000+00:00,2025-12-12T00:00:00+00:00,SYNUSDT,unknown,Update on the Collateral Ratio Under Portfolio Margin and the Leverage & Margin Tiers of USDⓈ-M Perpetual Contracts (2025-12-12)
2025-12-09T04:00:01.961000+00:00,2025-12-12T00:00:00+00:00,TACUSDT,unknown,Update on the Collateral Ratio Under Portfolio Margin and the Leverage & Margin Tiers of USDⓈ-M Perpetual Contracts (2025-12-12)
2025-12-09T04:00:01.961000+00:00,2025-12-12T00:00:00+00:00,TLMUSDT,unknown,Update on the Collateral Ratio Under Portfolio Margin and the Leverage & Margin Tiers of USDⓈ-M Perpetual Contracts (2025-12-12)
2025-12-09T04:00:01.961000+00:00,2025-12-12T00:00:00+00:00,TSTUSDT,unknown,Update on the Collateral Ratio Under Portfolio Margin and the Leverage & Margin Tiers of USDⓈ-M Perpetual Contracts (2025-12-12)
2025-12-09T04:00:01.961000+00:00,2025-12-12T00:00:00+00:00,TUTUSDT,unknown,Update on the Collateral Ratio Under Portfolio Margin and the Leverage & Margin Tiers of USDⓈ-M Perpetual Contracts (2025-12-12)
2025-12-09T04:00:01.961000+00:00,2025-12-12T00:00:00+00:00,VICUSDT,unknown,Update on the Collateral Ratio Under Portfolio Margin and the Leverage & Margin Tiers of USDⓈ-M Perpetual Contracts (2025-12-12)
2025-12-09T04:00:01.961000+00:00,2025-12-12T00:00:00+00:00,XNYUSDT,unknown,Update on the Collateral Ratio Under Portfolio Margin and the Leverage & Margin Tiers of USDⓈ-M Perpetual Contracts (2025-12-12)
2025-12-02T05:00:01.596000+00:00,2025-12-05T00:00:00+00:00,1000WHYUSDT,unknown,Updates on the Leverage & Margin Tiers of USDⓈ-M Perpetual Contract (2025-12-05)
2025-12-02T05:00:01.596000+00:00,2025-12-05T00:00:00+00:00,42USDT,unknown,Updates on the Leverage & Margin Tiers of USDⓈ-M Perpetual Contract (2025-12-05)
2025-12-02T05:00:01.596000+00:00,2025-12-05T00:00:00+00:00,AGTUSDT,unknown,Updates on the Leverage & Margin Tiers of USDⓈ-M Perpetual Contract (2025-12-05)
2025-12-02T05:00:01.596000+00:00,2025-12-05T00:00:00+00:00,AKEUSDT,unknown,Updates on the Leverage & Margin Tiers of USDⓈ-M Perpetual Contract (2025-12-05)
2025-12-02T05:00:01.596000+00:00,2025-12-05T00:00:00+00:00,BDXNUSDT,unknown,Updates on the Leverage & Margin Tiers of USDⓈ-M Perpetual Contract (2025-12-05)
2025-12-02T05:00:01.596000+00:00,2025-12-05T00:00:00+00:00,BIDUSDT,unknown,Updates on the Leverage & Margin Tiers of USDⓈ-M Perpetual Contract (2025-12-05)
2025-12-02T05:00:01.596000+00:00,2025-12-05T00:00:00+00:00,BROCCOLIF3BUSDT,unknown,Updates on the Leverage & Margin Tiers of USDⓈ-M Perpetual Contract (2025-12-05)
2025-12-02T05:00:01.596000+00:00,2025-12-05T00:00:00+00:00,BTRUSDT,unknown,Updates on the Leverage & Margin Tiers of USDⓈ-M Perpetual Contract (2025-12-05)
2025-12-02T05:00:01.596000+00:00,2025-12-05T00:00:00+00:00,BULLAUSDT,unknown,Updates on the Leverage & Margin Tiers of USDⓈ-M Perpetual Contract (2025-12-05)
2025-12-02T05:00:01.596000+00:00,2025-12-05T00:00:00+00:00,CHESSUSDT,unknown,Updates on the Leverage & Margin Tiers of USDⓈ-M Perpetual Contract (2025-12-05)
2025-12-02T05:00:01.596000+00:00,2025-12-05T00:00:00+00:00,COSUSDT,unknown,Updates on the Leverage & Margin Tiers of USDⓈ-M Perpetual Contract (2025-12-05)
2025-12-02T05:00:01.596000+00:00,2025-12-05T00:00:00+00:00,CUDISUSDT,unknown,Updates on the Leverage & Margin Tiers of USDⓈ-M Perpetual Contract (2025-12-05)
2025-12-02T05:00:01.596000+00:00,2025-12-05T00:00:00+00:00,DAMUSDT,unknown,Updates on the Leverage & Margin Tiers of USDⓈ-M Perpetual Contract (2025-12-05)
2025-12-02T05:00:01.596000+00:00,2025-12-05T00:00:00+00:00,DMCUSDT,unknown,Updates on the Leverage & Margin Tiers of USDⓈ-M Perpetual Contract (2025-12-05)
2025-12-02T05:00:01.596000+00:00,2025-12-05T00:00:00+00:00,EPTUSDT,unknown,Updates on the Leverage & Margin Tiers of USDⓈ-M Perpetual Contract (2025-12-05)
2025-12-02T05:00:01.596000+00:00,2025-12-05T00:00:00+00:00,EVAAUSDT,unknown,Updates on the Leverage & Margin Tiers of USDⓈ-M Perpetual Contract (2025-12-05)
2025-12-02T05:00:01.596000+00:00,2025-12-05T00:00:00+00:00,FHEUSDT,unknown,Updates on the Leverage & Margin Tiers of USDⓈ-M Perpetual Contract (2025-12-05)
2025-12-02T05:00:01.596000+00:00,2025-12-05T00:00:00+00:00,FIOUSDT,unknown,Updates on the Leverage & Margin Tiers of USDⓈ-M Perpetual Contract (2025-12-05)
2025-12-02T05:00:01.596000+00:00,2025-12-05T00:00:00+00:00,FISUSDT,unknown,Updates on the Leverage & Margin Tiers of USDⓈ-M Perpetual Contract (2025-12-05)
2025-12-02T05:00:01.596000+00:00,2025-12-05T00:00:00+00:00,HANAUSDT,unknown,Updates on the Leverage & Margin Tiers of USDⓈ-M Perpetual Contract (2025-12-05)
2025-12-02T05:00:01.596000+00:00,2025-12-05T00:00:00+00:00,KOMAUSDT,unknown,Updates on the Leverage & Margin Tiers of USDⓈ-M Perpetual Contract (2025-12-05)
2025-12-02T05:00:01.596000+00:00,2025-12-05T00:00:00+00:00,PAXGUSDT,unknown,Updates on the Leverage & Margin Tiers of USDⓈ-M Perpetual Contract (2025-12-05)
2025-12-02T05:00:01.596000+00:00,2025-12-05T00:00:00+00:00,PUMPBTCUSDT,unknown,Updates on the Leverage & Margin Tiers of USDⓈ-M Perpetual Contract (2025-12-05)
2025-12-02T05:00:01.596000+00:00,2025-12-05T00:00:00+00:00,REIUSDT,unknown,Updates on the Leverage & Margin Tiers of USDⓈ-M Perpetual Contract (2025-12-05)
2025-12-02T05:00:01.596000+00:00,2025-12-05T00:00:00+00:00,RVVUSDT,unknown,Updates on the Leverage & Margin Tiers of USDⓈ-M Perpetual Contract (2025-12-05)
2025-12-02T05:00:01.596000+00:00,2025-12-05T00:00:00+00:00,TANSSIUSDT,unknown,Updates on the Leverage & Margin Tiers of USDⓈ-M Perpetual Contract (2025-12-05)
2025-12-02T05:00:01.596000+00:00,2025-12-05T00:00:00+00:00,VOXELUSDT,unknown,Updates on the Leverage & Margin Tiers of USDⓈ-M Perpetual Contract (2025-12-05)
2025-12-02T05:00:01.596000+00:00,2025-12-05T00:00:00+00:00,YALAUSDT,unknown,Updates on the Leverage & Margin Tiers of USDⓈ-M Perpetual Contract (2025-12-05)
2025-11-25T02:01:01.260000+00:00,2025-11-28T00:00:00+00:00,AIOTUSDT,unknown,Updates on the Leverage & Margin Tiers of USDⓈ-M Perpetual Contract (2025-11-28)
2025-11-25T02:01:01.260000+00:00,2025-11-28T00:00:00+00:00,BASUSDT,unknown,Updates on the Leverage & Margin Tiers of USDⓈ-M Perpetual Contract (2025-11-28)
2025-11-25T02:01:01.260000+00:00,2025-11-28T00:00:00+00:00,CARVUSDT,unknown,Updates on the Leverage & Margin Tiers of USDⓈ-M Perpetual Contract (2025-11-28)
2025-11-25T02:01:01.260000+00:00,2025-11-28T00:00:00+00:00,CROSSUSDT,unknown,Updates on the Leverage & Margin Tiers of USDⓈ-M Perpetual Contract (2025-11-28)
2025-11-25T02:01:01.260000+00:00,2025-11-28T00:00:00+00:00,DRIFTUSDT,unknown,Updates on the Leverage & Margin Tiers of USDⓈ-M Perpetual Contract (2025-11-28)
2025-11-25T02:01:01.260000+00:00,2025-11-28T00:00:00+00:00,FARTCOINUSDT,unknown,Updates on the Leverage & Margin Tiers of USDⓈ-M Perpetual Contract (2025-11-28)
2025-11-25T02:01:01.260000+00:00,2025-11-28T00:00:00+00:00,FLOCKUSDT,unknown,Updates on the Leverage & Margin Tiers of USDⓈ-M Perpetual Contract (2025-11-28)
2025-11-25T02:01:01.260000+00:00,2025-11-28T00:00:00+00:00,LABUSDT,unknown,Updates on the Leverage & Margin Tiers of USDⓈ-M Perpetual Contract (2025-11-28)
2025-11-25T02:01:01.260000+00:00,2025-11-28T00:00:00+00:00,LYNUSDT,unknown,Updates on the Leverage & Margin Tiers of USDⓈ-M Perpetual Contract (2025-11-28)
2025-11-25T02:01:01.260000+00:00,2025-11-28T00:00:00+00:00,ORDERUSDT,unknown,Updates on the Leverage & Margin Tiers of USDⓈ-M Perpetual Contract (2025-11-28)
2025-11-25T02:01:01.260000+00:00,2025-11-28T00:00:00+00:00,POPCATUSDT,unknown,Updates on the Leverage & Margin Tiers of USDⓈ-M Perpetual Contract (2025-11-28)
2025-11-25T02:01:01.260000+00:00,2025-11-28T00:00:00+00:00,PROMPTUSDT,unknown,Updates on the Leverage & Margin Tiers of USDⓈ-M Perpetual Contract (2025-11-28)
2025-11-25T02:01:01.260000+00:00,2025-11-28T00:00:00+00:00,PTBUSDT,unknown,Updates on the Leverage & Margin Tiers of USDⓈ-M Perpetual Contract (2025-11-28)
2025-11-25T02:01:01.260000+00:00,2025-11-28T00:00:00+00:00,RECALLUSDT,unknown,Updates on the Leverage & Margin Tiers of USDⓈ-M Perpetual Contract (2025-11-28)
2025-11-25T02:01:01.260000+00:00,2025-11-28T00:00:00+00:00,RIVERUSDT,unknown,Updates on the Leverage & Margin Tiers of USDⓈ-M Perpetual Contract (2025-11-28)
2025-11-25T02:01:01.260000+00:00,2025-11-28T00:00:00+00:00,SAFEUSDT,unknown,Updates on the Leverage & Margin Tiers of USDⓈ-M Perpetual Contract (2025-11-28)
2025-11-25T02:01:01.260000+00:00,2025-11-28T00:00:00+00:00,STBLUSDT,unknown,Updates on the Leverage & Margin Tiers of USDⓈ-M Perpetual Contract (2025-11-28)
2025-11-25T02:01:01.260000+00:00,2025-11-28T00:00:00+00:00,TRUTHUSDT,unknown,Updates on the Leverage & Margin Tiers of USDⓈ-M Perpetual Contract (2025-11-28)
2025-11-25T02:01:01.260000+00:00,2025-11-28T00:00:00+00:00,VFYUSDT,unknown,Updates on the Leverage & Margin Tiers of USDⓈ-M Perpetual Contract (2025-11-28)
2025-11-25T02:01:01.260000+00:00,2025-11-28T00:00:00+00:00,VINEUSDT,unknown,Updates on the Leverage & Margin Tiers of USDⓈ-M Perpetual Contract (2025-11-28)
2025-11-25T02:01:01.260000+00:00,2025-11-28T00:00:00+00:00,VVVUSDT,unknown,Updates on the Leverage & Margin Tiers of USDⓈ-M Perpetual Contract (2025-11-28)
2025-11-25T02:01:01.260000+00:00,2025-11-28T00:00:00+00:00,XANUSDT,unknown,Updates on the Leverage & Margin Tiers of USDⓈ-M Perpetual Contract (2025-11-28)
2025-11-25T02:01:01.260000+00:00,2025-11-28T00:00:00+00:00,ZETAUSDT,unknown,Updates on the Leverage & Margin Tiers of USDⓈ-M Perpetual Contract (2025-11-28)
2025-11-25T02:01:01.260000+00:00,2025-11-28T00:00:00+00:00,ZKJUSDT,unknown,Updates on the Leverage & Margin Tiers of USDⓈ-M Perpetual Contract (2025-11-28)
2025-11-02T06:06:39.059000+00:00,,1000XUSDT,unknown,Update on the Collateral Ratio Under Portfolio Margin and the Leverage & Margin Tiers of USDⓈ-M Perpetual Contracts
2025-11-02T06:06:39.059000+00:00,,ANIMEUSDT,unknown,Update on the Collateral Ratio Under Portfolio Margin and the Leverage & Margin Tiers of USDⓈ-M Perpetual Contracts
2025-11-02T06:06:39.059000+00:00,,BANANAS31USDT,unknown,Update on the Collateral Ratio Under Portfolio Margin and the Leverage & Margin Tiers of USDⓈ-M Perpetual Contracts
2025-11-02T06:06:39.059000+00:00,,CHILLGUYUSDT,unknown,Update on the Collateral Ratio Under Portfolio Margin and the Leverage & Margin Tiers of USDⓈ-M Perpetual Contracts
2025-11-02T06:06:39.059000+00:00,,DOGSUSDT,unknown,Update on the Collateral Ratio Under Portfolio Margin and the Leverage & Margin Tiers of USDⓈ-M Perpetual Contracts
2025-11-02T06:06:39.059000+00:00,,MYROUSDT,unknown,Update on the Collateral Ratio Under Portfolio Margin and the Leverage & Margin Tiers of USDⓈ-M Perpetual Contracts
2025-11-02T06:06:39.059000+00:00,,PONKEUSDT,unknown,Update on the Collateral Ratio Under Portfolio Margin and the Leverage & Margin Tiers of USDⓈ-M Perpetual Contracts
2025-11-02T06:06:39.059000+00:00,,SAGAUSDT,unknown,Update on the Collateral Ratio Under Portfolio Margin and the Leverage & Margin Tiers of USDⓈ-M Perpetual Contracts
2025-11-02T06:06:39.059000+00:00,,SAHARAUSDT,unknown,Update on the Collateral Ratio Under Portfolio Margin and the Leverage & Margin Tiers of USDⓈ-M Perpetual Contracts
2025-11-02T06:06:39.059000+00:00,,SOLVUSDT,unknown,Update on the Collateral Ratio Under Portfolio Margin and the Leverage & Margin Tiers of USDⓈ-M Perpetual Contracts
2025-11-02T06:06:39.059000+00:00,,SONICUSDT,unknown,Update on the Collateral Ratio Under Portfolio Margin and the Leverage & Margin Tiers of USDⓈ-M Perpetual Contracts
2025-11-02T06:06:39.059000+00:00,,SWELLUSDT,unknown,Update on the Collateral Ratio Under Portfolio Margin and the Leverage & Margin Tiers of USDⓈ-M Perpetual Contracts
2025-11-02T06:06:39.059000+00:00,,TOWNSUSDT,unknown,Update on the Collateral Ratio Under Portfolio Margin and the Leverage & Margin Tiers of USDⓈ-M Perpetual Contracts
2025-11-02T06:06:39.059000+00:00,,TREEUSDT,unknown,Update on the Collateral Ratio Under Portfolio Margin and the Leverage & Margin Tiers of USDⓈ-M Perpetual Contracts
2025-11-02T06:06:39.059000+00:00,,USUALUSDT,unknown,Update on the Collateral Ratio Under Portfolio Margin and the Leverage & Margin Tiers of USDⓈ-M Perpetual Contracts
2025-11-02T06:06:39.059000+00:00,,WCTUSDT,unknown,Update on the Collateral Ratio Under Portfolio Margin and the Leverage & Margin Tiers of USDⓈ-M Perpetual Contracts
2025-11-02T06:06:39.059000+00:00,,XAIUSDT,unknown,Update on the Collateral Ratio Under Portfolio Margin and the Leverage & Margin Tiers of USDⓈ-M Perpetual Contracts
2025-10-25T06:45:24.277000+00:00,,1000000BOBUSDT,unknown,Update on the Collateral Ratio Under Portfolio Margin and the Leverage & Margin Tiers of USDⓈ-M Perpetual Contracts
2025-10-25T06:45:24.277000+00:00,,BIDUSDT,unknown,Update on the Collateral Ratio Under Portfolio Margin and the Leverage & Margin Tiers of USDⓈ-M Perpetual Contracts
2025-10-25T06:45:24.277000+00:00,,CHILLGUYUSDT,unknown,Update on the Collateral Ratio Under Portfolio Margin and the Leverage & Margin Tiers of USDⓈ-M Perpetual Contracts
2025-10-25T06:45:24.277000+00:00,,CLOUSDT,unknown,Update on the Collateral Ratio Under Portfolio Margin and the Leverage & Margin Tiers of USDⓈ-M Perpetual Contracts
2025-10-25T06:45:24.277000+00:00,,COSUSDT,unknown,Update on the Collateral Ratio Under Portfolio Margin and the Leverage & Margin Tiers of USDⓈ-M Perpetual Contracts
2025-10-25T06:45:24.277000+00:00,,EVAAUSDT,unknown,Update on the Collateral Ratio Under Portfolio Margin and the Leverage & Margin Tiers of USDⓈ-M Perpetual Contracts
2025-10-25T06:45:24.277000+00:00,,FIDAUSDT,unknown,Update on the Collateral Ratio Under Portfolio Margin and the Leverage & Margin Tiers of USDⓈ-M Perpetual Contracts
2025-10-25T06:45:24.277000+00:00,,FLOCKUSDT,unknown,Update on the Collateral Ratio Under Portfolio Margin and the Leverage & Margin Tiers of USDⓈ-M Perpetual Contracts
2025-10-25T06:45:24.277000+00:00,,INITUSDT,unknown,Update on the Collateral Ratio Under Portfolio Margin and the Leverage & Margin Tiers of USDⓈ-M Perpetual Contracts
2025-10-25T06:45:24.277000+00:00,,KAVAUSDT,unknown,Update on the Collateral Ratio Under Portfolio Margin and the Leverage & Margin Tiers of USDⓈ-M Perpetual Contracts
2025-10-25T06:45:24.277000+00:00,,KGENUSDT,unknown,Update on the Collateral Ratio Under Portfolio Margin and the Leverage & Margin Tiers of USDⓈ-M Perpetual Contracts
2025-10-25T06:45:24.277000+00:00,,LIGHTUSDT,unknown,Update on the Collateral Ratio Under Portfolio Margin and the Leverage & Margin Tiers of USDⓈ-M Perpetual Contracts
2025-10-25T06:45:24.277000+00:00,,NEWTUSDT,unknown,Update on the Collateral Ratio Under Portfolio Margin and the Leverage & Margin Tiers of USDⓈ-M Perpetual Contracts
2025-10-25T06:45:24.277000+00:00,,ZKCUSDT,unknown,Update on the Collateral Ratio Under Portfolio Margin and the Leverage & Margin Tiers of USDⓈ-M Perpetual Contracts
2025-10-19T10:43:11.355000+00:00,,BANUSDT,unknown,Update on the Collateral Ratio Under Portfolio Margin and the Leverage & Margin Tiers of USDⓈ-M Perpetual Contracts
2025-10-19T10:43:11.355000+00:00,,BLESSUSDT,unknown,Update on the Collateral Ratio Under Portfolio Margin and the Leverage & Margin Tiers of USDⓈ-M Perpetual Contracts
2025-10-19T10:43:11.355000+00:00,,CHESSUSDT,unknown,Update on the Collateral Ratio Under Portfolio Margin and the Leverage & Margin Tiers of USDⓈ-M Perpetual Contracts
2025-10-19T10:43:11.355000+00:00,,DASHUSDT,unknown,Update on the Collateral Ratio Under Portfolio Margin and the Leverage & Margin Tiers of USDⓈ-M Perpetual Contracts
2025-10-19T10:43:11.355000+00:00,,DMCUSDT,unknown,Update on the Collateral Ratio Under Portfolio Margin and the Leverage & Margin Tiers of USDⓈ-M Perpetual Contracts
2025-10-19T10:43:11.355000+00:00,,EPTUSDT,unknown,Update on the Collateral Ratio Under Portfolio Margin and the Leverage & Margin Tiers of USDⓈ-M Perpetual Contracts
2025-10-19T10:43:11.355000+00:00,,FHEUSDT,unknown,Update on the Collateral Ratio Under Portfolio Margin and the Leverage & Margin Tiers of USDⓈ-M Perpetual Contracts
2025-10-19T10:43:11.355000+00:00,,NAORISUSDT,unknown,Update on the Collateral Ratio Under Portfolio Margin and the Leverage & Margin Tiers of USDⓈ-M Perpetual Contracts
2025-10-19T10:43:11.355000+00:00,,SNXUSDT,unknown,Update on the Collateral Ratio Under Portfolio Margin and the Leverage & Margin Tiers of USDⓈ-M Perpetual Contracts
2025-10-19T10:43:11.355000+00:00,,TANSSIUSDT,unknown,Update on the Collateral Ratio Under Portfolio Margin and the Leverage & Margin Tiers of USDⓈ-M Perpetual Contracts
2025-10-19T10:43:11.355000+00:00,,TOKENUSDT,unknown,Update on the Collateral Ratio Under Portfolio Margin and the Leverage & Margin Tiers of USDⓈ-M Perpetual Contracts
2025-10-15T10:00:01.314000+00:00,2025-10-16T00:00:00+00:00,COAIUSDT,unknown,Updates on the Leverage & Margin Tiers of COAIUSDT USDⓈ-M Perpetual Contract (2025-10-16)
2025-10-10T04:33:54.471000+00:00,,1000CATUSDT,unknown,Update on the Collateral Ratio Under Portfolio Margin and the Leverage & Margin Tiers of USDⓈ-M Perpetual Contracts
2025-10-10T04:33:54.471000+00:00,,A2ZUSDT,unknown,Update on the Collateral Ratio Under Portfolio Margin and the Leverage & Margin Tiers of USDⓈ-M Perpetual Contracts
2025-10-10T04:33:54.471000+00:00,,ARIAUSDT,unknown,Update on the Collateral Ratio Under Portfolio Margin and the Leverage & Margin Tiers of USDⓈ-M Perpetual Contracts
2025-10-10T04:33:54.471000+00:00,,COAIUSDT,unknown,Update on the Collateral Ratio Under Portfolio Margin and the Leverage & Margin Tiers of USDⓈ-M Perpetual Contracts
2025-10-10T04:33:54.471000+00:00,,HYPERUSDT,unknown,Update on the Collateral Ratio Under Portfolio Margin and the Leverage & Margin Tiers of USDⓈ-M Perpetual Contracts
2025-10-10T04:33:54.471000+00:00,,NAORISUSDT,unknown,Update on the Collateral Ratio Under Portfolio Margin and the Leverage & Margin Tiers of USDⓈ-M Perpetual Contracts
2025-10-10T04:33:54.471000+00:00,,PROMPTUSDT,unknown,Update on the Collateral Ratio Under Portfolio Margin and the Leverage & Margin Tiers of USDⓈ-M Perpetual Contracts
2025-10-10T04:33:54.471000+00:00,,PUNDIXUSDT,unknown,Update on the Collateral Ratio Under Portfolio Margin and the Leverage & Margin Tiers of USDⓈ-M Perpetual Contracts
2025-10-10T04:33:54.471000+00:00,,TAKEUSDT,unknown,Update on the Collateral Ratio Under Portfolio Margin and the Leverage & Margin Tiers of USDⓈ-M Perpetual Contracts
2025-10-10T04:33:54.471000+00:00,,TSTUSDT,unknown,Update on the Collateral Ratio Under Portfolio Margin and the Leverage & Margin Tiers of USDⓈ-M Perpetual Contracts
2025-10-10T04:33:54.471000+00:00,,ZECUSDT,unknown,Update on the Collateral Ratio Under Portfolio Margin and the Leverage & Margin Tiers of USDⓈ-M Perpetual Contracts
2025-10-05T04:06:46.236000+00:00,,1000SATSUSDT,unknown,Update on the Collateral Ratio Under Portfolio Margin and the Leverage & Margin Tiers of USDⓈ-M Perpetual Contracts
2025-10-05T04:06:46.236000+00:00,,A2ZUSDT,unknown,Update on the Collateral Ratio Under Portfolio Margin and the Leverage & Margin Tiers of USDⓈ-M Perpetual Contracts
2025-10-05T04:06:46.236000+00:00,,AKEUSDT,unknown,Update on the Collateral Ratio Under Portfolio Margin and the Leverage & Margin Tiers of USDⓈ-M Perpetual Contracts
2025-10-05T04:06:46.236000+00:00,,ALCHUSDT,unknown,Update on the Collateral Ratio Under Portfolio Margin and the Leverage & Margin Tiers of USDⓈ-M Perpetual Contracts
2025-10-05T04:06:46.236000+00:00,,BARDUSDT,unknown,Update on the Collateral Ratio Under Portfolio Margin and the Leverage & Margin Tiers of USDⓈ-M Perpetual Contracts
2025-10-05T04:06:46.236000+00:00,,BLESSUSDT,unknown,Update on the Collateral Ratio Under Portfolio Margin and the Leverage & Margin Tiers of USDⓈ-M Perpetual Contracts
2025-10-05T04:06:46.236000+00:00,,BSVUSDT,unknown,Update on the Collateral Ratio Under Portfolio Margin and the Leverage & Margin Tiers of USDⓈ-M Perpetual Contracts
2025-10-05T04:06:46.236000+00:00,,BTRUSDT,unknown,Update on the Collateral Ratio Under Portfolio Margin and the Leverage & Margin Tiers of USDⓈ-M Perpetual Contracts
2025-10-05T04:06:46.236000+00:00,,CUDISUSDT,unknown,Update on the Collateral Ratio Under Portfolio Margin and the Leverage & Margin Tiers of USDⓈ-M Perpetual Contracts
2025-10-05T04:06:46.236000+00:00,,DAMUSDT,unknown,Update on the Collateral Ratio Under Portfolio Margin and the Leverage & Margin Tiers of USDⓈ-M Perpetual Contracts
2025-10-05T04:06:46.236000+00:00,,DOLOUSDT,unknown,Update on the Collateral Ratio Under Portfolio Margin and the Leverage & Margin Tiers of USDⓈ-M Perpetual Contracts
2025-10-05T04:06:46.236000+00:00,,HANAUSDT,unknown,Update on the Collateral Ratio Under Portfolio Margin and the Leverage & Margin Tiers of USDⓈ-M Perpetual Contracts
2025-10-05T04:06:46.236000+00:00,,JASMYUSDT,unknown,Update on the Collateral Ratio Under Portfolio Margin and the Leverage & Margin Tiers of USDⓈ-M Perpetual Contracts
2025-10-05T04:06:46.236000+00:00,,NAORISUSDT,unknown,Update on the Collateral Ratio Under Portfolio Margin and the Leverage & Margin Tiers of USDⓈ-M Perpetual Contracts
2025-10-05T04:06:46.236000+00:00,,SFPUSDT,unknown,Update on the Collateral Ratio Under Portfolio Margin and the Leverage & Margin Tiers of USDⓈ-M Perpetual Contracts
2025-10-05T04:06:46.236000+00:00,,VINEUSDT,unknown,Update on the Collateral Ratio Under Portfolio Margin and the Leverage & Margin Tiers of USDⓈ-M Perpetual Contracts
2025-10-05T04:06:46.236000+00:00,,XNYUSDT,unknown,Update on the Collateral Ratio Under Portfolio Margin and the Leverage & Margin Tiers of USDⓈ-M Perpetual Contracts
2025-10-05T04:06:46.236000+00:00,,XPINUSDT,unknown,Update on the Collateral Ratio Under Portfolio Margin and the Leverage & Margin Tiers of USDⓈ-M Perpetual Contracts
2025-10-05T04:06:46.236000+00:00,,YALAUSDT,unknown,Update on the Collateral Ratio Under Portfolio Margin and the Leverage & Margin Tiers of USDⓈ-M Perpetual Contracts
2025-09-28T14:00:36.171000+00:00,,ACXUSDT,unknown,Update on the Collateral Ratio Under Portfolio Margin and the Leverage & Margin Tiers of USDⓈ-M Perpetual Contracts
2025-09-28T14:00:36.171000+00:00,,CAKEUSDT,unknown,Update on the Collateral Ratio Under Portfolio Margin and the Leverage & Margin Tiers of USDⓈ-M Perpetual Contracts
2025-09-28T14:00:36.171000+00:00,,FLUXUSDT,unknown,Update on the Collateral Ratio Under Portfolio Margin and the Leverage & Margin Tiers of USDⓈ-M Perpetual Contracts
2025-09-28T14:00:36.171000+00:00,,HIFIUSDT,unknown,Update on the Collateral Ratio Under Portfolio Margin and the Leverage & Margin Tiers of USDⓈ-M Perpetual Contracts
2025-09-28T14:00:36.171000+00:00,,IMXUSDT,unknown,Update on the Collateral Ratio Under Portfolio Margin and the Leverage & Margin Tiers of USDⓈ-M Perpetual Contracts
2025-09-28T14:00:36.171000+00:00,,KASUSDT,unknown,Update on the Collateral Ratio Under Portfolio Margin and the Leverage & Margin Tiers of USDⓈ-M Perpetual Contracts
2025-09-28T14:00:36.171000+00:00,,MOVRUSDT,unknown,Update on the Collateral Ratio Under Portfolio Margin and the Leverage & Margin Tiers of USDⓈ-M Perpetual Contracts
2025-09-28T14:00:36.171000+00:00,,NTRNUSDT,unknown,Update on the Collateral Ratio Under Portfolio Margin and the Leverage & Margin Tiers of USDⓈ-M Perpetual Contracts
2025-09-28T14:00:36.171000+00:00,,ONGUSDT,unknown,Update on the Collateral Ratio Under Portfolio Margin and the Leverage & Margin Tiers of USDⓈ-M Perpetual Contracts
2025-09-28T14:00:36.171000+00:00,,PUMPBTCUSDT,unknown,Update on the Collateral Ratio Under Portfolio Margin and the Leverage & Margin Tiers of USDⓈ-M Perpetual Contracts
2025-09-28T14:00:36.171000+00:00,,QUICKUSDT,unknown,Update on the Collateral Ratio Under Portfolio Margin and the Leverage & Margin Tiers of USDⓈ-M Perpetual Contracts
2025-09-28T14:00:36.171000+00:00,,TAGUSDT,unknown,Update on the Collateral Ratio Under Portfolio Margin and the Leverage & Margin Tiers of USDⓈ-M Perpetual Contracts
2025-09-28T14:00:36.171000+00:00,,TWTUSDT,unknown,Update on the Collateral Ratio Under Portfolio Margin and the Leverage & Margin Tiers of USDⓈ-M Perpetual Contracts
2025-09-23T06:14:35.074000+00:00,,NEIROETHUSDT,unknown,Update on the Leverage & Margin Tiers of USDⓈ-M Perpetual Contracts
2025-09-23T06:14:35.074000+00:00,,UXLINKUSDT,unknown,Update on the Leverage & Margin Tiers of USDⓈ-M Perpetual Contracts
2025-09-19T04:15:24.089000+00:00,,AERGOUSDT,unknown,Update on the Collateral Ratio Under Portfolio Margin and the Leverage & Margin Tiers of USDⓈ-M Perpetual Contracts
2025-09-19T04:15:24.089000+00:00,,ATHUSDT,unknown,Update on the Collateral Ratio Under Portfolio Margin and the Leverage & Margin Tiers of USDⓈ-M Perpetual Contracts
2025-09-19T04:15:24.089000+00:00,,EIGENUSDT,unknown,Update on the Collateral Ratio Under Portfolio Margin and the Leverage & Margin Tiers of USDⓈ-M Perpetual Contracts
2025-09-19T04:15:24.089000+00:00,,ESPORTSUSDT,unknown,Update on the Collateral Ratio Under Portfolio Margin and the Leverage & Margin Tiers of USDⓈ-M Perpetual Contracts
2025-09-19T04:15:24.089000+00:00,,ETHFIUSDT,unknown,Update on the Collateral Ratio Under Portfolio Margin and the Leverage & Margin Tiers of USDⓈ-M Perpetual Contracts
2025-09-19T04:15:24.089000+00:00,,INUSDT,unknown,Update on the Collateral Ratio Under Portfolio Margin and the Leverage & Margin Tiers of USDⓈ-M Perpetual Contracts
2025-09-19T04:15:24.089000+00:00,,KAITOUSDT,unknown,Update on the Collateral Ratio Under Portfolio Margin and the Leverage & Margin Tiers of USDⓈ-M Perpetual Contracts
2025-09-19T04:15:24.089000+00:00,,MYXUSDT,unknown,Update on the Collateral Ratio Under Portfolio Margin and the Leverage & Margin Tiers of USDⓈ-M Perpetual Contracts
2025-09-19T04:15:24.089000+00:00,,NEIROETHUSDT,unknown,Update on the Collateral Ratio Under Portfolio Margin and the Leverage & Margin Tiers of USDⓈ-M Perpetual Contracts
2025-09-19T04:15:24.089000+00:00,,PLAYUSDT,unknown,Update on the Collateral Ratio Under Portfolio Margin and the Leverage & Margin Tiers of USDⓈ-M Perpetual Contracts
2025-09-19T04:15:24.089000+00:00,,SANDUSDT,unknown,Update on the Collateral Ratio Under Portfolio Margin and the Leverage & Margin Tiers of USDⓈ-M Perpetual Contracts
2025-09-19T04:15:24.089000+00:00,,WAXPUSDT,unknown,Update on the Collateral Ratio Under Portfolio Margin and the Leverage & Margin Tiers of USDⓈ-M Perpetual Contracts
2025-09-13T05:20:30.169000+00:00,,BNTUSDT,unknown,Update on the Leverage & Margin Tiers of Multiple USDⓈ-M Perpetual Contracts
2025-09-13T05:20:30.169000+00:00,,HIVEUSDT,unknown,Update on the Leverage & Margin Tiers of Multiple USDⓈ-M Perpetual Contracts
2025-09-13T05:20:30.169000+00:00,,MYXUSDT,unknown,Update on the Leverage & Margin Tiers of Multiple USDⓈ-M Perpetual Contracts
2025-09-13T05:20:30.169000+00:00,,POWRUSDT,unknown,Update on the Leverage & Margin Tiers of Multiple USDⓈ-M Perpetual Contracts
2025-09-13T05:20:30.169000+00:00,,SIRENUSDT,unknown,Update on the Leverage & Margin Tiers of Multiple USDⓈ-M Perpetual Contracts
2025-09-13T05:20:30.169000+00:00,,SKYAIUSDT,unknown,Update on the Leverage & Margin Tiers of Multiple USDⓈ-M Perpetual Contracts
2025-09-13T05:20:30.169000+00:00,,SQDUSDT,unknown,Update on the Leverage & Margin Tiers of Multiple USDⓈ-M Perpetual Contracts
2025-09-11T06:12:33.999000+00:00,,CVCUSDT,unknown,Update on the Collateral Ratio Under Portfolio Margin and the Leverage & Margin Tiers of USDⓈ-M Perpetual Contracts
2025-09-11T06:12:33.999000+00:00,,IPUSDT,unknown,Update on the Collateral Ratio Under Portfolio Margin and the Leverage & Margin Tiers of USDⓈ-M Perpetual Contracts
2025-09-11T06:12:33.999000+00:00,,MYXUSDT,unknown,Update on the Collateral Ratio Under Portfolio Margin and the Leverage & Margin Tiers of USDⓈ-M Perpetual Contracts
2025-09-11T06:12:33.999000+00:00,,NMRUSDT,unknown,Update on the Collateral Ratio Under Portfolio Margin and the Leverage & Margin Tiers of USDⓈ-M Perpetual Contracts
2025-09-11T06:12:33.999000+00:00,,ONDOUSDT,unknown,Update on the Collateral Ratio Under Portfolio Margin and the Leverage & Margin Tiers of USDⓈ-M Perpetual Contracts
2025-09-11T06:12:33.999000+00:00,,PENGUUSDT,unknown,Update on the Collateral Ratio Under Portfolio Margin and the Leverage & Margin Tiers of USDⓈ-M Perpetual Contracts
2025-09-11T06:12:33.999000+00:00,,POLUSDT,unknown,Update on the Collateral Ratio Under Portfolio Margin and the Leverage & Margin Tiers of USDⓈ-M Perpetual Contracts
2025-09-11T06:12:33.999000+00:00,,PONKEUSDT,unknown,Update on the Collateral Ratio Under Portfolio Margin and the Leverage & Margin Tiers of USDⓈ-M Perpetual Contracts
2025-09-11T06:12:33.999000+00:00,,RIFUSDT,unknown,Update on the Collateral Ratio Under Portfolio Margin and the Leverage & Margin Tiers of USDⓈ-M Perpetual Contracts
2025-09-11T06:12:33.999000+00:00,,SEIUSDT,unknown,Update on the Collateral Ratio Under Portfolio Margin and the Leverage & Margin Tiers of USDⓈ-M Perpetual Contracts
2025-09-11T06:12:33.999000+00:00,,TAIKOUSDT,unknown,Update on the Collateral Ratio Under Portfolio Margin and the Leverage & Margin Tiers of USDⓈ-M Perpetual Contracts
2025-09-11T06:12:33.999000+00:00,,TNSRUSDT,unknown,Update on the Collateral Ratio Under Portfolio Margin and the Leverage & Margin Tiers of USDⓈ-M Perpetual Contracts
2025-09-11T06:12:33.999000+00:00,,ZRCUSDT,unknown,Update on the Collateral Ratio Under Portfolio Margin and the Leverage & Margin Tiers of USDⓈ-M Perpetual Contracts
2025-09-07T13:42:02.766000+00:00,,1000FLOKIUSDT,unknown,Update on the Collateral Ratio Under Portfolio Margin and the Leverage & Margin Tiers of USDⓈ-M Perpetual Contracts (2025-09-09 & 2025-09-12)
2025-09-07T13:42:02.766000+00:00,,B3USDT,unknown,Update on the Collateral Ratio Under Portfolio Margin and the Leverage & Margin Tiers of USDⓈ-M Perpetual Contracts (2025-09-09 & 2025-09-12)
2025-09-07T13:42:02.766000+00:00,,CTKUSDT,unknown,Update on the Collateral Ratio Under Portfolio Margin and the Leverage & Margin Tiers of USDⓈ-M Perpetual Contracts (2025-09-09 & 2025-09-12)
2025-09-07T13:42:02.766000+00:00,,DEGENUSDT,unknown,Update on the Collateral Ratio Under Portfolio Margin and the Leverage & Margin Tiers of USDⓈ-M Perpetual Contracts (2025-09-09 & 2025-09-12)
2025-09-07T13:42:02.766000+00:00,,DOLOUSDT,unknown,Update on the Collateral Ratio Under Portfolio Margin and the Leverage & Margin Tiers of USDⓈ-M Perpetual Contracts (2025-09-09 & 2025-09-12)
2025-09-07T13:42:02.766000+00:00,,GALAUSDT,unknown,Update on the Collateral Ratio Under Portfolio Margin and the Leverage & Margin Tiers of USDⓈ-M Perpetual Contracts (2025-09-09 & 2025-09-12)
2025-09-07T13:42:02.766000+00:00,,ICNTUSDT,unknown,Update on the Collateral Ratio Under Portfolio Margin and the Leverage & Margin Tiers of USDⓈ-M Perpetual Contracts (2025-09-09 & 2025-09-12)
2025-09-07T13:42:02.766000+00:00,,LSKUSDT,unknown,Update on the Collateral Ratio Under Portfolio Margin and the Leverage & Margin Tiers of USDⓈ-M Perpetual Contracts (2025-09-09 & 2025-09-12)
2025-09-07T13:42:02.766000+00:00,,MTLUSDT,unknown,Update on the Collateral Ratio Under Portfolio Margin and the Leverage & Margin Tiers of USDⓈ-M Perpetual Contracts (2025-09-09 & 2025-09-12)
2025-09-07T13:42:02.766000+00:00,,OXTUSDT,unknown,Update on the Collateral Ratio Under Portfolio Margin and the Leverage & Margin Tiers of USDⓈ-M Perpetual Contracts (2025-09-09 & 2025-09-12)
2025-09-07T13:42:02.766000+00:00,,PAXGUSDT,unknown,Update on the Collateral Ratio Under Portfolio Margin and the Leverage & Margin Tiers of USDⓈ-M Perpetual Contracts (2025-09-09 & 2025-09-12)
2025-09-07T13:42:02.766000+00:00,,REDUSDT,unknown,Update on the Collateral Ratio Under Portfolio Margin and the Leverage & Margin Tiers of USDⓈ-M Perpetual Contracts (2025-09-09 & 2025-09-12)
2025-09-07T13:42:02.766000+00:00,,SLPUSDT,unknown,Update on the Collateral Ratio Under Portfolio Margin and the Leverage & Margin Tiers of USDⓈ-M Perpetual Contracts (2025-09-09 & 2025-09-12)
2025-09-07T13:42:02.766000+00:00,,SPXUSDT,unknown,Update on the Collateral Ratio Under Portfolio Margin and the Leverage & Margin Tiers of USDⓈ-M Perpetual Contracts (2025-09-09 & 2025-09-12)
2025-09-07T13:42:02.766000+00:00,,STEEMUSDT,unknown,Update on the Collateral Ratio Under Portfolio Margin and the Leverage & Margin Tiers of USDⓈ-M Perpetual Contracts (2025-09-09 & 2025-09-12)
2025-09-07T13:42:02.766000+00:00,,VELODROMEUSDT,unknown,Update on the Collateral Ratio Under Portfolio Margin and the Leverage & Margin Tiers of USDⓈ-M Perpetual Contracts (2025-09-09 & 2025-09-12)
2025-09-07T13:42:02.766000+00:00,,XMRUSDT,unknown,Update on the Collateral Ratio Under Portfolio Margin and the Leverage & Margin Tiers of USDⓈ-M Perpetual Contracts (2025-09-09 & 2025-09-12)
2025-08-25T02:31:54.319000+00:00,,AEROUSDT,unknown,Update on the Collateral Ratio Under Portfolio Margin and the Leverage & Margin Tiers of USDⓈ-M Perpetual Contracts
2025-08-25T02:31:54.319000+00:00,,IPUSDT,unknown,Update on the Collateral Ratio Under Portfolio Margin and the Leverage & Margin Tiers of USDⓈ-M Perpetual Contracts
2025-08-25T02:31:54.319000+00:00,,JASMYUSDT,unknown,Update on the Collateral Ratio Under Portfolio Margin and the Leverage & Margin Tiers of USDⓈ-M Perpetual Contracts
2025-08-25T02:31:54.319000+00:00,,RENDERUSDT,unknown,Update on the Collateral Ratio Under Portfolio Margin and the Leverage & Margin Tiers of USDⓈ-M Perpetual Contracts
2025-08-25T02:31:54.319000+00:00,,WLDUSDT,unknown,Update on the Collateral Ratio Under Portfolio Margin and the Leverage & Margin Tiers of USDⓈ-M Perpetual Contracts
2025-08-17T03:31:05.388000+00:00,,ALGOUSDT,unknown,Update on the Collateral Ratio Under Portfolio Margin and the Leverage & Margin Tiers of USDⓈ-M Perpetual Contracts
2025-08-17T03:31:05.388000+00:00,,BTCUSDT,unknown,Update on the Collateral Ratio Under Portfolio Margin and the Leverage & Margin Tiers of USDⓈ-M Perpetual Contracts
2025-08-17T03:31:05.388000+00:00,,ENSUSDT,unknown,Update on the Collateral Ratio Under Portfolio Margin and the Leverage & Margin Tiers of USDⓈ-M Perpetual Contracts
2025-08-17T03:31:05.388000+00:00,,ETHUSDT,unknown,Update on the Collateral Ratio Under Portfolio Margin and the Leverage & Margin Tiers of USDⓈ-M Perpetual Contracts
2025-08-10T05:10:34.390000+00:00,2025-08-11T00:00:00+00:00,MEMEFIUSDT,unknown,Updates on the Leverage & Margin Tiers of MEMEFIUSDT USDⓈ-M Perpetual Contract (2025-08-11)
2025-07-18T14:30:05.070000+00:00,,CELRUSDT,unknown,Update on the Collateral Ratio Under Portfolio Margin and the Leverage & Margin Tiers of USDⓈ-M Perpetual Contracts
2025-07-18T14:30:05.070000+00:00,,CTKUSDT,unknown,Update on the Collateral Ratio Under Portfolio Margin and the Leverage & Margin Tiers of USDⓈ-M Perpetual Contracts
2025-07-18T14:30:05.070000+00:00,,CVCUSDT,unknown,Update on the Collateral Ratio Under Portfolio Margin and the Leverage & Margin Tiers of USDⓈ-M Perpetual Contracts
2025-07-18T14:30:05.070000+00:00,,NILUSDT,unknown,Update on the Collateral Ratio Under Portfolio Margin and the Leverage & Margin Tiers of USDⓈ-M Perpetual Contracts
2025-07-18T14:30:05.070000+00:00,,NMRUSDT,unknown,Update on the Collateral Ratio Under Portfolio Margin and the Leverage & Margin Tiers of USDⓈ-M Perpetual Contracts
2025-07-18T14:30:05.070000+00:00,,PUNDIXUSDT,unknown,Update on the Collateral Ratio Under Portfolio Margin and the Leverage & Margin Tiers of USDⓈ-M Perpetual Contracts
2025-07-18T14:30:05.070000+00:00,,RLCUSDT,unknown,Update on the Collateral Ratio Under Portfolio Margin and the Leverage & Margin Tiers of USDⓈ-M Perpetual Contracts
2025-07-18T14:30:05.070000+00:00,,SPKUSDT,unknown,Update on the Collateral Ratio Under Portfolio Margin and the Leverage & Margin Tiers of USDⓈ-M Perpetual Contracts
2025-07-18T14:30:05.070000+00:00,,TRUUSDT,unknown,Update on the Collateral Ratio Under Portfolio Margin and the Leverage & Margin Tiers of USDⓈ-M Perpetual Contracts
2025-06-22T14:39:10.211000+00:00,,ICXUSDT,unknown,Update on the Collateral Ratio Under Portfolio Margin and the Leverage & Margin Tiers of USDⓈ-M Perpetual Contracts
2025-06-22T14:39:10.211000+00:00,,MAVIAUSDT,unknown,Update on the Collateral Ratio Under Portfolio Margin and the Leverage & Margin Tiers of USDⓈ-M Perpetual Contracts
2025-06-22T14:39:10.211000+00:00,,QTUMUSDT,unknown,Update on the Collateral Ratio Under Portfolio Margin and the Leverage & Margin Tiers of USDⓈ-M Perpetual Contracts
2025-06-22T14:39:10.211000+00:00,,SOLUSDT,unknown,Update on the Collateral Ratio Under Portfolio Margin and the Leverage & Margin Tiers of USDⓈ-M Perpetual Contracts
2025-06-22T14:39:10.211000+00:00,,SPELLUSDT,unknown,Update on the Collateral Ratio Under Portfolio Margin and the Leverage & Margin Tiers of USDⓈ-M Perpetual Contracts
2025-06-22T14:39:10.211000+00:00,,VANRYUSDT,unknown,Update on the Collateral Ratio Under Portfolio Margin and the Leverage & Margin Tiers of USDⓈ-M Perpetual Contracts
2025-06-22T14:39:10.211000+00:00,,WOOUSDT,unknown,Update on the Collateral Ratio Under Portfolio Margin and the Leverage & Margin Tiers of USDⓈ-M Perpetual Contracts
2025-06-14T14:08:16.118000+00:00,,ALGOUSDT,unknown,Update on the Collateral Ratio Under Portfolio Margin and the Leverage & Margin Tiers of USDⓈ-M Perpetual Contracts
2025-06-14T14:08:16.118000+00:00,,ARCUSDT,unknown,Update on the Collateral Ratio Under Portfolio Margin and the Leverage & Margin Tiers of USDⓈ-M Perpetual Contracts
2025-06-14T14:08:16.118000+00:00,,AVAAIUSDT,unknown,Update on the Collateral Ratio Under Portfolio Margin and the Leverage & Margin Tiers of USDⓈ-M Perpetual Contracts
2025-06-14T14:08:16.118000+00:00,,BATUSDT,unknown,Update on the Collateral Ratio Under Portfolio Margin and the Leverage & Margin Tiers of USDⓈ-M Perpetual Contracts
2025-06-14T14:08:16.118000+00:00,,BTCUSDT,unknown,Update on the Collateral Ratio Under Portfolio Margin and the Leverage & Margin Tiers of USDⓈ-M Perpetual Contracts
2025-06-14T14:08:16.118000+00:00,,COTIUSDT,unknown,Update on the Collateral Ratio Under Portfolio Margin and the Leverage & Margin Tiers of USDⓈ-M Perpetual Contracts
2025-06-14T14:08:16.118000+00:00,,DOGEUSDT,unknown,Update on the Collateral Ratio Under Portfolio Margin and the Leverage & Margin Tiers of USDⓈ-M Perpetual Contracts
2025-06-14T14:08:16.118000+00:00,,FARTCOINUSDT,unknown,Update on the Collateral Ratio Under Portfolio Margin and the Leverage & Margin Tiers of USDⓈ-M Perpetual Contracts
2025-06-14T14:08:16.118000+00:00,,MELANIAUSDT,unknown,Update on the Collateral Ratio Under Portfolio Margin and the Leverage & Margin Tiers of USDⓈ-M Perpetual Contracts
2025-06-14T14:08:16.118000+00:00,,PLUMEUSDT,unknown,Update on the Collateral Ratio Under Portfolio Margin and the Leverage & Margin Tiers of USDⓈ-M Perpetual Contracts
2025-06-14T14:08:16.118000+00:00,,SANDUSDT,unknown,Update on the Collateral Ratio Under Portfolio Margin and the Leverage & Margin Tiers of USDⓈ-M Perpetual Contracts
2025-06-14T14:08:16.118000+00:00,,XRPUSDT,unknown,Update on the Collateral Ratio Under Portfolio Margin and the Leverage & Margin Tiers of USDⓈ-M Perpetual Contracts
2025-06-08T06:49:19.674000+00:00,2025-06-13T00:00:00+00:00,ALICEUSDT,unknown,Update on the Collateral Ratio Under Portfolio Margin and the Leverage & Margin Tiers of USDⓈ-M Perpetual Contracts (2025-06-13)
2025-06-08T06:49:19.674000+00:00,2025-06-13T00:00:00+00:00,ATHUSDT,unknown,Update on the Collateral Ratio Under Portfolio Margin and the Leverage & Margin Tiers of USDⓈ-M Perpetual Contracts (2025-06-13)
2025-06-08T06:49:19.674000+00:00,2025-06-13T00:00:00+00:00,ATOMUSDT,unknown,Update on the Collateral Ratio Under Portfolio Margin and the Leverage & Margin Tiers of USDⓈ-M Perpetual Contracts (2025-06-13)
2025-06-08T06:49:19.674000+00:00,2025-06-13T00:00:00+00:00,BANDUSDT,unknown,Update on the Collateral Ratio Under Portfolio Margin and the Leverage & Margin Tiers of USDⓈ-M Perpetual Contracts (2025-06-13)
2025-06-08T06:49:19.674000+00:00,2025-06-13T00:00:00+00:00,BELUSDT,unknown,Update on the Collateral Ratio Under Portfolio Margin and the Leverage & Margin Tiers of USDⓈ-M Perpetual Contracts (2025-06-13)
2025-06-08T06:49:19.674000+00:00,2025-06-13T00:00:00+00:00,BERAUSDT,unknown,Update on the Collateral Ratio Under Portfolio Margin and the Leverage & Margin Tiers of USDⓈ-M Perpetual Contracts (2025-06-13)
2025-06-08T06:49:19.674000+00:00,2025-06-13T00:00:00+00:00,BRUSDT,unknown,Update on the Collateral Ratio Under Portfolio Margin and the Leverage & Margin Tiers of USDⓈ-M Perpetual Contracts (2025-06-13)
2025-06-08T06:49:19.674000+00:00,2025-06-13T00:00:00+00:00,FHEUSDT,unknown,Update on the Collateral Ratio Under Portfolio Margin and the Leverage & Margin Tiers of USDⓈ-M Perpetual Contracts (2025-06-13)
2025-06-08T06:49:19.674000+00:00,2025-06-13T00:00:00+00:00,IOSTUSDT,unknown,Update on the Collateral Ratio Under Portfolio Margin and the Leverage & Margin Tiers of USDⓈ-M Perpetual Contracts (2025-06-13)
2025-06-08T06:49:19.674000+00:00,2025-06-13T00:00:00+00:00,IOTXUSDT,unknown,Update on the Collateral Ratio Under Portfolio Margin and the Leverage & Margin Tiers of USDⓈ-M Perpetual Contracts (2025-06-13)
2025-06-08T06:49:19.674000+00:00,2025-06-13T00:00:00+00:00,KAVAUSDT,unknown,Update on the Collateral Ratio Under Portfolio Margin and the Leverage & Margin Tiers of USDⓈ-M Perpetual Contracts (2025-06-13)
2025-06-08T06:49:19.674000+00:00,2025-06-13T00:00:00+00:00,KNCUSDT,unknown,Update on the Collateral Ratio Under Portfolio Margin and the Leverage & Margin Tiers of USDⓈ-M Perpetual Contracts (2025-06-13)
2025-06-08T06:49:19.674000+00:00,2025-06-13T00:00:00+00:00,KSMUSDT,unknown,Update on the Collateral Ratio Under Portfolio Margin and the Leverage & Margin Tiers of USDⓈ-M Perpetual Contracts (2025-06-13)
2025-06-08T06:49:19.674000+00:00,2025-06-13T00:00:00+00:00,OGNUSDT,unknown,Update on the Collateral Ratio Under Portfolio Margin and the Leverage & Margin Tiers of USDⓈ-M Perpetual Contracts (2025-06-13)
2025-06-08T06:49:19.674000+00:00,2025-06-13T00:00:00+00:00,PROMPTUSDT,unknown,Update on the Collateral Ratio Under Portfolio Margin and the Leverage & Margin Tiers of USDⓈ-M Perpetual Contracts (2025-06-13)
2025-06-08T06:49:19.674000+00:00,2025-06-13T00:00:00+00:00,RENDERUSDT,unknown,Update on the Collateral Ratio Under Portfolio Margin and the Leverage & Margin Tiers of USDⓈ-M Perpetual Contracts (2025-06-13)
2025-06-08T06:49:19.674000+00:00,2025-06-13T00:00:00+00:00,XCNUSDT,unknown,Update on the Collateral Ratio Under Portfolio Margin and the Leverage & Margin Tiers of USDⓈ-M Perpetual Contracts (2025-06-13)
2025-06-01T03:54:59.988000+00:00,2025-06-06T00:00:00+00:00,ATAUSDT,unknown,Update on the Collateral Ratio Under Portfolio Margin and the Leverage & Margin Tiers of USDⓈ-M Perpetual Contracts (2025-06-06)
2025-06-01T03:54:59.988000+00:00,2025-06-06T00:00:00+00:00,BAKEUSDT,unknown,Update on the Collateral Ratio Under Portfolio Margin and the Leverage & Margin Tiers of USDⓈ-M Perpetual Contracts (2025-06-06)
2025-06-01T03:54:59.988000+00:00,2025-06-06T00:00:00+00:00,BSVUSDT,unknown,Update on the Collateral Ratio Under Portfolio Margin and the Leverage & Margin Tiers of USDⓈ-M Perpetual Contracts (2025-06-06)
2025-06-01T03:54:59.988000+00:00,2025-06-06T00:00:00+00:00,FARTCOINUSDT,unknown,Update on the Collateral Ratio Under Portfolio Margin and the Leverage & Margin Tiers of USDⓈ-M Perpetual Contracts (2025-06-06)
2025-06-01T03:54:59.988000+00:00,2025-06-06T00:00:00+00:00,FXSUSDT,unknown,Update on the Collateral Ratio Under Portfolio Margin and the Leverage & Margin Tiers of USDⓈ-M Perpetual Contracts (2025-06-06)
2025-06-01T03:54:59.988000+00:00,2025-06-06T00:00:00+00:00,ILVUSDT,unknown,Update on the Collateral Ratio Under Portfolio Margin and the Leverage & Margin Tiers of USDⓈ-M Perpetual Contracts (2025-06-06)
2025-06-01T03:54:59.988000+00:00,2025-06-06T00:00:00+00:00,LDOUSDT,unknown,Update on the Collateral Ratio Under Portfolio Margin and the Leverage & Margin Tiers of USDⓈ-M Perpetual Contracts (2025-06-06)
2025-06-01T03:54:59.988000+00:00,2025-06-06T00:00:00+00:00,LRCUSDT,unknown,Update on the Collateral Ratio Under Portfolio Margin and the Leverage & Margin Tiers of USDⓈ-M Perpetual Contracts (2025-06-06)
2025-06-01T03:54:59.988000+00:00,2025-06-06T00:00:00+00:00,LSKUSDT,unknown,Update on the Collateral Ratio Under Portfolio Margin and the Leverage & Margin Tiers of USDⓈ-M Perpetual Contracts (2025-06-06)
2025-06-01T03:54:59.988000+00:00,2025-06-06T00:00:00+00:00,METISUSDT,unknown,Update on the Collateral Ratio Under Portfolio Margin and the Leverage & Margin Tiers of USDⓈ-M Perpetual Contracts (2025-06-06)
2025-06-01T03:54:59.988000+00:00,2025-06-06T00:00:00+00:00,MOCAUSDT,unknown,Update on the Collateral Ratio Under Portfolio Margin and the Leverage & Margin Tiers of USDⓈ-M Perpetual Contracts (2025-06-06)
2025-06-01T03:54:59.988000+00:00,2025-06-06T00:00:00+00:00,MOVRUSDT,unknown,Update on the Collateral Ratio Under Portfolio Margin and the Leverage & Margin Tiers of USDⓈ-M Perpetual Contracts (2025-06-06)
2025-06-01T03:54:59.988000+00:00,2025-06-06T00:00:00+00:00,NTRNUSDT,unknown,Update on the Collateral Ratio Under Portfolio Margin and the Leverage & Margin Tiers of USDⓈ-M Perpetual Contracts (2025-06-06)
2025-06-01T03:54:59.988000+00:00,2025-06-06T00:00:00+00:00,ONGUSDT,unknown,Update on the Collateral Ratio Under Portfolio Margin and the Leverage & Margin Tiers of USDⓈ-M Perpetual Contracts (2025-06-06)
2025-06-01T03:54:59.988000+00:00,2025-06-06T00:00:00+00:00,PHBUSDT,unknown,Update on the Collateral Ratio Under Portfolio Margin and the Leverage & Margin Tiers of USDⓈ-M Perpetual Contracts (2025-06-06)
2025-06-01T03:54:59.988000+00:00,2025-06-06T00:00:00+00:00,POWRUSDT,unknown,Update on the Collateral Ratio Under Portfolio Margin and the Leverage & Margin Tiers of USDⓈ-M Perpetual Contracts (2025-06-06)
2025-06-01T03:54:59.988000+00:00,2025-06-06T00:00:00+00:00,RIFUSDT,unknown,Update on the Collateral Ratio Under Portfolio Margin and the Leverage & Margin Tiers of USDⓈ-M Perpetual Contracts (2025-06-06)
2025-06-01T03:54:59.988000+00:00,2025-06-06T00:00:00+00:00,RONINUSDT,unknown,Update on the Collateral Ratio Under Portfolio Margin and the Leverage & Margin Tiers of USDⓈ-M Perpetual Contracts (2025-06-06)
2025-06-01T03:54:59.988000+00:00,2025-06-06T00:00:00+00:00,SFPUSDT,unknown,Update on the Collateral Ratio Under Portfolio Margin and the Leverage & Margin Tiers of USDⓈ-M Perpetual Contracts (2025-06-06)
2025-06-01T03:54:59.988000+00:00,2025-06-06T00:00:00+00:00,STEEMUSDT,unknown,Update on the Collateral Ratio Under Portfolio Margin and the Leverage & Margin Tiers of USDⓈ-M Perpetual Contracts (2025-06-06)
2025-06-01T03:54:59.988000+00:00,2025-06-06T00:00:00+00:00,TOKENUSDT,unknown,Update on the Collateral Ratio Under Portfolio Margin and the Leverage & Margin Tiers of USDⓈ-M Perpetual Contracts (2025-06-06)
2025-06-01T03:54:59.988000+00:00,2025-06-06T00:00:00+00:00,TWTUSDT,unknown,Update on the Collateral Ratio Under Portfolio Margin and the Leverage & Margin Tiers of USDⓈ-M Perpetual Contracts (2025-06-06)
2025-06-01T03:54:59.988000+00:00,2025-06-06T00:00:00+00:00,USTCUSDT,unknown,Update on the Collateral Ratio Under Portfolio Margin and the Leverage & Margin Tiers of USDⓈ-M Perpetual Contracts (2025-06-06)
2025-06-01T03:54:59.988000+00:00,2025-06-06T00:00:00+00:00,VETUSDT,unknown,Update on the Collateral Ratio Under Portfolio Margin and the Leverage & Margin Tiers of USDⓈ-M Perpetual Contracts (2025-06-06)
2025-05-25T15:22:01.703000+00:00,2025-05-30T00:00:00+00:00,BANUSDT,unknown,Update on the Collateral Ratio Under Portfolio Margin and the Leverage & Margin Tiers of USDⓈ-M Perpetual Contracts (2025-05-30)
2025-05-25T15:22:01.703000+00:00,2025-05-30T00:00:00+00:00,BRETTUSDT,unknown,Update on the Collateral Ratio Under Portfolio Margin and the Leverage & Margin Tiers of USDⓈ-M Perpetual Contracts (2025-05-30)
2025-05-25T15:22:01.703000+00:00,2025-05-30T00:00:00+00:00,CHILLGUYUSDT,unknown,Update on the Collateral Ratio Under Portfolio Margin and the Leverage & Margin Tiers of USDⓈ-M Perpetual Contracts (2025-05-30)
2025-05-25T15:22:01.703000+00:00,2025-05-30T00:00:00+00:00,DYDXUSDT,unknown,Update on the Collateral Ratio Under Portfolio Margin and the Leverage & Margin Tiers of USDⓈ-M Perpetual Contracts (2025-05-30)
2025-05-25T15:22:01.703000+00:00,2025-05-30T00:00:00+00:00,ENJUSDT,unknown,Update on the Collateral Ratio Under Portfolio Margin and the Leverage & Margin Tiers of USDⓈ-M Perpetual Contracts (2025-05-30)
2025-05-25T15:22:01.703000+00:00,2025-05-30T00:00:00+00:00,FARTCOINUSDT,unknown,Update on the Collateral Ratio Under Portfolio Margin and the Leverage & Margin Tiers of USDⓈ-M Perpetual Contracts (2025-05-30)
2025-05-25T15:22:01.703000+00:00,2025-05-30T00:00:00+00:00,FETUSDT,unknown,Update on the Collateral Ratio Under Portfolio Margin and the Leverage & Margin Tiers of USDⓈ-M Perpetual Contracts (2025-05-30)
2025-05-25T15:22:01.703000+00:00,2025-05-30T00:00:00+00:00,GRASSUSDT,unknown,Update on the Collateral Ratio Under Portfolio Margin and the Leverage & Margin Tiers of USDⓈ-M Perpetual Contracts (2025-05-30)
2025-05-25T15:22:01.703000+00:00,2025-05-30T00:00:00+00:00,ICPUSDT,unknown,Update on the Collateral Ratio Under Portfolio Margin and the Leverage & Margin Tiers of USDⓈ-M Perpetual Contracts (2025-05-30)
2025-05-25T15:22:01.703000+00:00,2025-05-30T00:00:00+00:00,IOTAUSDT,unknown,Update on the Collateral Ratio Under Portfolio Margin and the Leverage & Margin Tiers of USDⓈ-M Perpetual Contracts (2025-05-30)
2025-05-25T15:22:01.703000+00:00,2025-05-30T00:00:00+00:00,JUPUSDT,unknown,Update on the Collateral Ratio Under Portfolio Margin and the Leverage & Margin Tiers of USDⓈ-M Perpetual Contracts (2025-05-30)
2025-05-25T15:22:01.703000+00:00,2025-05-30T00:00:00+00:00,LDOUSDT,unknown,Update on the Collateral Ratio Under Portfolio Margin and the Leverage & Margin Tiers of USDⓈ-M Perpetual Contracts (2025-05-30)
2025-05-25T15:22:01.703000+00:00,2025-05-30T00:00:00+00:00,MOCAUSDT,unknown,Update on the Collateral Ratio Under Portfolio Margin and the Leverage & Margin Tiers of USDⓈ-M Perpetual Contracts (2025-05-30)
2025-05-25T15:22:01.703000+00:00,2025-05-30T00:00:00+00:00,RUNEUSDT,unknown,Update on the Collateral Ratio Under Portfolio Margin and the Leverage & Margin Tiers of USDⓈ-M Perpetual Contracts (2025-05-30)
2025-05-25T15:22:01.703000+00:00,2025-05-30T00:00:00+00:00,STGUSDT,unknown,Update on the Collateral Ratio Under Portfolio Margin and the Leverage & Margin Tiers of USDⓈ-M Perpetual Contracts (2025-05-30)
2025-05-25T15:22:01.703000+00:00,2025-05-30T00:00:00+00:00,THETAUSDT,unknown,Update on the Collateral Ratio Under Portfolio Margin and the Leverage & Margin Tiers of USDⓈ-M Perpetual Contracts (2025-05-30)
2025-05-25T15:22:01.703000+00:00,2025-05-30T00:00:00+00:00,VETUSDT,unknown,Update on the Collateral Ratio Under Portfolio Margin and the Leverage & Margin Tiers of USDⓈ-M Perpetual Contracts (2025-05-30)
2025-05-25T15:22:01.703000+00:00,2025-05-30T00:00:00+00:00,VINEUSDT,unknown,Update on the Collateral Ratio Under Portfolio Margin and the Leverage & Margin Tiers of USDⓈ-M Perpetual Contracts (2025-05-30)
2025-05-25T15:22:01.703000+00:00,2025-05-30T00:00:00+00:00,VVVUSDT,unknown,Update on the Collateral Ratio Under Portfolio Margin and the Leverage & Margin Tiers of USDⓈ-M Perpetual Contracts (2025-05-30)
2025-05-25T15:22:01.703000+00:00,2025-05-30T00:00:00+00:00,WALUSDT,unknown,Update on the Collateral Ratio Under Portfolio Margin and the Leverage & Margin Tiers of USDⓈ-M Perpetual Contracts (2025-05-30)
2025-05-25T15:22:01.703000+00:00,2025-05-30T00:00:00+00:00,XMRUSDT,unknown,Update on the Collateral Ratio Under Portfolio Margin and the Leverage & Margin Tiers of USDⓈ-M Perpetual Contracts (2025-05-30)
2025-05-25T15:22:01.703000+00:00,2025-05-30T00:00:00+00:00,XTZUSDT,unknown,Update on the Collateral Ratio Under Portfolio Margin and the Leverage & Margin Tiers of USDⓈ-M Perpetual Contracts (2025-05-30)
2025-05-04T16:00:10.318000+00:00,2025-05-09T00:00:00+00:00,1000CATUSDT,unknown,Update on the Collateral Ratio Under Portfolio Margin and the Leverage & Margin Tiers of USDⓈ-M Perpetual Contracts (2025-05-09)
2025-05-04T16:00:10.318000+00:00,2025-05-09T00:00:00+00:00,1000RATSUSDT,unknown,Update on the Collateral Ratio Under Portfolio Margin and the Leverage & Margin Tiers of USDⓈ-M Perpetual Contracts (2025-05-09)
2025-05-04T16:00:10.318000+00:00,2025-05-09T00:00:00+00:00,1INCHUSDT,unknown,Update on the Collateral Ratio Under Portfolio Margin and the Leverage & Margin Tiers of USDⓈ-M Perpetual Contracts (2025-05-09)
2025-05-04T16:00:10.318000+00:00,2025-05-09T00:00:00+00:00,ACEUSDT,unknown,Update on the Collateral Ratio Under Portfolio Margin and the Leverage & Margin Tiers of USDⓈ-M Perpetual Contracts (2025-05-09)
2025-05-04T16:00:10.318000+00:00,2025-05-09T00:00:00+00:00,ACXUSDT,unknown,Update on the Collateral Ratio Under Portfolio Margin and the Leverage & Margin Tiers of USDⓈ-M Perpetual Contracts (2025-05-09)
2025-05-04T16:00:10.318000+00:00,2025-05-09T00:00:00+00:00,AIUSDT,unknown,Update on the Collateral Ratio Under Portfolio Margin and the Leverage & Margin Tiers of USDⓈ-M Perpetual Contracts (2025-05-09)
2025-05-04T16:00:10.318000+00:00,2025-05-09T00:00:00+00:00,ARPAUSDT,unknown,Update on the Collateral Ratio Under Portfolio Margin and the Leverage & Margin Tiers of USDⓈ-M Perpetual Contracts (2025-05-09)
2025-05-04T16:00:10.318000+00:00,2025-05-09T00:00:00+00:00,ARUSDT,unknown,Update on the Collateral Ratio Under Portfolio Margin and the Leverage & Margin Tiers of USDⓈ-M Perpetual Contracts (2025-05-09)
2025-05-04T16:00:10.318000+00:00,2025-05-09T00:00:00+00:00,BBUSDT,unknown,Update on the Collateral Ratio Under Portfolio Margin and the Leverage & Margin Tiers of USDⓈ-M Perpetual Contracts (2025-05-09)
2025-05-04T16:00:10.318000+00:00,2025-05-09T00:00:00+00:00,BLURUSDT,unknown,Update on the Collateral Ratio Under Portfolio Margin and the Leverage & Margin Tiers of USDⓈ-M Perpetual Contracts (2025-05-09)
2025-05-04T16:00:10.318000+00:00,2025-05-09T00:00:00+00:00,CKBUSDT,unknown,Update on the Collateral Ratio Under Portfolio Margin and the Leverage & Margin Tiers of USDⓈ-M Perpetual Contracts (2025-05-09)
2025-05-04T16:00:10.318000+00:00,2025-05-09T00:00:00+00:00,COSUSDT,unknown,Update on the Collateral Ratio Under Portfolio Margin and the Leverage & Margin Tiers of USDⓈ-M Perpetual Contracts (2025-05-09)
2025-05-04T16:00:10.318000+00:00,2025-05-09T00:00:00+00:00,DIAUSDT,unknown,Update on the Collateral Ratio Under Portfolio Margin and the Leverage & Margin Tiers of USDⓈ-M Perpetual Contracts (2025-05-09)
2025-05-04T16:00:10.318000+00:00,2025-05-09T00:00:00+00:00,DRIFTUSDT,unknown,Update on the Collateral Ratio Under Portfolio Margin and the Leverage & Margin Tiers of USDⓈ-M Perpetual Contracts (2025-05-09)
2025-05-04T16:00:10.318000+00:00,2025-05-09T00:00:00+00:00,DYMUSDT,unknown,Update on the Collateral Ratio Under Portfolio Margin and the Leverage & Margin Tiers of USDⓈ-M Perpetual Contracts (2025-05-09)
2025-05-04T16:00:10.318000+00:00,2025-05-09T00:00:00+00:00,EGLDUSDT,unknown,Update on the Collateral Ratio Under Portfolio Margin and the Leverage & Margin Tiers of USDⓈ-M Perpetual Contracts (2025-05-09)
2025-05-04T16:00:10.318000+00:00,2025-05-09T00:00:00+00:00,HMSTRUSDT,unknown,Update on the Collateral Ratio Under Portfolio Margin and the Leverage & Margin Tiers of USDⓈ-M Perpetual Contracts (2025-05-09)
2025-05-04T16:00:10.318000+00:00,2025-05-09T00:00:00+00:00,LISTAUSDT,unknown,Update on the Collateral Ratio Under Portfolio Margin and the Leverage & Margin Tiers of USDⓈ-M Perpetual Contracts (2025-05-09)
2025-05-04T16:00:10.318000+00:00,2025-05-09T00:00:00+00:00,MASKUSDT,unknown,Update on the Collateral Ratio Under Portfolio Margin and the Leverage & Margin Tiers of USDⓈ-M Perpetual Contracts (2025-05-09)
2025-05-04T16:00:10.318000+00:00,2025-05-09T00:00:00+00:00,NFPUSDT,unknown,Update on the Collateral Ratio Under Portfolio Margin and the Leverage & Margin Tiers of USDⓈ-M Perpetual Contracts (2025-05-09)
2025-05-04T16:00:10.318000+00:00,2025-05-09T00:00:00+00:00,POLYXUSDT,unknown,Update on the Collateral Ratio Under Portfolio Margin and the Leverage & Margin Tiers of USDⓈ-M Perpetual Contracts (2025-05-09)
2025-05-04T16:00:10.318000+00:00,2025-05-09T00:00:00+00:00,SXPUSDT,unknown,Update on the Collateral Ratio Under Portfolio Margin and the Leverage & Margin Tiers of USDⓈ-M Perpetual Contracts (2025-05-09)
2025-05-04T16:00:10.318000+00:00,2025-05-09T00:00:00+00:00,VANAUSDT,unknown,Update on the Collateral Ratio Under Portfolio Margin and the Leverage & Margin Tiers of USDⓈ-M Perpetual Contracts (2025-05-09)
2025-05-04T16:00:10.318000+00:00,2025-05-09T00:00:00+00:00,VIRTUALUSDT,unknown,Update on the Collateral Ratio Under Portfolio Margin and the Leverage & Margin Tiers of USDⓈ-M Perpetual Contracts (2025-05-09)
2025-05-04T16:00:10.318000+00:00,2025-05-09T00:00:00+00:00,XAIUSDT,unknown,Update on the Collateral Ratio Under Portfolio Margin and the Leverage & Margin Tiers of USDⓈ-M Perpetual Contracts (2025-05-09)
2025-05-04T16:00:10.318000+00:00,2025-05-09T00:00:00+00:00,ZKUSDT,unknown,Update on the Collateral Ratio Under Portfolio Margin and the Leverage & Margin Tiers of USDⓈ-M Perpetual Contracts (2025-05-09)
2025-05-04T16:00:10.318000+00:00,2025-05-09T00:00:00+00:00,ZROUSDT,unknown,Update on the Collateral Ratio Under Portfolio Margin and the Leverage & Margin Tiers of USDⓈ-M Perpetual Contracts (2025-05-09)
2025-04-27T12:59:48.656000+00:00,2025-04-28T00:00:00+00:00,ALPACAUSDT,unknown,Updates on the Leverage & Margin Tiers of ALPACAUSDT USDⓈ-M Perpetual Contract (2025-04-28)
2025-04-26T10:37:34.019000+00:00,,1MBABYDOGEUSDT,unknown,Update on the Collateral Ratio Under Portfolio Margin and the Leverage & Margin Tiers of USDⓈ-M Perpetual Contracts
2025-04-26T10:37:34.019000+00:00,,AI16ZUSDT,unknown,Update on the Collateral Ratio Under Portfolio Margin and the Leverage & Margin Tiers of USDⓈ-M Perpetual Contracts
2025-04-26T10:37:34.019000+00:00,,ALPACAUSDT,unknown,Update on the Collateral Ratio Under Portfolio Margin and the Leverage & Margin Tiers of USDⓈ-M Perpetual Contracts
2025-04-26T10:37:34.019000+00:00,,ALTUSDT,unknown,Update on the Collateral Ratio Under Portfolio Margin and the Leverage & Margin Tiers of USDⓈ-M Perpetual Contracts
2025-04-26T10:37:34.019000+00:00,,ARKUSDT,unknown,Update on the Collateral Ratio Under Portfolio Margin and the Leverage & Margin Tiers of USDⓈ-M Perpetual Contracts
2025-04-26T10:37:34.019000+00:00,,BIDUSDT,unknown,Update on the Collateral Ratio Under Portfolio Margin and the Leverage & Margin Tiers of USDⓈ-M Perpetual Contracts
2025-04-26T10:37:34.019000+00:00,,BSWUSDT,unknown,Update on the Collateral Ratio Under Portfolio Margin and the Leverage & Margin Tiers of USDⓈ-M Perpetual Contracts
2025-04-26T10:37:34.019000+00:00,,CELOUSDT,unknown,Update on the Collateral Ratio Under Portfolio Margin and the Leverage & Margin Tiers of USDⓈ-M Perpetual Contracts
2025-04-26T10:37:34.019000+00:00,,COWUSDT,unknown,Update on the Collateral Ratio Under Portfolio Margin and the Leverage & Margin Tiers of USDⓈ-M Perpetual Contracts
2025-04-26T10:37:34.019000+00:00,,FLMUSDT,unknown,Update on the Collateral Ratio Under Portfolio Margin and the Leverage & Margin Tiers of USDⓈ-M Perpetual Contracts
2025-04-26T10:37:34.019000+00:00,,GPSUSDT,unknown,Update on the Collateral Ratio Under Portfolio Margin and the Leverage & Margin Tiers of USDⓈ-M Perpetual Contracts
2025-04-26T10:37:34.019000+00:00,,HIPPOUSDT,unknown,Update on the Collateral Ratio Under Portfolio Margin and the Leverage & Margin Tiers of USDⓈ-M Perpetual Contracts
2025-04-26T10:37:34.019000+00:00,,JASMYUSDT,unknown,Update on the Collateral Ratio Under Portfolio Margin and the Leverage & Margin Tiers of USDⓈ-M Perpetual Contracts
2025-04-26T10:37:34.019000+00:00,,JELLYJELLYUSDT,unknown,Update on the Collateral Ratio Under Portfolio Margin and the Leverage & Margin Tiers of USDⓈ-M Perpetual Contracts
2025-04-26T10:37:34.019000+00:00,,LPTUSDT,unknown,Update on the Collateral Ratio Under Portfolio Margin and the Leverage & Margin Tiers of USDⓈ-M Perpetual Contracts
2025-04-26T10:37:34.019000+00:00,,MEMEUSDT,unknown,Update on the Collateral Ratio Under Portfolio Margin and the Leverage & Margin Tiers of USDⓈ-M Perpetual Contracts
2025-04-26T10:37:34.019000+00:00,,NKNUSDT,unknown,Update on the Collateral Ratio Under Portfolio Margin and the Leverage & Margin Tiers of USDⓈ-M Perpetual Contracts
2025-04-26T10:37:34.019000+00:00,,PEOPLEUSDT,unknown,Update on the Collateral Ratio Under Portfolio Margin and the Leverage & Margin Tiers of USDⓈ-M Perpetual Contracts
2025-04-26T10:37:34.019000+00:00,,PERPUSDT,unknown,Update on the Collateral Ratio Under Portfolio Margin and the Leverage & Margin Tiers of USDⓈ-M Perpetual Contracts
2025-04-26T10:37:34.019000+00:00,,PIPPINUSDT,unknown,Update on the Collateral Ratio Under Portfolio Margin and the Leverage & Margin Tiers of USDⓈ-M Perpetual Contracts
2025-04-26T10:37:34.019000+00:00,,PIXELUSDT,unknown,Update on the Collateral Ratio Under Portfolio Margin and the Leverage & Margin Tiers of USDⓈ-M Perpetual Contracts
2025-04-26T10:37:34.019000+00:00,,SCRUSDT,unknown,Update on the Collateral Ratio Under Portfolio Margin and the Leverage & Margin Tiers of USDⓈ-M Perpetual Contracts
2025-04-26T10:37:34.019000+00:00,,SUNUSDT,unknown,Update on the Collateral Ratio Under Portfolio Margin and the Leverage & Margin Tiers of USDⓈ-M Perpetual Contracts
2025-04-26T10:37:34.019000+00:00,,THEUSDT,unknown,Update on the Collateral Ratio Under Portfolio Margin and the Leverage & Margin Tiers of USDⓈ-M Perpetual Contracts
2025-04-26T10:37:34.019000+00:00,,UXLINKUSDT,unknown,Update on the Collateral Ratio Under Portfolio Margin and the Leverage & Margin Tiers of USDⓈ-M Perpetual Contracts
2025-04-26T10:37:34.019000+00:00,,VOXELUSDT,unknown,Update on the Collateral Ratio Under Portfolio Margin and the Leverage & Margin Tiers of USDⓈ-M Perpetual Contracts
2025-04-26T10:37:34.019000+00:00,,ZECUSDT,unknown,Update on the Collateral Ratio Under Portfolio Margin and the Leverage & Margin Tiers of USDⓈ-M Perpetual Contracts
2025-04-26T10:37:34.019000+00:00,,ZETAUSDT,unknown,Update on the Collateral Ratio Under Portfolio Margin and the Leverage & Margin Tiers of USDⓈ-M Perpetual Contracts
2025-04-25T03:02:17.915000+00:00,2025-04-25T00:00:00+00:00,ALPACAUSDT,unknown,Updates on the Leverage & Margin Tiers of ALPACAUSDT USDⓈ-M Perpetual Contract (2025-04-25)
2025-04-01T07:32:02.493000+00:00,2025-04-01T00:00:00+00:00,1000SATSUSDT,unknown,Updates on the Leverage & Margin Tiers of Multiple USDⓈ-M Perpetual Contracts (2025-04-01)
2025-04-01T07:32:02.493000+00:00,2025-04-01T00:00:00+00:00,ACTUSDT,unknown,Updates on the Leverage & Margin Tiers of Multiple USDⓈ-M Perpetual Contracts (2025-04-01)
2025-04-01T07:32:02.493000+00:00,2025-04-01T00:00:00+00:00,MEWUSDT,unknown,Updates on the Leverage & Margin Tiers of Multiple USDⓈ-M Perpetual Contracts (2025-04-01)
2025-04-01T07:32:02.493000+00:00,2025-04-01T00:00:00+00:00,NEOUSDT,unknown,Updates on the Leverage & Margin Tiers of Multiple USDⓈ-M Perpetual Contracts (2025-04-01)
2025-04-01T07:32:02.493000+00:00,2025-04-01T00:00:00+00:00,PNUTUSDT,unknown,Updates on the Leverage & Margin Tiers of Multiple USDⓈ-M Perpetual Contracts (2025-04-01)
2025-04-01T07:32:02.493000+00:00,2025-04-01T00:00:00+00:00,TURBOUSDT,unknown,Updates on the Leverage & Margin Tiers of Multiple USDⓈ-M Perpetual Contracts (2025-04-01)
2025-03-31T06:30:29.405000+00:00,2025-03-31T00:00:00+00:00,1000SATSUSDT,unknown,Updates on the Leverage & Margin Tiers of Multiple USDⓈ-M Perpetual Contracts (2025-03-31)
2025-03-31T06:30:29.405000+00:00,2025-03-31T00:00:00+00:00,ACTUSDT,unknown,Updates on the Leverage & Margin Tiers of Multiple USDⓈ-M Perpetual Contracts (2025-03-31)
2025-03-28T05:31:13.233000+00:00,2025-03-28T00:00:00+00:00,1000SATSUSDT,unknown,Updates on the Leverage & Margin Tiers of Multiple USDⓈ-M Perpetual Contracts (2025-03-28)
2025-03-28T05:31:13.233000+00:00,2025-03-28T00:00:00+00:00,ACTUSDT,unknown,Updates on the Leverage & Margin Tiers of Multiple USDⓈ-M Perpetual Contracts (2025-03-28)
2025-03-28T05:31:13.233000+00:00,2025-03-28T00:00:00+00:00,ALCHUSDT,unknown,Updates on the Leverage & Margin Tiers of Multiple USDⓈ-M Perpetual Contracts (2025-03-28)
2025-03-28T05:31:13.233000+00:00,2025-03-28T00:00:00+00:00,AUCTIONUSDT,unknown,Updates on the Leverage & Margin Tiers of Multiple USDⓈ-M Perpetual Contracts (2025-03-28)
2025-03-28T05:31:13.233000+00:00,2025-03-28T00:00:00+00:00,TSTUSDT,unknown,Updates on the Leverage & Margin Tiers of Multiple USDⓈ-M Perpetual Contracts (2025-03-28)
2025-03-28T05:31:13.233000+00:00,2025-03-28T00:00:00+00:00,TUTUSDT,unknown,Updates on the Leverage & Margin Tiers of Multiple USDⓈ-M Perpetual Contracts (2025-03-28)
2025-03-21T09:00:13.239000+00:00,2025-03-21T00:00:00+00:00,ORCAUSDT,unknown,Updates on the Leverage & Margin Tiers of ORCAUSDT USDⓈ-M Perpetual Contract (2025-03-21)
2025-03-18T10:30:34.655000+00:00,2025-03-18T00:00:00+00:00,AERGOUSDT,unknown,Updates on the Leverage & Margin Tiers of Multiple USDⓈ-M Perpetual Contracts (2025-03-18)
2025-03-18T10:30:34.655000+00:00,2025-03-18T00:00:00+00:00,COMBOUSDT,unknown,Updates on the Leverage & Margin Tiers of Multiple USDⓈ-M Perpetual Contracts (2025-03-18)
2025-03-18T10:30:34.655000+00:00,2025-03-18T00:00:00+00:00,LINAUSDT,unknown,Updates on the Leverage & Margin Tiers of Multiple USDⓈ-M Perpetual Contracts (2025-03-18)
2025-03-18T10:30:34.655000+00:00,2025-03-18T00:00:00+00:00,VIDTUSDT,unknown,Updates on the Leverage & Margin Tiers of Multiple USDⓈ-M Perpetual Contracts (2025-03-18)
2025-03-14T10:30:11.124000+00:00,2025-03-14T00:00:00+00:00,AERGOUSDT,unknown,Updates on the Leverage & Margin Tiers of Multiple USDⓈ-M Perpetual Contracts (2025-03-14)
2025-03-14T10:30:11.124000+00:00,2025-03-14T00:00:00+00:00,COMBOUSDT,unknown,Updates on the Leverage & Margin Tiers of Multiple USDⓈ-M Perpetual Contracts (2025-03-14)
2025-03-14T10:30:11.124000+00:00,2025-03-14T00:00:00+00:00,LINAUSDT,unknown,Updates on the Leverage & Margin Tiers of Multiple USDⓈ-M Perpetual Contracts (2025-03-14)
2025-03-14T10:30:11.124000+00:00,2025-03-14T00:00:00+00:00,VIDTUSDT,unknown,Updates on the Leverage & Margin Tiers of Multiple USDⓈ-M Perpetual Contracts (2025-03-14)
2025-03-13T10:30:18.825000+00:00,2025-03-13T00:00:00+00:00,BNXUSDT,unknown,Updates on the Leverage & Margin Tiers of Multiple USDⓈ-M Perpetual Contracts (2025-03-13)
2025-03-11T08:30:02.170000+00:00,2025-03-11T00:00:00+00:00,AXSUSDT,unknown,Updates on the Leverage & Margin Tiers of Multiple USDⓈ-M Perpetual Contracts (2025-03-11)
2025-03-11T08:30:02.170000+00:00,2025-03-11T00:00:00+00:00,CATIUSDT,unknown,Updates on the Leverage & Margin Tiers of Multiple USDⓈ-M Perpetual Contracts (2025-03-11)
2025-03-11T08:30:02.170000+00:00,2025-03-11T00:00:00+00:00,RAREUSDT,unknown,Updates on the Leverage & Margin Tiers of Multiple USDⓈ-M Perpetual Contracts (2025-03-11)
2025-03-11T08:30:02.170000+00:00,2025-03-11T00:00:00+00:00,SAGAUSDT,unknown,Updates on the Leverage & Margin Tiers of Multiple USDⓈ-M Perpetual Contracts (2025-03-11)
2025-03-11T08:30:02.170000+00:00,2025-03-11T00:00:00+00:00,XTZUSDT,unknown,Updates on the Leverage & Margin Tiers of Multiple USDⓈ-M Perpetual Contracts (2025-03-11)
2025-03-11T08:30:02.170000+00:00,2025-03-11T00:00:00+00:00,ZENUSDT,unknown,Updates on the Leverage & Margin Tiers of Multiple USDⓈ-M Perpetual Contracts (2025-03-11)
2025-03-05T08:30:07.014000+00:00,2025-03-05T00:00:00+00:00,AERGOUSDT,unknown,Updates on the Leverage & Margin Tiers of Multiple USDⓈ-M Perpetual Contracts (2025-03-05)
2025-03-05T08:30:07.014000+00:00,2025-03-05T00:00:00+00:00,ALPACAUSDT,unknown,Updates on the Leverage & Margin Tiers of Multiple USDⓈ-M Perpetual Contracts (2025-03-05)
2025-03-03T08:00:03.386000+00:00,2025-03-03T00:00:00+00:00,1MBABYDOGEUSDT,unknown,Updates on the Leverage & Margin Tiers of Multiple USDⓈ-M Perpetual Contracts (2025-03-03)
2025-03-03T08:00:03.386000+00:00,2025-03-03T00:00:00+00:00,BIGTIMEUSDT,unknown,Updates on the Leverage & Margin Tiers of Multiple USDⓈ-M Perpetual Contracts (2025-03-03)
2025-03-03T08:00:03.386000+00:00,2025-03-03T00:00:00+00:00,RENDERUSDT,unknown,Updates on the Leverage & Margin Tiers of Multiple USDⓈ-M Perpetual Contracts (2025-03-03)
2025-03-03T08:00:03.386000+00:00,2025-03-03T00:00:00+00:00,THEUSDT,unknown,Updates on the Leverage & Margin Tiers of Multiple USDⓈ-M Perpetual Contracts (2025-03-03)
2025-03-03T08:00:03.386000+00:00,2025-03-03T00:00:00+00:00,VETUSDT,unknown,Updates on the Leverage & Margin Tiers of Multiple USDⓈ-M Perpetual Contracts (2025-03-03)
2025-02-28T08:30:02.528000+00:00,2025-02-28T00:00:00+00:00,COMBOUSDT,unknown,Updates on the Leverage & Margin Tiers of Multiple USDⓈ-M Perpetual Contracts (2025-02-28)
2025-02-28T08:30:02.528000+00:00,2025-02-28T00:00:00+00:00,IPUSDT,unknown,Updates on the Leverage & Margin Tiers of Multiple USDⓈ-M Perpetual Contracts (2025-02-28)
2025-02-28T08:30:02.528000+00:00,2025-02-28T00:00:00+00:00,NULSUSDT,unknown,Updates on the Leverage & Margin Tiers of Multiple USDⓈ-M Perpetual Contracts (2025-02-28)
2025-02-28T08:30:02.528000+00:00,2025-02-28T00:00:00+00:00,TRUMPUSDT,unknown,Updates on the Leverage & Margin Tiers of Multiple USDⓈ-M Perpetual Contracts (2025-02-28)
2025-02-28T08:30:02.528000+00:00,2025-02-28T00:00:00+00:00,VIDTUSDT,unknown,Updates on the Leverage & Margin Tiers of Multiple USDⓈ-M Perpetual Contracts (2025-02-28)
2025-02-26T09:30:01.890000+00:00,2025-02-26T00:00:00+00:00,EIGENUSDT,unknown,Updates on the Leverage & Margin Tiers of Multiple USDⓈ-M Perpetual Contracts (2025-02-26)
2025-02-26T09:30:01.890000+00:00,2025-02-26T00:00:00+00:00,OMUSDT,unknown,Updates on the Leverage & Margin Tiers of Multiple USDⓈ-M Perpetual Contracts (2025-02-26)
2025-02-26T09:30:01.890000+00:00,2025-02-26T00:00:00+00:00,SANDUSDT,unknown,Updates on the Leverage & Margin Tiers of Multiple USDⓈ-M Perpetual Contracts (2025-02-26)
2025-02-25T08:30:02.043000+00:00,2025-02-25T00:00:00+00:00,DIAUSDT,unknown,Updates on the Leverage & Margin Tiers of Multiple USDⓈ-M Perpetual Contracts (2025-02-25)
2025-02-25T08:30:02.043000+00:00,2025-02-25T00:00:00+00:00,NEOUSDT,unknown,Updates on the Leverage & Margin Tiers of Multiple USDⓈ-M Perpetual Contracts (2025-02-25)
2025-02-25T08:30:02.043000+00:00,2025-02-25T00:00:00+00:00,RAREUSDT,unknown,Updates on the Leverage & Margin Tiers of Multiple USDⓈ-M Perpetual Contracts (2025-02-25)
2025-02-25T08:30:02.043000+00:00,2025-02-25T00:00:00+00:00,RLCUSDT,unknown,Updates on the Leverage & Margin Tiers of Multiple USDⓈ-M Perpetual Contracts (2025-02-25)
2025-02-24T13:00:42.145000+00:00,2025-02-24T00:00:00+00:00,MOODENGUSDT,unknown,Updates on the Leverage & Margin Tiers of Multiple USDⓈ-M Perpetual Contracts (2025-02-24)
2025-02-24T13:00:42.145000+00:00,2025-02-24T00:00:00+00:00,POPCATUSDT,unknown,Updates on the Leverage & Margin Tiers of Multiple USDⓈ-M Perpetual Contracts (2025-02-24)
2025-02-24T13:00:42.145000+00:00,2025-02-24T00:00:00+00:00,TONUSDT,unknown,Updates on the Leverage & Margin Tiers of Multiple USDⓈ-M Perpetual Contracts (2025-02-24)
2025-02-24T13:00:42.145000+00:00,2025-02-24T00:00:00+00:00,TRUMPUSDT,unknown,Updates on the Leverage & Margin Tiers of Multiple USDⓈ-M Perpetual Contracts (2025-02-24)
2025-02-24T08:30:02.792000+00:00,2025-02-24T00:00:00+00:00,1000PEPEUSDT,unknown,Updates on the Leverage & Margin Tiers of Multiple USDⓈ-M Perpetual Contracts (2025-02-24)
2025-02-24T08:30:02.792000+00:00,2025-02-24T00:00:00+00:00,1000SHIBUSDT,unknown,Updates on the Leverage & Margin Tiers of Multiple USDⓈ-M Perpetual Contracts (2025-02-24)
2025-02-24T08:30:02.792000+00:00,2025-02-24T00:00:00+00:00,GLMUSDT,unknown,Updates on the Leverage & Margin Tiers of Multiple USDⓈ-M Perpetual Contracts (2025-02-24)
2025-02-24T08:30:02.792000+00:00,2025-02-24T00:00:00+00:00,OMUSDT,unknown,Updates on the Leverage & Margin Tiers of Multiple USDⓈ-M Perpetual Contracts (2025-02-24)
2025-02-24T08:30:02.792000+00:00,2025-02-24T00:00:00+00:00,WIFUSDT,unknown,Updates on the Leverage & Margin Tiers of Multiple USDⓈ-M Perpetual Contracts (2025-02-24)
2025-02-24T08:30:02.792000+00:00,2025-02-24T00:00:00+00:00,WLDUSDT,unknown,Updates on the Leverage & Margin Tiers of Multiple USDⓈ-M Perpetual Contracts (2025-02-24)
2025-02-21T08:30:02.243000+00:00,2025-02-21T00:00:00+00:00,BANUSDT,unknown,Updates on the Leverage & Margin Tiers of Multiple USDⓈ-M Perpetual Contracts (2025-02-21)
2025-02-21T08:30:02.243000+00:00,2025-02-21T00:00:00+00:00,FETUSDT,unknown,Updates on the Leverage & Margin Tiers of Multiple USDⓈ-M Perpetual Contracts (2025-02-21)
2025-02-21T08:30:02.243000+00:00,2025-02-21T00:00:00+00:00,OMUSDT,unknown,Updates on the Leverage & Margin Tiers of Multiple USDⓈ-M Perpetual Contracts (2025-02-21)
2025-02-21T08:30:02.243000+00:00,2025-02-21T00:00:00+00:00,POLUSDT,unknown,Updates on the Leverage & Margin Tiers of Multiple USDⓈ-M Perpetual Contracts (2025-02-21)
2025-02-20T08:30:04.045000+00:00,2025-02-20T00:00:00+00:00,1000BONKUSDT,unknown,Updates on the Leverage & Margin Tiers of Multiple USDⓈ-M Perpetual Contracts (2025-02-20)
2025-02-20T08:30:04.045000+00:00,2025-02-20T00:00:00+00:00,EOSUSDT,unknown,Updates on the Leverage & Margin Tiers of Multiple USDⓈ-M Perpetual Contracts (2025-02-20)
2025-02-20T08:30:04.045000+00:00,2025-02-20T00:00:00+00:00,INJUSDT,unknown,Updates on the Leverage & Margin Tiers of Multiple USDⓈ-M Perpetual Contracts (2025-02-20)
2025-02-20T08:30:04.045000+00:00,2025-02-20T00:00:00+00:00,OMUSDT,unknown,Updates on the Leverage & Margin Tiers of Multiple USDⓈ-M Perpetual Contracts (2025-02-20)
2025-02-19T08:30:05.131000+00:00,2025-02-19T00:00:00+00:00,1000FLOKIUSDT,unknown,Updates on the Leverage & Margin Tiers of Multiple USDⓈ-M Perpetual Contracts (2025-02-19)
2025-02-19T08:30:05.131000+00:00,2025-02-19T00:00:00+00:00,BADGERUSDT,unknown,Updates on the Leverage & Margin Tiers of Multiple USDⓈ-M Perpetual Contracts (2025-02-19)
2025-02-19T08:30:05.131000+00:00,2025-02-19T00:00:00+00:00,BNXUSDT,unknown,Updates on the Leverage & Margin Tiers of Multiple USDⓈ-M Perpetual Contracts (2025-02-19)
2025-02-19T08:30:05.131000+00:00,2025-02-19T00:00:00+00:00,BOMEUSDT,unknown,Updates on the Leverage & Margin Tiers of Multiple USDⓈ-M Perpetual Contracts (2025-02-19)
2025-02-19T08:30:05.131000+00:00,2025-02-19T00:00:00+00:00,GOATUSDT,unknown,Updates on the Leverage & Margin Tiers of Multiple USDⓈ-M Perpetual Contracts (2025-02-19)
2025-02-19T08:30:05.131000+00:00,2025-02-19T00:00:00+00:00,OMUSDT,unknown,Updates on the Leverage & Margin Tiers of Multiple USDⓈ-M Perpetual Contracts (2025-02-19)
2025-02-18T08:30:02.294000+00:00,2025-02-18T00:00:00+00:00,AMBUSDT,unknown,Updates on the Leverage & Margin Tiers of Multiple USDⓈ-M Perpetual Contracts (2025-02-18)
2025-02-18T08:30:02.294000+00:00,2025-02-18T00:00:00+00:00,BNXUSDT,unknown,Updates on the Leverage & Margin Tiers of Multiple USDⓈ-M Perpetual Contracts (2025-02-18)
2025-02-18T08:30:02.294000+00:00,2025-02-18T00:00:00+00:00,ETCUSDT,unknown,Updates on the Leverage & Margin Tiers of Multiple USDⓈ-M Perpetual Contracts (2025-02-18)
2025-02-18T08:30:02.294000+00:00,2025-02-18T00:00:00+00:00,MKRUSDT,unknown,Updates on the Leverage & Margin Tiers of Multiple USDⓈ-M Perpetual Contracts (2025-02-18)
2025-02-18T08:30:02.294000+00:00,2025-02-18T00:00:00+00:00,OMUSDT,unknown,Updates on the Leverage & Margin Tiers of Multiple USDⓈ-M Perpetual Contracts (2025-02-18)
2025-02-18T08:30:02.294000+00:00,2025-02-18T00:00:00+00:00,STMXUSDT,unknown,Updates on the Leverage & Margin Tiers of Multiple USDⓈ-M Perpetual Contracts (2025-02-18)
2025-02-18T08:30:02.294000+00:00,2025-02-18T00:00:00+00:00,TIAUSDT,unknown,Updates on the Leverage & Margin Tiers of Multiple USDⓈ-M Perpetual Contracts (2025-02-18)
2025-02-17T17:06:38.149000+00:00,2025-02-17T00:00:00+00:00,BNXUSDT,unknown,Updates on the Leverage & Margin Tiers of Multiple USDⓈ-M Perpetual Contracts (2025-02-17)
2025-02-17T17:06:38.149000+00:00,2025-02-17T00:00:00+00:00,NEIROUSDT,unknown,Updates on the Leverage & Margin Tiers of Multiple USDⓈ-M Perpetual Contracts (2025-02-17)
2025-02-17T17:06:38.149000+00:00,2025-02-17T00:00:00+00:00,OMUSDT,unknown,Updates on the Leverage & Margin Tiers of Multiple USDⓈ-M Perpetual Contracts (2025-02-17)
2025-02-17T17:06:38.149000+00:00,2025-02-17T00:00:00+00:00,PNUTUSDT,unknown,Updates on the Leverage & Margin Tiers of Multiple USDⓈ-M Perpetual Contracts (2025-02-17)
2025-02-17T08:40:16.908000+00:00,2025-02-17T00:00:00+00:00,ACTUSDT,unknown,Updates on the Leverage & Margin Tiers of Multiple USDⓈ-M Perpetual Contracts (2025-02-17)
2025-02-17T08:40:16.908000+00:00,2025-02-17T00:00:00+00:00,APTUSDT,unknown,Updates on the Leverage & Margin Tiers of Multiple USDⓈ-M Perpetual Contracts (2025-02-17)
2025-02-17T08:40:16.908000+00:00,2025-02-17T00:00:00+00:00,RUNEUSDT,unknown,Updates on the Leverage & Margin Tiers of Multiple USDⓈ-M Perpetual Contracts (2025-02-17)
2025-02-12T04:30:22.748000+00:00,2025-02-12T00:00:00+00:00,LAYERUSDT,unknown,"Updates on Leverage, Margin Tiers, and Funding Rate Settlement Frequency of USDⓈ-M LAYERUSDT Perpetual Contract (2025-02-12)"
2025-02-09T12:02:48.972000+00:00,2025-02-09T00:00:00+00:00,BNXUSDT,unknown,"Updates on Leverage, Margin Tiers, and Funding Rate Settlement Frequency of USDⓈ-M BNXUSDT Perpetual Contract (2025-02-09)"
2025-02-05T09:00:11.403000+00:00,2025-02-05T00:00:00+00:00,1000SATSUSDT,unknown,Updates on the Leverage & Margin Tiers of Multiple USDⓈ-M Perpetual Contracts (2025-02-05)
2025-02-05T09:00:11.403000+00:00,2025-02-05T00:00:00+00:00,ACTUSDT,unknown,Updates on the Leverage & Margin Tiers of Multiple USDⓈ-M Perpetual Contracts (2025-02-05)
2025-02-05T09:00:11.403000+00:00,2025-02-05T00:00:00+00:00,APEUSDT,unknown,Updates on the Leverage & Margin Tiers of Multiple USDⓈ-M Perpetual Contracts (2025-02-05)
2025-02-05T09:00:11.403000+00:00,2025-02-05T00:00:00+00:00,CFXUSDT,unknown,Updates on the Leverage & Margin Tiers of Multiple USDⓈ-M Perpetual Contracts (2025-02-05)
2025-02-05T09:00:11.403000+00:00,2025-02-05T00:00:00+00:00,DOGSUSDT,unknown,Updates on the Leverage & Margin Tiers of Multiple USDⓈ-M Perpetual Contracts (2025-02-05)
2025-02-05T09:00:11.403000+00:00,2025-02-05T00:00:00+00:00,MEWUSDT,unknown,Updates on the Leverage & Margin Tiers of Multiple USDⓈ-M Perpetual Contracts (2025-02-05)
2025-02-05T09:00:11.403000+00:00,2025-02-05T00:00:00+00:00,NEARUSDT,unknown,Updates on the Leverage & Margin Tiers of Multiple USDⓈ-M Perpetual Contracts (2025-02-05)
2025-02-05T09:00:11.403000+00:00,2025-02-05T00:00:00+00:00,NOTUSDT,unknown,Updates on the Leverage & Margin Tiers of Multiple USDⓈ-M Perpetual Contracts (2025-02-05)
2025-02-05T09:00:11.403000+00:00,2025-02-05T00:00:00+00:00,PEOPLEUSDT,unknown,Updates on the Leverage & Margin Tiers of Multiple USDⓈ-M Perpetual Contracts (2025-02-05)
2025-02-05T09:00:11.403000+00:00,2025-02-05T00:00:00+00:00,RUNEUSDT,unknown,Updates on the Leverage & Margin Tiers of Multiple USDⓈ-M Perpetual Contracts (2025-02-05)
2025-02-05T09:00:11.403000+00:00,2025-02-05T00:00:00+00:00,SEIUSDT,unknown,Updates on the Leverage & Margin Tiers of Multiple USDⓈ-M Perpetual Contracts (2025-02-05)
2025-02-05T09:00:11.403000+00:00,2025-02-05T00:00:00+00:00,THETAUSDT,unknown,Updates on the Leverage & Margin Tiers of Multiple USDⓈ-M Perpetual Contracts (2025-02-05)
2025-02-05T09:00:11.403000+00:00,2025-02-05T00:00:00+00:00,TURBOUSDT,unknown,Updates on the Leverage & Margin Tiers of Multiple USDⓈ-M Perpetual Contracts (2025-02-05)
2025-02-04T09:00:03.993000+00:00,2025-02-04T00:00:00+00:00,1000000MOGUSDT,unknown,Updates on the Leverage & Margin Tiers of Multiple USDⓈ-M Perpetual Contracts (2025-02-04)
2025-02-04T09:00:03.993000+00:00,2025-02-04T00:00:00+00:00,1000WHYUSDT,unknown,Updates on the Leverage & Margin Tiers of Multiple USDⓈ-M Perpetual Contracts (2025-02-04)
2025-02-04T09:00:03.993000+00:00,2025-02-04T00:00:00+00:00,1000XUSDT,unknown,Updates on the Leverage & Margin Tiers of Multiple USDⓈ-M Perpetual Contracts (2025-02-04)
2025-02-04T09:00:03.993000+00:00,2025-02-04T00:00:00+00:00,AEROUSDT,unknown,Updates on the Leverage & Margin Tiers of Multiple USDⓈ-M Perpetual Contracts (2025-02-04)
2025-02-04T09:00:03.993000+00:00,2025-02-04T00:00:00+00:00,ALCHUSDT,unknown,Updates on the Leverage & Margin Tiers of Multiple USDⓈ-M Perpetual Contracts (2025-02-04)
2025-02-04T09:00:03.993000+00:00,2025-02-04T00:00:00+00:00,ETHWUSDT,unknown,Updates on the Leverage & Margin Tiers of Multiple USDⓈ-M Perpetual Contracts (2025-02-04)
2025-02-04T09:00:03.993000+00:00,2025-02-04T00:00:00+00:00,GRIFFAINUSDT,unknown,Updates on the Leverage & Margin Tiers of Multiple USDⓈ-M Perpetual Contracts (2025-02-04)
2025-02-04T09:00:03.993000+00:00,2025-02-04T00:00:00+00:00,KMNOUSDT,unknown,Updates on the Leverage & Margin Tiers of Multiple USDⓈ-M Perpetual Contracts (2025-02-04)
2025-02-04T09:00:03.993000+00:00,2025-02-04T00:00:00+00:00,MORPHOUSDT,unknown,Updates on the Leverage & Margin Tiers of Multiple USDⓈ-M Perpetual Contracts (2025-02-04)
2025-02-04T09:00:03.993000+00:00,2025-02-04T00:00:00+00:00,PONKEUSDT,unknown,Updates on the Leverage & Margin Tiers of Multiple USDⓈ-M Perpetual Contracts (2025-02-04)
2025-02-04T09:00:03.993000+00:00,2025-02-04T00:00:00+00:00,SLERFUSDT,unknown,Updates on the Leverage & Margin Tiers of Multiple USDⓈ-M Perpetual Contracts (2025-02-04)
2025-02-04T09:00:03.993000+00:00,2025-02-04T00:00:00+00:00,SWARMSUSDT,unknown,Updates on the Leverage & Margin Tiers of Multiple USDⓈ-M Perpetual Contracts (2025-02-04)
2025-02-04T09:00:03.993000+00:00,2025-02-04T00:00:00+00:00,SWELLUSDT,unknown,Updates on the Leverage & Margin Tiers of Multiple USDⓈ-M Perpetual Contracts (2025-02-04)
2025-01-26T10:36:14.932000+00:00,2025-01-26T00:00:00+00:00,OMUSDT,unknown,Updates on the Leverage & Margin Tiers of of USDⓈ-M OMUSDT Perpetual Contract (2025-01-26)
2025-01-25T14:53:57.417000+00:00,2025-01-25T00:00:00+00:00,BANUSDT,unknown,"Updates on Leverage, Margin Tiers, and Funding Rate Settlement Frequency of USDⓈ-M BANUSDT Perpetual Contract (2025-01-25)"
2025-01-22T08:30:10.095000+00:00,2025-01-22T00:00:00+00:00,LITUSDT,unknown,Updates on the Leverage & Margin Tiers of Multiple USDⓈ-M and COIN-M Perpetual Contracts (2025-01-22)
2025-01-22T08:30:10.095000+00:00,2025-01-22T00:00:00+00:00,NEIROETHUSDT,unknown,Updates on the Leverage & Margin Tiers of Multiple USDⓈ-M and COIN-M Perpetual Contracts (2025-01-22)
2025-01-22T08:30:10.095000+00:00,2025-01-22T00:00:00+00:00,TRUMPUSDT,unknown,Updates on the Leverage & Margin Tiers of Multiple USDⓈ-M and COIN-M Perpetual Contracts (2025-01-22)
2025-01-20T09:00:14.221000+00:00,2025-01-20T00:00:00+00:00,1000RATSUSDT,unknown,Updates on the Leverage & Margin Tiers of Multiple USDⓈ-M Perpetual Contracts (2025-01-20)
2025-01-20T09:00:14.221000+00:00,2025-01-20T00:00:00+00:00,AGLDUSDT,unknown,Updates on the Leverage & Margin Tiers of Multiple USDⓈ-M Perpetual Contracts (2025-01-20)
2025-01-20T09:00:14.221000+00:00,2025-01-20T00:00:00+00:00,BANUSDT,unknown,Updates on the Leverage & Margin Tiers of Multiple USDⓈ-M Perpetual Contracts (2025-01-20)
2025-01-20T09:00:14.221000+00:00,2025-01-20T00:00:00+00:00,BRETTUSDT,unknown,Updates on the Leverage & Margin Tiers of Multiple USDⓈ-M Perpetual Contracts (2025-01-20)
2025-01-20T09:00:14.221000+00:00,2025-01-20T00:00:00+00:00,DEGENUSDT,unknown,Updates on the Leverage & Margin Tiers of Multiple USDⓈ-M Perpetual Contracts (2025-01-20)
2025-01-20T09:00:14.221000+00:00,2025-01-20T00:00:00+00:00,ENSUSDT,unknown,Updates on the Leverage & Margin Tiers of Multiple USDⓈ-M Perpetual Contracts (2025-01-20)
2025-01-20T09:00:14.221000+00:00,2025-01-20T00:00:00+00:00,GASUSDT,unknown,Updates on the Leverage & Margin Tiers of Multiple USDⓈ-M Perpetual Contracts (2025-01-20)
2025-01-20T09:00:14.221000+00:00,2025-01-20T00:00:00+00:00,GRASSUSDT,unknown,Updates on the Leverage & Margin Tiers of Multiple USDⓈ-M Perpetual Contracts (2025-01-20)
2025-01-20T09:00:14.221000+00:00,2025-01-20T00:00:00+00:00,HIPPOUSDT,unknown,Updates on the Leverage & Margin Tiers of Multiple USDⓈ-M Perpetual Contracts (2025-01-20)
2025-01-20T09:00:14.221000+00:00,2025-01-20T00:00:00+00:00,IOTAUSDT,unknown,Updates on the Leverage & Margin Tiers of Multiple USDⓈ-M Perpetual Contracts (2025-01-20)
2025-01-20T09:00:14.221000+00:00,2025-01-20T00:00:00+00:00,LITUSDT,unknown,Updates on the Leverage & Margin Tiers of Multiple USDⓈ-M Perpetual Contracts (2025-01-20)
2025-01-20T09:00:14.221000+00:00,2025-01-20T00:00:00+00:00,MYROUSDT,unknown,Updates on the Leverage & Margin Tiers of Multiple USDⓈ-M Perpetual Contracts (2025-01-20)
2025-01-20T09:00:14.221000+00:00,2025-01-20T00:00:00+00:00,SPXUSDT,unknown,Updates on the Leverage & Margin Tiers of Multiple USDⓈ-M Perpetual Contracts (2025-01-20)
2025-01-20T09:00:14.221000+00:00,2025-01-20T00:00:00+00:00,STXUSDT,unknown,Updates on the Leverage & Margin Tiers of Multiple USDⓈ-M Perpetual Contracts (2025-01-20)
2025-01-20T09:00:14.221000+00:00,2025-01-20T00:00:00+00:00,TOKENUSDT,unknown,Updates on the Leverage & Margin Tiers of Multiple USDⓈ-M Perpetual Contracts (2025-01-20)
2025-01-20T09:00:14.221000+00:00,2025-01-20T00:00:00+00:00,XMRUSDT,unknown,Updates on the Leverage & Margin Tiers of Multiple USDⓈ-M Perpetual Contracts (2025-01-20)
2025-01-15T09:30:03.217000+00:00,2025-01-15T00:00:00+00:00,1000CHEEMSUSDT,unknown,Updates on the Leverage & Margin Tiers of Multiple USDⓈ-M Perpetual Contracts (2025-01-15)
2025-01-15T09:30:03.217000+00:00,2025-01-15T00:00:00+00:00,AI16ZUSDT,unknown,Updates on the Leverage & Margin Tiers of Multiple USDⓈ-M Perpetual Contracts (2025-01-15)
2025-01-15T09:30:03.217000+00:00,2025-01-15T00:00:00+00:00,CHILLGUYUSDT,unknown,Updates on the Leverage & Margin Tiers of Multiple USDⓈ-M Perpetual Contracts (2025-01-15)
2025-01-15T09:30:03.217000+00:00,2025-01-15T00:00:00+00:00,FARTCOINUSDT,unknown,Updates on the Leverage & Margin Tiers of Multiple USDⓈ-M Perpetual Contracts (2025-01-15)
2025-01-15T09:30:03.217000+00:00,2025-01-15T00:00:00+00:00,GOATUSDT,unknown,Updates on the Leverage & Margin Tiers of Multiple USDⓈ-M Perpetual Contracts (2025-01-15)
2025-01-15T09:30:03.217000+00:00,2025-01-15T00:00:00+00:00,KASUSDT,unknown,Updates on the Leverage & Margin Tiers of Multiple USDⓈ-M Perpetual Contracts (2025-01-15)
2025-01-15T09:30:03.217000+00:00,2025-01-15T00:00:00+00:00,KOMAUSDT,unknown,Updates on the Leverage & Margin Tiers of Multiple USDⓈ-M Perpetual Contracts (2025-01-15)
2025-01-15T09:30:03.217000+00:00,2025-01-15T00:00:00+00:00,MOODENGUSDT,unknown,Updates on the Leverage & Margin Tiers of Multiple USDⓈ-M Perpetual Contracts (2025-01-15)
2025-01-15T09:30:03.217000+00:00,2025-01-15T00:00:00+00:00,POPCATUSDT,unknown,Updates on the Leverage & Margin Tiers of Multiple USDⓈ-M Perpetual Contracts (2025-01-15)
2025-01-15T09:30:03.217000+00:00,2025-01-15T00:00:00+00:00,REIUSDT,unknown,Updates on the Leverage & Margin Tiers of Multiple USDⓈ-M Perpetual Contracts (2025-01-15)
2025-01-15T09:30:03.217000+00:00,2025-01-15T00:00:00+00:00,VIRTUALUSDT,unknown,Updates on the Leverage & Margin Tiers of Multiple USDⓈ-M Perpetual Contracts (2025-01-15)
2025-01-15T09:30:03.217000+00:00,2025-01-15T00:00:00+00:00,ZEREBROUSDT,unknown,Updates on the Leverage & Margin Tiers of Multiple USDⓈ-M Perpetual Contracts (2025-01-15)
2025-01-08T09:00:30.795000+00:00,2025-01-08T00:00:00+00:00,AGLDUSDT,unknown,Updates on the Leverage & Margin Tiers of Multiple USDⓈ-M Perpetual Contracts (2025-01-08)
2025-01-08T09:00:30.795000+00:00,2025-01-08T00:00:00+00:00,AI16ZUSDT,unknown,Updates on the Leverage & Margin Tiers of Multiple USDⓈ-M Perpetual Contracts (2025-01-08)
2025-01-08T09:00:30.795000+00:00,2025-01-08T00:00:00+00:00,AIXBTUSDT,unknown,Updates on the Leverage & Margin Tiers of Multiple USDⓈ-M Perpetual Contracts (2025-01-08)
2025-01-08T09:00:30.795000+00:00,2025-01-08T00:00:00+00:00,ALPACAUSDT,unknown,Updates on the Leverage & Margin Tiers of Multiple USDⓈ-M Perpetual Contracts (2025-01-08)
2025-01-08T09:00:30.795000+00:00,2025-01-08T00:00:00+00:00,FARTCOINUSDT,unknown,Updates on the Leverage & Margin Tiers of Multiple USDⓈ-M Perpetual Contracts (2025-01-08)
2025-01-08T09:00:30.795000+00:00,2025-01-08T00:00:00+00:00,MASKUSDT,unknown,Updates on the Leverage & Margin Tiers of Multiple USDⓈ-M Perpetual Contracts (2025-01-08)
2025-01-08T09:00:30.795000+00:00,2025-01-08T00:00:00+00:00,PENGUUSDT,unknown,Updates on the Leverage & Margin Tiers of Multiple USDⓈ-M Perpetual Contracts (2025-01-08)
2025-01-08T09:00:30.795000+00:00,2025-01-08T00:00:00+00:00,VIRTUALUSDT,unknown,Updates on the Leverage & Margin Tiers of Multiple USDⓈ-M Perpetual Contracts (2025-01-08)
2024-12-25T09:00:03.134000+00:00,2024-12-25T00:00:00+00:00,MOCAUSDT,unknown,Updates on the Leverage & Margin Tiers of Multiple USDⓈ-M Perpetual Contracts (2024-12-25)
2024-12-25T09:00:03.134000+00:00,2024-12-25T00:00:00+00:00,PENGUUSDT,unknown,Updates on the Leverage & Margin Tiers of Multiple USDⓈ-M Perpetual Contracts (2024-12-25)
2024-12-25T09:00:03.134000+00:00,2024-12-25T00:00:00+00:00,USUALUSDT,unknown,Updates on the Leverage & Margin Tiers of Multiple USDⓈ-M Perpetual Contracts (2024-12-25)
2024-12-25T09:00:03.134000+00:00,2024-12-25T00:00:00+00:00,VANAUSDT,unknown,Updates on the Leverage & Margin Tiers of Multiple USDⓈ-M Perpetual Contracts (2024-12-25)
2024-12-25T09:00:03.134000+00:00,2024-12-25T00:00:00+00:00,VIRTUALUSDT,unknown,Updates on the Leverage & Margin Tiers of Multiple USDⓈ-M Perpetual Contracts (2024-12-25)
2024-12-25T09:00:03.134000+00:00,2024-12-25T00:00:00+00:00,ZENUSDT,unknown,Updates on the Leverage & Margin Tiers of Multiple USDⓈ-M Perpetual Contracts (2024-12-25)
2024-12-19T08:30:12.271000+00:00,2024-12-19T00:00:00+00:00,CAKEUSDT,unknown,Updates on the Leverage & Margin Tiers of Multiple USDⓈ-M Perpetual Contracts (2024-12-19)
2024-12-19T08:30:12.271000+00:00,2024-12-19T00:00:00+00:00,DARUSDT,unknown,Updates on the Leverage & Margin Tiers of Multiple USDⓈ-M Perpetual Contracts (2024-12-19)
2024-12-19T08:30:12.271000+00:00,2024-12-19T00:00:00+00:00,IOTAUSDT,unknown,Updates on the Leverage & Margin Tiers of Multiple USDⓈ-M Perpetual Contracts (2024-12-19)
2024-12-19T08:30:12.271000+00:00,2024-12-19T00:00:00+00:00,LPTUSDT,unknown,Updates on the Leverage & Margin Tiers of Multiple USDⓈ-M Perpetual Contracts (2024-12-19)
2024-12-19T08:30:12.271000+00:00,2024-12-19T00:00:00+00:00,MEUSDT,unknown,Updates on the Leverage & Margin Tiers of Multiple USDⓈ-M Perpetual Contracts (2024-12-19)
2024-12-19T08:30:12.271000+00:00,2024-12-19T00:00:00+00:00,ONEUSDT,unknown,Updates on the Leverage & Margin Tiers of Multiple USDⓈ-M Perpetual Contracts (2024-12-19)
2024-12-19T08:30:12.271000+00:00,2024-12-19T00:00:00+00:00,ZENUSDT,unknown,Updates on the Leverage & Margin Tiers of Multiple USDⓈ-M Perpetual Contracts (2024-12-19)
2024-12-17T10:00:03.506000+00:00,2024-12-17T00:00:00+00:00,ENSUSDT,unknown,Updates on the Leverage & Margin Tiers of Multiple USDⓈ-M Perpetual Contracts (2024-12-17)
2024-12-17T10:00:03.506000+00:00,2024-12-17T00:00:00+00:00,HBARUSDT,unknown,Updates on the Leverage & Margin Tiers of Multiple USDⓈ-M Perpetual Contracts (2024-12-17)
2024-12-17T10:00:03.506000+00:00,2024-12-17T00:00:00+00:00,MOVEUSDT,unknown,Updates on the Leverage & Margin Tiers of Multiple USDⓈ-M Perpetual Contracts (2024-12-17)
2024-12-17T10:00:03.506000+00:00,2024-12-17T00:00:00+00:00,ONDOUSDT,unknown,Updates on the Leverage & Margin Tiers of Multiple USDⓈ-M Perpetual Contracts (2024-12-17)
2024-12-17T10:00:03.506000+00:00,2024-12-17T00:00:00+00:00,SANDUSDT,unknown,Updates on the Leverage & Margin Tiers of Multiple USDⓈ-M Perpetual Contracts (2024-12-17)
2024-12-17T10:00:03.506000+00:00,2024-12-17T00:00:00+00:00,VETUSDT,unknown,Updates on the Leverage & Margin Tiers of Multiple USDⓈ-M Perpetual Contracts (2024-12-17)
2024-12-12T09:30:04.368000+00:00,2024-12-12T00:00:00+00:00,1000SHIBUSDT,unknown,Updates on the Leverage & Margin Tiers of Multiple USDⓈ-M Perpetual Contracts (2024-12-12)
2024-12-12T09:30:04.368000+00:00,2024-12-12T00:00:00+00:00,BCHUSDT,unknown,Updates on the Leverage & Margin Tiers of Multiple USDⓈ-M Perpetual Contracts (2024-12-12)
2024-12-12T09:30:04.368000+00:00,2024-12-12T00:00:00+00:00,FTMUSDT,unknown,Updates on the Leverage & Margin Tiers of Multiple USDⓈ-M Perpetual Contracts (2024-12-12)
2024-12-12T09:30:04.368000+00:00,2024-12-12T00:00:00+00:00,LINKUSDT,unknown,Updates on the Leverage & Margin Tiers of Multiple USDⓈ-M Perpetual Contracts (2024-12-12)
2024-12-12T09:30:04.368000+00:00,2024-12-12T00:00:00+00:00,LTCUSDT,unknown,Updates on the Leverage & Margin Tiers of Multiple USDⓈ-M Perpetual Contracts (2024-12-12)
2024-12-12T09:30:04.368000+00:00,2024-12-12T00:00:00+00:00,PNUTUSDT,unknown,Updates on the Leverage & Margin Tiers of Multiple USDⓈ-M Perpetual Contracts (2024-12-12)
2024-12-12T09:30:04.368000+00:00,2024-12-12T00:00:00+00:00,WLDUSDT,unknown,Updates on the Leverage & Margin Tiers of Multiple USDⓈ-M Perpetual Contracts (2024-12-12)
2024-12-11T09:15:04.328000+00:00,2024-12-11T00:00:00+00:00,ACXUSDT,unknown,Updates on the Leverage & Margin Tiers of Multiple USDⓈ-M Perpetual Contracts (2024-12-11)
2024-12-11T09:15:04.328000+00:00,2024-12-11T00:00:00+00:00,BLZUSDT,unknown,Updates on the Leverage & Margin Tiers of Multiple USDⓈ-M Perpetual Contracts (2024-12-11)
2024-12-11T09:15:04.328000+00:00,2024-12-11T00:00:00+00:00,BRETTUSDT,unknown,Updates on the Leverage & Margin Tiers of Multiple USDⓈ-M Perpetual Contracts (2024-12-11)
2024-12-11T09:15:04.328000+00:00,2024-12-11T00:00:00+00:00,CHILLGUYUSDT,unknown,Updates on the Leverage & Margin Tiers of Multiple USDⓈ-M Perpetual Contracts (2024-12-11)
2024-12-11T09:15:04.328000+00:00,2024-12-11T00:00:00+00:00,CRVUSDT,unknown,Updates on the Leverage & Margin Tiers of Multiple USDⓈ-M Perpetual Contracts (2024-12-11)
2024-12-11T09:15:04.328000+00:00,2024-12-11T00:00:00+00:00,DASHUSDT,unknown,Updates on the Leverage & Margin Tiers of Multiple USDⓈ-M Perpetual Contracts (2024-12-11)
2024-12-11T09:15:04.328000+00:00,2024-12-11T00:00:00+00:00,FTMUSDT,unknown,Updates on the Leverage & Margin Tiers of Multiple USDⓈ-M Perpetual Contracts (2024-12-11)
2024-12-11T09:15:04.328000+00:00,2024-12-11T00:00:00+00:00,INJUSDT,unknown,Updates on the Leverage & Margin Tiers of Multiple USDⓈ-M Perpetual Contracts (2024-12-11)
2024-12-11T09:15:04.328000+00:00,2024-12-11T00:00:00+00:00,ZRXUSDT,unknown,Updates on the Leverage & Margin Tiers of Multiple USDⓈ-M Perpetual Contracts (2024-12-11)
2024-12-06T09:00:08.997000+00:00,2024-12-06T00:00:00+00:00,1000BONKUSDT,unknown,Updates on the Leverage & Margin Tiers of Multiple USDⓈ-M and COIN-M Perpetual Contracts (2024-12-06)
2024-12-06T09:00:08.997000+00:00,2024-12-06T00:00:00+00:00,ARBUSDT,unknown,Updates on the Leverage & Margin Tiers of Multiple USDⓈ-M and COIN-M Perpetual Contracts (2024-12-06)
2024-12-06T09:00:08.997000+00:00,2024-12-06T00:00:00+00:00,FETUSDT,unknown,Updates on the Leverage & Margin Tiers of Multiple USDⓈ-M and COIN-M Perpetual Contracts (2024-12-06)
2024-12-06T09:00:08.997000+00:00,2024-12-06T00:00:00+00:00,FILUSDT,unknown,Updates on the Leverage & Margin Tiers of Multiple USDⓈ-M and COIN-M Perpetual Contracts (2024-12-06)
2024-12-06T09:00:08.997000+00:00,2024-12-06T00:00:00+00:00,FTMUSDT,unknown,Updates on the Leverage & Margin Tiers of Multiple USDⓈ-M and COIN-M Perpetual Contracts (2024-12-06)
2024-12-06T09:00:08.997000+00:00,2024-12-06T00:00:00+00:00,GRASSUSDT,unknown,Updates on the Leverage & Margin Tiers of Multiple USDⓈ-M and COIN-M Perpetual Contracts (2024-12-06)
2024-12-06T09:00:08.997000+00:00,2024-12-06T00:00:00+00:00,HBARUSDT,unknown,Updates on the Leverage & Margin Tiers of Multiple USDⓈ-M and COIN-M Perpetual Contracts (2024-12-06)
2024-12-06T09:00:08.997000+00:00,2024-12-06T00:00:00+00:00,SEIUSDT,unknown,Updates on the Leverage & Margin Tiers of Multiple USDⓈ-M and COIN-M Perpetual Contracts (2024-12-06)
2024-12-06T09:00:08.997000+00:00,2024-12-06T00:00:00+00:00,STXUSDT,unknown,Updates on the Leverage & Margin Tiers of Multiple USDⓈ-M and COIN-M Perpetual Contracts (2024-12-06)
2024-12-06T09:00:08.997000+00:00,2024-12-06T00:00:00+00:00,UNIUSDT,unknown,Updates on the Leverage & Margin Tiers of Multiple USDⓈ-M and COIN-M Perpetual Contracts (2024-12-06)
2024-12-05T09:00:04.331000+00:00,2024-12-05T00:00:00+00:00,ACTUSDT,unknown,Updates on the Leverage & Margin Tiers of Multiple USDⓈ-M Perpetual Contracts (2024-12-05)
2024-12-05T09:00:04.331000+00:00,2024-12-05T00:00:00+00:00,ALGOUSDT,unknown,Updates on the Leverage & Margin Tiers of Multiple USDⓈ-M Perpetual Contracts (2024-12-05)
2024-12-05T09:00:04.331000+00:00,2024-12-05T00:00:00+00:00,AVAXUSDT,unknown,Updates on the Leverage & Margin Tiers of Multiple USDⓈ-M Perpetual Contracts (2024-12-05)
2024-12-05T09:00:04.331000+00:00,2024-12-05T00:00:00+00:00,BANUSDT,unknown,Updates on the Leverage & Margin Tiers of Multiple USDⓈ-M Perpetual Contracts (2024-12-05)
2024-12-05T09:00:04.331000+00:00,2024-12-05T00:00:00+00:00,BONDUSDT,unknown,Updates on the Leverage & Margin Tiers of Multiple USDⓈ-M Perpetual Contracts (2024-12-05)
2024-12-05T09:00:04.331000+00:00,2024-12-05T00:00:00+00:00,ETHFIUSDT,unknown,Updates on the Leverage & Margin Tiers of Multiple USDⓈ-M Perpetual Contracts (2024-12-05)
2024-12-05T09:00:04.331000+00:00,2024-12-05T00:00:00+00:00,MAVIAUSDT,unknown,Updates on the Leverage & Margin Tiers of Multiple USDⓈ-M Perpetual Contracts (2024-12-05)
2024-12-05T09:00:04.331000+00:00,2024-12-05T00:00:00+00:00,NEARUSDT,unknown,Updates on the Leverage & Margin Tiers of Multiple USDⓈ-M Perpetual Contracts (2024-12-05)
2024-12-05T09:00:04.331000+00:00,2024-12-05T00:00:00+00:00,OMGUSDT,unknown,Updates on the Leverage & Margin Tiers of Multiple USDⓈ-M Perpetual Contracts (2024-12-05)
2024-12-05T09:00:04.331000+00:00,2024-12-05T00:00:00+00:00,ORBSUSDT,unknown,Updates on the Leverage & Margin Tiers of Multiple USDⓈ-M Perpetual Contracts (2024-12-05)
2024-12-05T09:00:04.331000+00:00,2024-12-05T00:00:00+00:00,PNUTUSDT,unknown,Updates on the Leverage & Margin Tiers of Multiple USDⓈ-M Perpetual Contracts (2024-12-05)
2024-12-05T09:00:04.331000+00:00,2024-12-05T00:00:00+00:00,THEUSDT,unknown,Updates on the Leverage & Margin Tiers of Multiple USDⓈ-M Perpetual Contracts (2024-12-05)
2024-12-05T09:00:04.331000+00:00,2024-12-05T00:00:00+00:00,XLMUSDT,unknown,Updates on the Leverage & Margin Tiers of Multiple USDⓈ-M Perpetual Contracts (2024-12-05)
2024-11-28T09:00:03.575000+00:00,2024-11-28T00:00:00+00:00,CHRUSDT,unknown,Updates on the Leverage & Margin Tiers of Multiple USDⓈ-M Perpetual Contracts (2024-11-28)
2024-11-28T09:00:03.575000+00:00,2024-11-28T00:00:00+00:00,JOEUSDT,unknown,Updates on the Leverage & Margin Tiers of Multiple USDⓈ-M Perpetual Contracts (2024-11-28)
2024-11-28T09:00:03.575000+00:00,2024-11-28T00:00:00+00:00,LOOMUSDT,unknown,Updates on the Leverage & Margin Tiers of Multiple USDⓈ-M Perpetual Contracts (2024-11-28)
2024-11-28T09:00:03.575000+00:00,2024-11-28T00:00:00+00:00,LUNA2USDT,unknown,Updates on the Leverage & Margin Tiers of Multiple USDⓈ-M Perpetual Contracts (2024-11-28)
2024-11-28T09:00:03.575000+00:00,2024-11-28T00:00:00+00:00,ORBSUSDT,unknown,Updates on the Leverage & Margin Tiers of Multiple USDⓈ-M Perpetual Contracts (2024-11-28)
2024-11-28T09:00:03.575000+00:00,2024-11-28T00:00:00+00:00,QNTUSDT,unknown,Updates on the Leverage & Margin Tiers of Multiple USDⓈ-M Perpetual Contracts (2024-11-28)
2024-11-28T09:00:03.575000+00:00,2024-11-28T00:00:00+00:00,XEMUSDT,unknown,Updates on the Leverage & Margin Tiers of Multiple USDⓈ-M Perpetual Contracts (2024-11-28)
2024-11-19T08:00:03.182000+00:00,2024-11-19T00:00:00+00:00,1000BONKUSDT,unknown,Updates on the Leverage & Margin Tiers of Multiple USDⓈ-M Perpetual Contracts (2024-11-19)
2024-11-19T08:00:03.182000+00:00,2024-11-19T00:00:00+00:00,1000FLOKIUSDT,unknown,Updates on the Leverage & Margin Tiers of Multiple USDⓈ-M Perpetual Contracts (2024-11-19)
2024-11-19T08:00:03.182000+00:00,2024-11-19T00:00:00+00:00,1000SHIBUSDT,unknown,Updates on the Leverage & Margin Tiers of Multiple USDⓈ-M Perpetual Contracts (2024-11-19)
2024-11-19T08:00:03.182000+00:00,2024-11-19T00:00:00+00:00,ACTUSDT,unknown,Updates on the Leverage & Margin Tiers of Multiple USDⓈ-M Perpetual Contracts (2024-11-19)
2024-11-19T08:00:03.182000+00:00,2024-11-19T00:00:00+00:00,ADAUSDT,unknown,Updates on the Leverage & Margin Tiers of Multiple USDⓈ-M Perpetual Contracts (2024-11-19)
2024-11-19T08:00:03.182000+00:00,2024-11-19T00:00:00+00:00,GRASSUSDT,unknown,Updates on the Leverage & Margin Tiers of Multiple USDⓈ-M Perpetual Contracts (2024-11-19)
2024-11-19T08:00:03.182000+00:00,2024-11-19T00:00:00+00:00,HBARUSDT,unknown,Updates on the Leverage & Margin Tiers of Multiple USDⓈ-M Perpetual Contracts (2024-11-19)
2024-11-19T08:00:03.182000+00:00,2024-11-19T00:00:00+00:00,HIPPOUSDT,unknown,Updates on the Leverage & Margin Tiers of Multiple USDⓈ-M Perpetual Contracts (2024-11-19)
2024-11-19T08:00:03.182000+00:00,2024-11-19T00:00:00+00:00,PNUTUSDT,unknown,Updates on the Leverage & Margin Tiers of Multiple USDⓈ-M Perpetual Contracts (2024-11-19)
2024-11-19T08:00:03.182000+00:00,2024-11-19T00:00:00+00:00,PYTHUSDT,unknown,Updates on the Leverage & Margin Tiers of Multiple USDⓈ-M Perpetual Contracts (2024-11-19)
2024-11-19T08:00:03.182000+00:00,2024-11-19T00:00:00+00:00,RENDERUSDT,unknown,Updates on the Leverage & Margin Tiers of Multiple USDⓈ-M Perpetual Contracts (2024-11-19)
2024-11-19T08:00:03.182000+00:00,2024-11-19T00:00:00+00:00,RENUSDT,unknown,Updates on the Leverage & Margin Tiers of Multiple USDⓈ-M Perpetual Contracts (2024-11-19)
2024-11-13T09:00:37.844000+00:00,2024-11-13T00:00:00+00:00,AAVEUSDT,unknown,Updates on the Leverage & Margin Tiers of Multiple USDⓈ-M Perpetual Contracts (2024-11-13)
2024-11-13T09:00:37.844000+00:00,2024-11-13T00:00:00+00:00,ARKMUSDT,unknown,Updates on the Leverage & Margin Tiers of Multiple USDⓈ-M Perpetual Contracts (2024-11-13)
2024-11-13T09:00:37.844000+00:00,2024-11-13T00:00:00+00:00,COWUSDT,unknown,Updates on the Leverage & Margin Tiers of Multiple USDⓈ-M Perpetual Contracts (2024-11-13)
2024-11-13T09:00:37.844000+00:00,2024-11-13T00:00:00+00:00,DOGEUSDT,unknown,Updates on the Leverage & Margin Tiers of Multiple USDⓈ-M Perpetual Contracts (2024-11-13)
2024-11-13T09:00:37.844000+00:00,2024-11-13T00:00:00+00:00,DRIFTUSDT,unknown,Updates on the Leverage & Margin Tiers of Multiple USDⓈ-M Perpetual Contracts (2024-11-13)
2024-11-13T09:00:37.844000+00:00,2024-11-13T00:00:00+00:00,ENAUSDT,unknown,Updates on the Leverage & Margin Tiers of Multiple USDⓈ-M Perpetual Contracts (2024-11-13)
2024-11-13T09:00:37.844000+00:00,2024-11-13T00:00:00+00:00,GOATUSDT,unknown,Updates on the Leverage & Margin Tiers of Multiple USDⓈ-M Perpetual Contracts (2024-11-13)
2024-11-13T09:00:37.844000+00:00,2024-11-13T00:00:00+00:00,JUPUSDT,unknown,Updates on the Leverage & Margin Tiers of Multiple USDⓈ-M Perpetual Contracts (2024-11-13)
2024-11-13T09:00:37.844000+00:00,2024-11-13T00:00:00+00:00,MKRUSDT,unknown,Updates on the Leverage & Margin Tiers of Multiple USDⓈ-M Perpetual Contracts (2024-11-13)
2024-11-13T09:00:37.844000+00:00,2024-11-13T00:00:00+00:00,MOODENGUSDT,unknown,Updates on the Leverage & Margin Tiers of Multiple USDⓈ-M Perpetual Contracts (2024-11-13)
2024-11-13T09:00:37.844000+00:00,2024-11-13T00:00:00+00:00,PEOPLEUSDT,unknown,Updates on the Leverage & Margin Tiers of Multiple USDⓈ-M Perpetual Contracts (2024-11-13)
2024-11-13T09:00:37.844000+00:00,2024-11-13T00:00:00+00:00,TROYUSDT,unknown,Updates on the Leverage & Margin Tiers of Multiple USDⓈ-M Perpetual Contracts (2024-11-13)
2024-11-11T09:00:20.315000+00:00,2024-11-11T00:00:00+00:00,1000XECUSDT,unknown,Updates on the Leverage & Margin Tiers of Multiple USDⓈ-M Perpetual Contracts (2024-11-11)
2024-11-11T09:00:20.315000+00:00,2024-11-11T00:00:00+00:00,BICOUSDT,unknown,Updates on the Leverage & Margin Tiers of Multiple USDⓈ-M Perpetual Contracts (2024-11-11)
2024-11-11T09:00:20.315000+00:00,2024-11-11T00:00:00+00:00,COMPUSDT,unknown,Updates on the Leverage & Margin Tiers of Multiple USDⓈ-M Perpetual Contracts (2024-11-11)
2024-11-11T09:00:20.315000+00:00,2024-11-11T00:00:00+00:00,CTSIUSDT,unknown,Updates on the Leverage & Margin Tiers of Multiple USDⓈ-M Perpetual Contracts (2024-11-11)
2024-11-11T09:00:20.315000+00:00,2024-11-11T00:00:00+00:00,DUSKUSDT,unknown,Updates on the Leverage & Margin Tiers of Multiple USDⓈ-M Perpetual Contracts (2024-11-11)
2024-11-11T09:00:20.315000+00:00,2024-11-11T00:00:00+00:00,KEYUSDT,unknown,Updates on the Leverage & Margin Tiers of Multiple USDⓈ-M Perpetual Contracts (2024-11-11)
2024-11-11T09:00:20.315000+00:00,2024-11-11T00:00:00+00:00,MAVUSDT,unknown,Updates on the Leverage & Margin Tiers of Multiple USDⓈ-M Perpetual Contracts (2024-11-11)
2024-11-11T09:00:20.315000+00:00,2024-11-11T00:00:00+00:00,RENUSDT,unknown,Updates on the Leverage & Margin Tiers of Multiple USDⓈ-M Perpetual Contracts (2024-11-11)
2024-11-11T09:00:20.315000+00:00,2024-11-11T00:00:00+00:00,XVSUSDT,unknown,Updates on the Leverage & Margin Tiers of Multiple USDⓈ-M Perpetual Contracts (2024-11-11)
2024-11-07T09:00:06.274000+00:00,2024-11-07T00:00:00+00:00,ENSUSDT,unknown,Updates on the Leverage & Margin Tiers of Multiple USDⓈ-M Perpetual Contracts (2024-11-07)
2024-11-07T09:00:06.274000+00:00,2024-11-07T00:00:00+00:00,GOATUSDT,unknown,Updates on the Leverage & Margin Tiers of Multiple USDⓈ-M Perpetual Contracts (2024-11-07)
2024-11-07T09:00:06.274000+00:00,2024-11-07T00:00:00+00:00,JTOUSDT,unknown,Updates on the Leverage & Margin Tiers of Multiple USDⓈ-M Perpetual Contracts (2024-11-07)
2024-11-07T09:00:06.274000+00:00,2024-11-07T00:00:00+00:00,MOODENGUSDT,unknown,Updates on the Leverage & Margin Tiers of Multiple USDⓈ-M Perpetual Contracts (2024-11-07)
2024-11-07T09:00:06.274000+00:00,2024-11-07T00:00:00+00:00,POPCATUSDT,unknown,Updates on the Leverage & Margin Tiers of Multiple USDⓈ-M Perpetual Contracts (2024-11-07)
2024-11-07T09:00:06.274000+00:00,2024-11-07T00:00:00+00:00,PYTHUSDT,unknown,Updates on the Leverage & Margin Tiers of Multiple USDⓈ-M Perpetual Contracts (2024-11-07)
2024-11-07T09:00:06.274000+00:00,2024-11-07T00:00:00+00:00,SCRUSDT,unknown,Updates on the Leverage & Margin Tiers of Multiple USDⓈ-M Perpetual Contracts (2024-11-07)
2024-11-07T09:00:06.274000+00:00,2024-11-07T00:00:00+00:00,TIAUSDT,unknown,Updates on the Leverage & Margin Tiers of Multiple USDⓈ-M Perpetual Contracts (2024-11-07)
2024-11-07T09:00:06.274000+00:00,2024-11-07T00:00:00+00:00,TNSRUSDT,unknown,Updates on the Leverage & Margin Tiers of Multiple USDⓈ-M Perpetual Contracts (2024-11-07)
2024-11-07T09:00:06.274000+00:00,2024-11-07T00:00:00+00:00,XRPUSDT,unknown,Updates on the Leverage & Margin Tiers of Multiple USDⓈ-M Perpetual Contracts (2024-11-07)
2024-10-31T09:00:10.185000+00:00,2024-10-31T00:00:00+00:00,FLOWUSDT,unknown,Updates on the Leverage & Margin Tiers of Multiple USDⓈ-M Perpetual Contracts (2024-10-31)
2024-10-31T09:00:10.185000+00:00,2024-10-31T00:00:00+00:00,HOTUSDT,unknown,Updates on the Leverage & Margin Tiers of Multiple USDⓈ-M Perpetual Contracts (2024-10-31)
2024-10-31T09:00:10.185000+00:00,2024-10-31T00:00:00+00:00,IDUSDT,unknown,Updates on the Leverage & Margin Tiers of Multiple USDⓈ-M Perpetual Contracts (2024-10-31)
2024-10-31T09:00:10.185000+00:00,2024-10-31T00:00:00+00:00,MAGICUSDT,unknown,Updates on the Leverage & Margin Tiers of Multiple USDⓈ-M Perpetual Contracts (2024-10-31)
2024-10-31T09:00:10.185000+00:00,2024-10-31T00:00:00+00:00,SKLUSDT,unknown,Updates on the Leverage & Margin Tiers of Multiple USDⓈ-M Perpetual Contracts (2024-10-31)
2024-10-31T09:00:10.185000+00:00,2024-10-31T00:00:00+00:00,TRUUSDT,unknown,Updates on the Leverage & Margin Tiers of Multiple USDⓈ-M Perpetual Contracts (2024-10-31)
2024-10-28T09:00:03.024000+00:00,2024-10-28T00:00:00+00:00,1000CATUSDT,unknown,Updates on the Leverage & Margin Tiers of Multiple USDⓈ-M Perpetual Contracts (2024-10-28)
2024-10-28T09:00:03.024000+00:00,2024-10-28T00:00:00+00:00,APEUSDT,unknown,Updates on the Leverage & Margin Tiers of Multiple USDⓈ-M Perpetual Contracts (2024-10-28)
2024-10-28T09:00:03.024000+00:00,2024-10-28T00:00:00+00:00,ARBUSDT,unknown,Updates on the Leverage & Margin Tiers of Multiple USDⓈ-M Perpetual Contracts (2024-10-28)
2024-10-28T09:00:03.024000+00:00,2024-10-28T00:00:00+00:00,BIGTIMEUSDT,unknown,Updates on the Leverage & Margin Tiers of Multiple USDⓈ-M Perpetual Contracts (2024-10-28)
2024-10-28T09:00:03.024000+00:00,2024-10-28T00:00:00+00:00,DOGEUSDT,unknown,Updates on the Leverage & Margin Tiers of Multiple USDⓈ-M Perpetual Contracts (2024-10-28)
2024-10-28T09:00:03.024000+00:00,2024-10-28T00:00:00+00:00,MEMEUSDT,unknown,Updates on the Leverage & Margin Tiers of Multiple USDⓈ-M Perpetual Contracts (2024-10-28)
2024-10-28T09:00:03.024000+00:00,2024-10-28T00:00:00+00:00,MEWUSDT,unknown,Updates on the Leverage & Margin Tiers of Multiple USDⓈ-M Perpetual Contracts (2024-10-28)
2024-10-28T09:00:03.024000+00:00,2024-10-28T00:00:00+00:00,PIXELUSDT,unknown,Updates on the Leverage & Margin Tiers of Multiple USDⓈ-M Perpetual Contracts (2024-10-28)
2024-10-28T09:00:03.024000+00:00,2024-10-28T00:00:00+00:00,RUNEUSDT,unknown,Updates on the Leverage & Margin Tiers of Multiple USDⓈ-M Perpetual Contracts (2024-10-28)
2024-10-28T09:00:03.024000+00:00,2024-10-28T00:00:00+00:00,UMAUSDT,unknown,Updates on the Leverage & Margin Tiers of Multiple USDⓈ-M Perpetual Contracts (2024-10-28)
2024-10-25T09:00:03.120000+00:00,2024-10-25T00:00:00+00:00,1INCHUSDT,unknown,Updates on the Leverage & Margin Tiers of Multiple USDⓈ-M Perpetual Contracts (2024-10-25)
2024-10-25T09:00:03.120000+00:00,2024-10-25T00:00:00+00:00,DARUSDT,unknown,Updates on the Leverage & Margin Tiers of Multiple USDⓈ-M Perpetual Contracts (2024-10-25)
2024-10-25T09:00:03.120000+00:00,2024-10-25T00:00:00+00:00,EGLDUSDT,unknown,Updates on the Leverage & Margin Tiers of Multiple USDⓈ-M Perpetual Contracts (2024-10-25)
2024-10-25T09:00:03.120000+00:00,2024-10-25T00:00:00+00:00,ICPUSDT,unknown,Updates on the Leverage & Margin Tiers of Multiple USDⓈ-M Perpetual Contracts (2024-10-25)
2024-10-25T09:00:03.120000+00:00,2024-10-25T00:00:00+00:00,ROSEUSDT,unknown,Updates on the Leverage & Margin Tiers of Multiple USDⓈ-M Perpetual Contracts (2024-10-25)
2024-10-25T09:00:03.120000+00:00,2024-10-25T00:00:00+00:00,RSRUSDT,unknown,Updates on the Leverage & Margin Tiers of Multiple USDⓈ-M Perpetual Contracts (2024-10-25)
2024-10-25T09:00:03.120000+00:00,2024-10-25T00:00:00+00:00,SSVUSDT,unknown,Updates on the Leverage & Margin Tiers of Multiple USDⓈ-M Perpetual Contracts (2024-10-25)
2024-10-23T09:00:14.777000+00:00,2024-10-23T00:00:00+00:00,ARKMUSDT,unknown,Updates on the Leverage & Margin Tiers of Multiple USDⓈ-M Perpetual Contracts (2024-10-23)
2024-10-23T09:00:14.777000+00:00,2024-10-23T00:00:00+00:00,AXLUSDT,unknown,Updates on the Leverage & Margin Tiers of Multiple USDⓈ-M Perpetual Contracts (2024-10-23)
2024-10-23T09:00:14.777000+00:00,2024-10-23T00:00:00+00:00,BRETTUSDT,unknown,Updates on the Leverage & Margin Tiers of Multiple USDⓈ-M Perpetual Contracts (2024-10-23)
2024-10-23T09:00:14.777000+00:00,2024-10-23T00:00:00+00:00,DIAUSDT,unknown,Updates on the Leverage & Margin Tiers of Multiple USDⓈ-M Perpetual Contracts (2024-10-23)
2024-10-23T09:00:14.777000+00:00,2024-10-23T00:00:00+00:00,DOGSUSDT,unknown,Updates on the Leverage & Margin Tiers of Multiple USDⓈ-M Perpetual Contracts (2024-10-23)
2024-10-23T09:00:14.777000+00:00,2024-10-23T00:00:00+00:00,GASUSDT,unknown,Updates on the Leverage & Margin Tiers of Multiple USDⓈ-M Perpetual Contracts (2024-10-23)
2024-10-23T09:00:14.777000+00:00,2024-10-23T00:00:00+00:00,JUPUSDT,unknown,Updates on the Leverage & Margin Tiers of Multiple USDⓈ-M Perpetual Contracts (2024-10-23)
2024-10-23T09:00:14.777000+00:00,2024-10-23T00:00:00+00:00,MYROUSDT,unknown,Updates on the Leverage & Margin Tiers of Multiple USDⓈ-M Perpetual Contracts (2024-10-23)
2024-10-23T09:00:14.777000+00:00,2024-10-23T00:00:00+00:00,TAOUSDT,unknown,Updates on the Leverage & Margin Tiers of Multiple USDⓈ-M Perpetual Contracts (2024-10-23)
2024-10-23T09:00:14.777000+00:00,2024-10-23T00:00:00+00:00,TURBOUSDT,unknown,Updates on the Leverage & Margin Tiers of Multiple USDⓈ-M Perpetual Contracts (2024-10-23)
2024-10-18T11:00:03.710000+00:00,2024-10-18T00:00:00+00:00,APTUSDT,unknown,Updates on the Leverage & Margin Tiers of Multiple USDⓈ-M Perpetual Contracts (2024-10-18)
2024-10-18T11:00:03.710000+00:00,2024-10-18T00:00:00+00:00,BNXUSDT,unknown,Updates on the Leverage & Margin Tiers of Multiple USDⓈ-M Perpetual Contracts (2024-10-18)
2024-10-18T11:00:03.710000+00:00,2024-10-18T00:00:00+00:00,BOMEUSDT,unknown,Updates on the Leverage & Margin Tiers of Multiple USDⓈ-M Perpetual Contracts (2024-10-18)
2024-10-18T11:00:03.710000+00:00,2024-10-18T00:00:00+00:00,WLDUSDT,unknown,Updates on the Leverage & Margin Tiers of Multiple USDⓈ-M Perpetual Contracts (2024-10-18)
2024-10-16T05:00:02.166000+00:00,2024-10-16T00:00:00+00:00,REEFUSDT,unknown,"Updates on Leverage, Margin Tiers, and Funding Rate Settlement Frequency of USDⓈ-M REEFUSDT Perpetual Contract (2024-10-16)"
2024-10-15T09:00:23.593000+00:00,2024-10-15T00:00:00+00:00,ARKMUSDT,unknown,Updates on the Leverage & Margin Tiers of Multiple USDⓈ-M Perpetual Contracts (2024-10-15)
2024-10-15T09:00:23.593000+00:00,2024-10-15T00:00:00+00:00,BEAMXUSDT,unknown,Updates on the Leverage & Margin Tiers of Multiple USDⓈ-M Perpetual Contracts (2024-10-15)
2024-10-15T09:00:23.593000+00:00,2024-10-15T00:00:00+00:00,CELOUSDT,unknown,Updates on the Leverage & Margin Tiers of Multiple USDⓈ-M Perpetual Contracts (2024-10-15)
2024-10-15T09:00:23.593000+00:00,2024-10-15T00:00:00+00:00,CHZUSDT,unknown,Updates on the Leverage & Margin Tiers of Multiple USDⓈ-M Perpetual Contracts (2024-10-15)
2024-10-15T09:00:23.593000+00:00,2024-10-15T00:00:00+00:00,ETHFIUSDT,unknown,Updates on the Leverage & Margin Tiers of Multiple USDⓈ-M Perpetual Contracts (2024-10-15)
2024-10-15T09:00:23.593000+00:00,2024-10-15T00:00:00+00:00,GTCUSDT,unknown,Updates on the Leverage & Margin Tiers of Multiple USDⓈ-M Perpetual Contracts (2024-10-15)
2024-10-15T09:00:23.593000+00:00,2024-10-15T00:00:00+00:00,MYROUSDT,unknown,Updates on the Leverage & Margin Tiers of Multiple USDⓈ-M Perpetual Contracts (2024-10-15)
2024-10-15T09:00:23.593000+00:00,2024-10-15T00:00:00+00:00,ORBSUSDT,unknown,Updates on the Leverage & Margin Tiers of Multiple USDⓈ-M Perpetual Contracts (2024-10-15)
2024-10-15T09:00:23.593000+00:00,2024-10-15T00:00:00+00:00,TURBOUSDT,unknown,Updates on the Leverage & Margin Tiers of Multiple USDⓈ-M Perpetual Contracts (2024-10-15)
2024-10-14T09:00:32.383000+00:00,2024-10-14T00:00:00+00:00,1MBABYDOGEUSDT,unknown,Updates on the Leverage & Margin Tiers of Multiple USDⓈ-M Perpetual Contracts (2024-10-14)
2024-10-14T09:00:32.383000+00:00,2024-10-14T00:00:00+00:00,BNXUSDT,unknown,Updates on the Leverage & Margin Tiers of Multiple USDⓈ-M Perpetual Contracts (2024-10-14)
2024-10-14T09:00:32.383000+00:00,2024-10-14T00:00:00+00:00,CATIUSDT,unknown,Updates on the Leverage & Margin Tiers of Multiple USDⓈ-M Perpetual Contracts (2024-10-14)
2024-10-14T09:00:32.383000+00:00,2024-10-14T00:00:00+00:00,CFXUSDT,unknown,Updates on the Leverage & Margin Tiers of Multiple USDⓈ-M Perpetual Contracts (2024-10-14)
2024-10-14T09:00:32.383000+00:00,2024-10-14T00:00:00+00:00,DYDXUSDT,unknown,Updates on the Leverage & Margin Tiers of Multiple USDⓈ-M Perpetual Contracts (2024-10-14)
2024-10-14T09:00:32.383000+00:00,2024-10-14T00:00:00+00:00,EIGENUSDT,unknown,Updates on the Leverage & Margin Tiers of Multiple USDⓈ-M Perpetual Contracts (2024-10-14)
2024-10-14T09:00:32.383000+00:00,2024-10-14T00:00:00+00:00,MEWUSDT,unknown,Updates on the Leverage & Margin Tiers of Multiple USDⓈ-M Perpetual Contracts (2024-10-14)
2024-10-14T09:00:32.383000+00:00,2024-10-14T00:00:00+00:00,NEIROUSDT,unknown,Updates on the Leverage & Margin Tiers of Multiple USDⓈ-M Perpetual Contracts (2024-10-14)
2024-10-14T09:00:32.383000+00:00,2024-10-14T00:00:00+00:00,POPCATUSDT,unknown,Updates on the Leverage & Margin Tiers of Multiple USDⓈ-M Perpetual Contracts (2024-10-14)
2024-10-14T09:00:32.383000+00:00,2024-10-14T00:00:00+00:00,UNFIUSDT,unknown,Updates on the Leverage & Margin Tiers of Multiple USDⓈ-M Perpetual Contracts (2024-10-14)
2024-10-14T09:00:32.383000+00:00,2024-10-14T00:00:00+00:00,ZKUSDT,unknown,Updates on the Leverage & Margin Tiers of Multiple USDⓈ-M Perpetual Contracts (2024-10-14)
2024-10-07T09:30:07.079000+00:00,2024-10-07T00:00:00+00:00,BANANAUSDT,unknown,Updates on the Leverage & Margin Tiers of Multiple USDⓈ-M Perpetual Contracts (2024-10-07)
2024-10-07T09:30:07.079000+00:00,2024-10-07T00:00:00+00:00,EIGENUSDT,unknown,Updates on the Leverage & Margin Tiers of Multiple USDⓈ-M Perpetual Contracts (2024-10-07)
2024-10-07T09:30:07.079000+00:00,2024-10-07T00:00:00+00:00,ENAUSDT,unknown,Updates on the Leverage & Margin Tiers of Multiple USDⓈ-M Perpetual Contracts (2024-10-07)
2024-10-07T09:30:07.079000+00:00,2024-10-07T00:00:00+00:00,ETHWUSDT,unknown,Updates on the Leverage & Margin Tiers of Multiple USDⓈ-M Perpetual Contracts (2024-10-07)
2024-10-07T09:30:07.079000+00:00,2024-10-07T00:00:00+00:00,JUPUSDT,unknown,Updates on the Leverage & Margin Tiers of Multiple USDⓈ-M Perpetual Contracts (2024-10-07)
2024-10-07T09:30:07.079000+00:00,2024-10-07T00:00:00+00:00,LDOUSDT,unknown,Updates on the Leverage & Margin Tiers of Multiple USDⓈ-M Perpetual Contracts (2024-10-07)
2024-10-07T09:30:07.079000+00:00,2024-10-07T00:00:00+00:00,SEIUSDT,unknown,Updates on the Leverage & Margin Tiers of Multiple USDⓈ-M Perpetual Contracts (2024-10-07)
2024-10-07T09:30:07.079000+00:00,2024-10-07T00:00:00+00:00,SUPERUSDT,unknown,Updates on the Leverage & Margin Tiers of Multiple USDⓈ-M Perpetual Contracts (2024-10-07)
2024-10-07T09:30:07.079000+00:00,2024-10-07T00:00:00+00:00,TAOUSDT,unknown,Updates on the Leverage & Margin Tiers of Multiple USDⓈ-M Perpetual Contracts (2024-10-07)
2024-10-07T09:30:07.079000+00:00,2024-10-07T00:00:00+00:00,WIFUSDT,unknown,Updates on the Leverage & Margin Tiers of Multiple USDⓈ-M Perpetual Contracts (2024-10-07)
2024-10-01T09:00:22.697000+00:00,2024-10-01T00:00:00+00:00,ARUSDT,unknown,Updates on the Leverage & Margin Tiers of Multiple USDⓈ-M Perpetual Contracts (2024-10-01)
2024-10-01T09:00:22.697000+00:00,2024-10-01T00:00:00+00:00,CAKEUSDT,unknown,Updates on the Leverage & Margin Tiers of Multiple USDⓈ-M Perpetual Contracts (2024-10-01)
2024-10-01T09:00:22.697000+00:00,2024-10-01T00:00:00+00:00,CELOUSDT,unknown,Updates on the Leverage & Margin Tiers of Multiple USDⓈ-M Perpetual Contracts (2024-10-01)
2024-10-01T09:00:22.697000+00:00,2024-10-01T00:00:00+00:00,FIDAUSDT,unknown,Updates on the Leverage & Margin Tiers of Multiple USDⓈ-M Perpetual Contracts (2024-10-01)
2024-10-01T09:00:22.697000+00:00,2024-10-01T00:00:00+00:00,FIOUSDT,unknown,Updates on the Leverage & Margin Tiers of Multiple USDⓈ-M Perpetual Contracts (2024-10-01)
2024-10-01T09:00:22.697000+00:00,2024-10-01T00:00:00+00:00,KASUSDT,unknown,Updates on the Leverage & Margin Tiers of Multiple USDⓈ-M Perpetual Contracts (2024-10-01)
2024-10-01T09:00:22.697000+00:00,2024-10-01T00:00:00+00:00,MKRUSDT,unknown,Updates on the Leverage & Margin Tiers of Multiple USDⓈ-M Perpetual Contracts (2024-10-01)
2024-10-01T09:00:22.697000+00:00,2024-10-01T00:00:00+00:00,ONDOUSDT,unknown,Updates on the Leverage & Margin Tiers of Multiple USDⓈ-M Perpetual Contracts (2024-10-01)
2024-10-01T09:00:22.697000+00:00,2024-10-01T00:00:00+00:00,STXUSDT,unknown,Updates on the Leverage & Margin Tiers of Multiple USDⓈ-M Perpetual Contracts (2024-10-01)
2024-10-01T09:00:22.697000+00:00,2024-10-01T00:00:00+00:00,SXPUSDT,unknown,Updates on the Leverage & Margin Tiers of Multiple USDⓈ-M Perpetual Contracts (2024-10-01)
2024-09-30T09:00:11.189000+00:00,2024-09-30T00:00:00+00:00,1000PEPEUSDT,unknown,Updates on the Leverage & Margin Tiers of Multiple USDⓈ-M Perpetual Contracts (2024-09-30)
2024-09-30T09:00:11.189000+00:00,2024-09-30T00:00:00+00:00,ATOMUSDT,unknown,Updates on the Leverage & Margin Tiers of Multiple USDⓈ-M Perpetual Contracts (2024-09-30)
2024-09-30T09:00:11.189000+00:00,2024-09-30T00:00:00+00:00,BNBUSDT,unknown,Updates on the Leverage & Margin Tiers of Multiple USDⓈ-M Perpetual Contracts (2024-09-30)
2024-09-30T09:00:11.189000+00:00,2024-09-30T00:00:00+00:00,FETUSDT,unknown,Updates on the Leverage & Margin Tiers of Multiple USDⓈ-M Perpetual Contracts (2024-09-30)
2024-09-30T09:00:11.189000+00:00,2024-09-30T00:00:00+00:00,HMSTRUSDT,unknown,Updates on the Leverage & Margin Tiers of Multiple USDⓈ-M Perpetual Contracts (2024-09-30)
2024-09-30T09:00:11.189000+00:00,2024-09-30T00:00:00+00:00,NEARUSDT,unknown,Updates on the Leverage & Margin Tiers of Multiple USDⓈ-M Perpetual Contracts (2024-09-30)
2024-09-30T09:00:11.189000+00:00,2024-09-30T00:00:00+00:00,NEIROUSDT,unknown,Updates on the Leverage & Margin Tiers of Multiple USDⓈ-M Perpetual Contracts (2024-09-30)
2024-09-30T09:00:11.189000+00:00,2024-09-30T00:00:00+00:00,OMUSDT,unknown,Updates on the Leverage & Margin Tiers of Multiple USDⓈ-M Perpetual Contracts (2024-09-30)
2024-09-30T09:00:11.189000+00:00,2024-09-30T00:00:00+00:00,SUIUSDT,unknown,Updates on the Leverage & Margin Tiers of Multiple USDⓈ-M Perpetual Contracts (2024-09-30)
2024-09-30T09:00:11.189000+00:00,2024-09-30T00:00:00+00:00,TIAUSDT,unknown,Updates on the Leverage & Margin Tiers of Multiple USDⓈ-M Perpetual Contracts (2024-09-30)
2024-09-26T07:00:03.562000+00:00,2024-09-26T00:00:00+00:00,1000RATSUSDT,unknown,Updates on the Leverage & Margin Tiers of Multiple USDⓈ-M Perpetual Contracts (2024-09-26)
2024-09-26T07:00:03.562000+00:00,2024-09-26T00:00:00+00:00,ALTUSDT,unknown,Updates on the Leverage & Margin Tiers of Multiple USDⓈ-M Perpetual Contracts (2024-09-26)
2024-09-26T07:00:03.562000+00:00,2024-09-26T00:00:00+00:00,ARBUSDT,unknown,Updates on the Leverage & Margin Tiers of Multiple USDⓈ-M Perpetual Contracts (2024-09-26)
2024-09-26T07:00:03.562000+00:00,2024-09-26T00:00:00+00:00,ARKUSDT,unknown,Updates on the Leverage & Margin Tiers of Multiple USDⓈ-M Perpetual Contracts (2024-09-26)
2024-09-26T07:00:03.562000+00:00,2024-09-26T00:00:00+00:00,RENDERUSDT,unknown,Updates on the Leverage & Margin Tiers of Multiple USDⓈ-M Perpetual Contracts (2024-09-26)
2024-09-26T07:00:03.562000+00:00,2024-09-26T00:00:00+00:00,RUNEUSDT,unknown,Updates on the Leverage & Margin Tiers of Multiple USDⓈ-M Perpetual Contracts (2024-09-26)
2024-09-26T07:00:03.562000+00:00,2024-09-26T00:00:00+00:00,STRKUSDT,unknown,Updates on the Leverage & Margin Tiers of Multiple USDⓈ-M Perpetual Contracts (2024-09-26)
2024-09-26T07:00:03.562000+00:00,2024-09-26T00:00:00+00:00,ZETAUSDT,unknown,Updates on the Leverage & Margin Tiers of Multiple USDⓈ-M Perpetual Contracts (2024-09-26)
2024-09-25T08:00:17.117000+00:00,2024-09-25T00:00:00+00:00,1MBABYDOGEUSDT,unknown,Updates on the Leverage & Margin Tiers of Multiple USDⓈ-M Perpetual Contracts (2024-09-25)
2024-09-25T08:00:17.117000+00:00,2024-09-25T00:00:00+00:00,CATIUSDT,unknown,Updates on the Leverage & Margin Tiers of Multiple USDⓈ-M Perpetual Contracts (2024-09-25)
2024-09-25T08:00:17.117000+00:00,2024-09-25T00:00:00+00:00,CKBUSDT,unknown,Updates on the Leverage & Margin Tiers of Multiple USDⓈ-M Perpetual Contracts (2024-09-25)
2024-09-25T08:00:17.117000+00:00,2024-09-25T00:00:00+00:00,NEIROUSDT,unknown,Updates on the Leverage & Margin Tiers of Multiple USDⓈ-M Perpetual Contracts (2024-09-25)
2024-09-25T08:00:17.117000+00:00,2024-09-25T00:00:00+00:00,POPCATUSDT,unknown,Updates on the Leverage & Margin Tiers of Multiple USDⓈ-M Perpetual Contracts (2024-09-25)
2024-09-25T08:00:17.117000+00:00,2024-09-25T00:00:00+00:00,SAGAUSDT,unknown,Updates on the Leverage & Margin Tiers of Multiple USDⓈ-M Perpetual Contracts (2024-09-25)
2024-09-25T08:00:17.117000+00:00,2024-09-25T00:00:00+00:00,TURBOUSDT,unknown,Updates on the Leverage & Margin Tiers of Multiple USDⓈ-M Perpetual Contracts (2024-09-25)
2024-09-25T08:00:17.117000+00:00,2024-09-25T00:00:00+00:00,UXLINKUSDT,unknown,Updates on the Leverage & Margin Tiers of Multiple USDⓈ-M Perpetual Contracts (2024-09-25)
2024-09-18T09:00:10.472000+00:00,2024-09-18T00:00:00+00:00,BIGTIMEUSDT,unknown,Updates on the Leverage & Margin Tiers of Multiple USDⓈ-M Perpetual Contracts (2024-09-18)
2024-09-18T09:00:10.472000+00:00,2024-09-18T00:00:00+00:00,INJUSDT,unknown,Updates on the Leverage & Margin Tiers of Multiple USDⓈ-M Perpetual Contracts (2024-09-18)
2024-09-18T09:00:10.472000+00:00,2024-09-18T00:00:00+00:00,IOUSDT,unknown,Updates on the Leverage & Margin Tiers of Multiple USDⓈ-M Perpetual Contracts (2024-09-18)
2024-09-18T09:00:10.472000+00:00,2024-09-18T00:00:00+00:00,OPUSDT,unknown,Updates on the Leverage & Margin Tiers of Multiple USDⓈ-M Perpetual Contracts (2024-09-18)
2024-09-18T09:00:10.472000+00:00,2024-09-18T00:00:00+00:00,PENDLEUSDT,unknown,Updates on the Leverage & Margin Tiers of Multiple USDⓈ-M Perpetual Contracts (2024-09-18)
2024-09-18T09:00:10.472000+00:00,2024-09-18T00:00:00+00:00,SEIUSDT,unknown,Updates on the Leverage & Margin Tiers of Multiple USDⓈ-M Perpetual Contracts (2024-09-18)
2024-09-18T09:00:10.472000+00:00,2024-09-18T00:00:00+00:00,TIAUSDT,unknown,Updates on the Leverage & Margin Tiers of Multiple USDⓈ-M Perpetual Contracts (2024-09-18)
2024-09-18T09:00:10.472000+00:00,2024-09-18T00:00:00+00:00,UNIUSDT,unknown,Updates on the Leverage & Margin Tiers of Multiple USDⓈ-M Perpetual Contracts (2024-09-18)
2024-09-17T08:00:02.778000+00:00,2024-09-17T00:00:00+00:00,APEUSDT,unknown,Updates on the Leverage & Margin Tiers of Multiple USDⓈ-M Perpetual Contracts (2024-09-17)
2024-09-17T08:00:02.778000+00:00,2024-09-17T00:00:00+00:00,DOTUSDT,unknown,Updates on the Leverage & Margin Tiers of Multiple USDⓈ-M Perpetual Contracts (2024-09-17)
2024-09-17T08:00:02.778000+00:00,2024-09-17T00:00:00+00:00,EOSUSDT,unknown,Updates on the Leverage & Margin Tiers of Multiple USDⓈ-M Perpetual Contracts (2024-09-17)
2024-09-17T08:00:02.778000+00:00,2024-09-17T00:00:00+00:00,ETCUSDT,unknown,Updates on the Leverage & Margin Tiers of Multiple USDⓈ-M Perpetual Contracts (2024-09-17)
2024-09-17T08:00:02.778000+00:00,2024-09-17T00:00:00+00:00,FILUSDT,unknown,Updates on the Leverage & Margin Tiers of Multiple USDⓈ-M Perpetual Contracts (2024-09-17)
2024-09-17T08:00:02.778000+00:00,2024-09-17T00:00:00+00:00,LINKUSDT,unknown,Updates on the Leverage & Margin Tiers of Multiple USDⓈ-M Perpetual Contracts (2024-09-17)
2024-09-17T08:00:02.778000+00:00,2024-09-17T00:00:00+00:00,NEARUSDT,unknown,Updates on the Leverage & Margin Tiers of Multiple USDⓈ-M Perpetual Contracts (2024-09-17)
2024-09-17T08:00:02.778000+00:00,2024-09-17T00:00:00+00:00,PEOPLEUSDT,unknown,Updates on the Leverage & Margin Tiers of Multiple USDⓈ-M Perpetual Contracts (2024-09-17)
2024-09-11T08:00:15.297000+00:00,2024-09-11T00:00:00+00:00,ADAUSDT,unknown,Updates on the Leverage & Margin Tiers of Multiple USDⓈ-M Perpetual Contracts (2024-09-11)
2024-09-11T08:00:15.297000+00:00,2024-09-11T00:00:00+00:00,APTUSDT,unknown,Updates on the Leverage & Margin Tiers of Multiple USDⓈ-M Perpetual Contracts (2024-09-11)
2024-09-11T08:00:15.297000+00:00,2024-09-11T00:00:00+00:00,ENAUSDT,unknown,Updates on the Leverage & Margin Tiers of Multiple USDⓈ-M Perpetual Contracts (2024-09-11)
2024-09-11T08:00:15.297000+00:00,2024-09-11T00:00:00+00:00,FTMUSDT,unknown,Updates on the Leverage & Margin Tiers of Multiple USDⓈ-M Perpetual Contracts (2024-09-11)
2024-09-11T08:00:15.297000+00:00,2024-09-11T00:00:00+00:00,GALAUSDT,unknown,Updates on the Leverage & Margin Tiers of Multiple USDⓈ-M Perpetual Contracts (2024-09-11)
2024-09-11T08:00:15.297000+00:00,2024-09-11T00:00:00+00:00,LTCUSDT,unknown,Updates on the Leverage & Margin Tiers of Multiple USDⓈ-M Perpetual Contracts (2024-09-11)
2024-09-11T08:00:15.297000+00:00,2024-09-11T00:00:00+00:00,TRXUSDT,unknown,Updates on the Leverage & Margin Tiers of Multiple USDⓈ-M Perpetual Contracts (2024-09-11)
2024-09-10T08:00:13.463000+00:00,2024-09-10T00:00:00+00:00,1000FLOKIUSDT,unknown,Updates on the Leverage & Margin Tiers of Multiple USDⓈ-M Perpetual Contracts (2024-09-10)
2024-09-10T08:00:13.463000+00:00,2024-09-10T00:00:00+00:00,AAVEUSDT,unknown,Updates on the Leverage & Margin Tiers of Multiple USDⓈ-M Perpetual Contracts (2024-09-10)
2024-09-10T08:00:13.463000+00:00,2024-09-10T00:00:00+00:00,FETUSDT,unknown,Updates on the Leverage & Margin Tiers of Multiple USDⓈ-M Perpetual Contracts (2024-09-10)
2024-09-10T08:00:13.463000+00:00,2024-09-10T00:00:00+00:00,RDNTUSDT,unknown,Updates on the Leverage & Margin Tiers of Multiple USDⓈ-M Perpetual Contracts (2024-09-10)
2024-09-10T08:00:13.463000+00:00,2024-09-10T00:00:00+00:00,SUNUSDT,unknown,Updates on the Leverage & Margin Tiers of Multiple USDⓈ-M Perpetual Contracts (2024-09-10)
2024-09-10T08:00:13.463000+00:00,2024-09-10T00:00:00+00:00,TAOUSDT,unknown,Updates on the Leverage & Margin Tiers of Multiple USDⓈ-M Perpetual Contracts (2024-09-10)
2024-09-10T08:00:13.463000+00:00,2024-09-10T00:00:00+00:00,VIDTUSDT,unknown,Updates on the Leverage & Margin Tiers of Multiple USDⓈ-M Perpetual Contracts (2024-09-10)
2024-09-10T08:00:13.463000+00:00,2024-09-10T00:00:00+00:00,ZROUSDT,unknown,Updates on the Leverage & Margin Tiers of Multiple USDⓈ-M Perpetual Contracts (2024-09-10)
2024-09-04T08:00:04.741000+00:00,2024-09-04T00:00:00+00:00,1000BONKUSDT,unknown,Updates on the Leverage & Margin Tiers of Multiple USDⓈ-M Perpetual Contracts (2024-09-04)
2024-09-04T08:00:04.741000+00:00,2024-09-04T00:00:00+00:00,1000SHIBUSDT,unknown,Updates on the Leverage & Margin Tiers of Multiple USDⓈ-M Perpetual Contracts (2024-09-04)
2024-09-04T08:00:04.741000+00:00,2024-09-04T00:00:00+00:00,AVAXUSDT,unknown,Updates on the Leverage & Margin Tiers of Multiple USDⓈ-M Perpetual Contracts (2024-09-04)
2024-09-04T08:00:04.741000+00:00,2024-09-04T00:00:00+00:00,BCHUSDT,unknown,Updates on the Leverage & Margin Tiers of Multiple USDⓈ-M Perpetual Contracts (2024-09-04)
2024-09-04T08:00:04.741000+00:00,2024-09-04T00:00:00+00:00,DOGSUSDT,unknown,Updates on the Leverage & Margin Tiers of Multiple USDⓈ-M Perpetual Contracts (2024-09-04)
2024-09-04T08:00:04.741000+00:00,2024-09-04T00:00:00+00:00,MEWUSDT,unknown,Updates on the Leverage & Margin Tiers of Multiple USDⓈ-M Perpetual Contracts (2024-09-04)
2024-09-04T08:00:04.741000+00:00,2024-09-04T00:00:00+00:00,SUIUSDT,unknown,Updates on the Leverage & Margin Tiers of Multiple USDⓈ-M Perpetual Contracts (2024-09-04)
2024-09-04T08:00:04.741000+00:00,2024-09-04T00:00:00+00:00,TONUSDT,unknown,Updates on the Leverage & Margin Tiers of Multiple USDⓈ-M Perpetual Contracts (2024-09-04)
2024-09-04T08:00:04.741000+00:00,2024-09-04T00:00:00+00:00,WLDUSDT,unknown,Updates on the Leverage & Margin Tiers of Multiple USDⓈ-M Perpetual Contracts (2024-09-04)
2024-08-27T08:30:04.962000+00:00,2024-08-27T00:00:00+00:00,BNBUSDT,unknown,Updates on the Leverage & Margin Tiers of Multiple USDⓈ-M Perpetual Contracts (2024-08-27)
2024-08-27T08:30:04.962000+00:00,2024-08-27T00:00:00+00:00,BOMEUSDT,unknown,Updates on the Leverage & Margin Tiers of Multiple USDⓈ-M Perpetual Contracts (2024-08-27)
2024-08-27T08:30:04.962000+00:00,2024-08-27T00:00:00+00:00,MATICUSDT,unknown,Updates on the Leverage & Margin Tiers of Multiple USDⓈ-M Perpetual Contracts (2024-08-27)
2024-08-27T08:30:04.962000+00:00,2024-08-27T00:00:00+00:00,NOTUSDT,unknown,Updates on the Leverage & Margin Tiers of Multiple USDⓈ-M Perpetual Contracts (2024-08-27)
2024-08-27T08:30:04.962000+00:00,2024-08-27T00:00:00+00:00,ORDIUSDT,unknown,Updates on the Leverage & Margin Tiers of Multiple USDⓈ-M Perpetual Contracts (2024-08-27)
2024-08-27T08:30:04.962000+00:00,2024-08-27T00:00:00+00:00,RAREUSDT,unknown,Updates on the Leverage & Margin Tiers of Multiple USDⓈ-M Perpetual Contracts (2024-08-27)
2024-08-27T08:30:04.962000+00:00,2024-08-27T00:00:00+00:00,XRPUSDT,unknown,Updates on the Leverage & Margin Tiers of Multiple USDⓈ-M Perpetual Contracts (2024-08-27)
