listed_sym,listing_date,entry_ts,exit_ts,sym,log_return,era,quarter,btc_30d_ret
XAIUSDT,2024-01-09,2024-01-10,2024-01-15,BTCUSDT,-0.09910124845755942,2024H1,2024Q1,
XAIUSDT,2024-01-09,2024-01-10,2024-01-15,ETHUSDT,0.05529877518390857,2024H1,2024Q1,
XAIUSDT,2024-01-09,2024-01-10,2024-01-15,BNBUSDT,-0.0035234712692621445,2024H1,2024Q1,
XAIUSDT,2024-01-09,2024-01-10,2024-01-15,SOLUSDT,-0.05362330931409524,2024H1,2024Q1,
XAIUSDT,2024-01-09,2024-01-10,2024-01-15,XRPUSDT,0.019740356271904905,2024H1,2024Q1,
XAIUSDT,2024-01-09,2024-01-10,2024-01-15,DOGEUSDT,0.011546313014227857,2024H1,2024Q1,
XAIUSDT,2024-01-09,2024-01-10,2024-01-15,ADAUSDT,0.026010521350624278,2024H1,2024Q1,
XAIUSDT,2024-01-09,2024-01-10,2024-01-15,AVAXUSDT,0.019922628835966183,2024H1,2024Q1,
XAIUSDT,2024-01-09,2024-01-10,2024-01-15,LINKUSDT,0.07676653117903666,2024H1,2024Q1,
XAIUSDT,2024-01-09,2024-01-10,2024-01-15,LTCUSDT,0.043523224237629304,2024H1,2024Q1,
XAIUSDT,2024-01-09,2024-01-10,2024-01-15,BCHUSDT,0.004404934114974644,2024H1,2024Q1,
XAIUSDT,2024-01-09,2024-01-10,2024-01-15,FILUSDT,0.05907995489984722,2024H1,2024Q1,
XAIUSDT,2024-01-09,2024-01-10,2024-01-15,NEARUSDT,0.027877437072300462,2024H1,2024Q1,
MANTAUSDT,2024-01-18,2024-01-19,2024-01-24,BTCUSDT,-0.03549899130216296,2024H1,2024Q1,
MANTAUSDT,2024-01-18,2024-01-19,2024-01-24,ETHUSDT,-0.09785378567967513,2024H1,2024Q1,
MANTAUSDT,2024-01-18,2024-01-19,2024-01-24,BNBUSDT,-0.046503266198092426,2024H1,2024Q1,
MANTAUSDT,2024-01-18,2024-01-19,2024-01-24,SOLUSDT,-0.11320876326889664,2024H1,2024Q1,
MANTAUSDT,2024-01-18,2024-01-19,2024-01-24,XRPUSDT,-0.06491291953807024,2024H1,2024Q1,
MANTAUSDT,2024-01-18,2024-01-19,2024-01-24,DOGEUSDT,0.000768147522087498,2024H1,2024Q1,
MANTAUSDT,2024-01-18,2024-01-19,2024-01-24,ADAUSDT,-0.05269750935835184,2024H1,2024Q1,
MANTAUSDT,2024-01-18,2024-01-19,2024-01-24,AVAXUSDT,-0.09395640576705887,2024H1,2024Q1,
MANTAUSDT,2024-01-18,2024-01-19,2024-01-24,LINKUSDT,-0.025713332610853866,2024H1,2024Q1,
MANTAUSDT,2024-01-18,2024-01-19,2024-01-24,LTCUSDT,-0.040748597331334485,2024H1,2024Q1,
MANTAUSDT,2024-01-18,2024-01-19,2024-01-24,BCHUSDT,-0.03577087806443621,2024H1,2024Q1,
MANTAUSDT,2024-01-18,2024-01-19,2024-01-24,FILUSDT,-0.13921909526227796,2024H1,2024Q1,
MANTAUSDT,2024-01-18,2024-01-19,2024-01-24,NEARUSDT,-0.15139652660799127,2024H1,2024Q1,
ALTUSDT,2024-01-25,2024-01-26,2024-01-31,BTCUSDT,0.0728607394457823,2024H1,2024Q1,
ALTUSDT,2024-01-25,2024-01-26,2024-01-31,ETHUSDT,0.055913781874497206,2024H1,2024Q1,
ALTUSDT,2024-01-25,2024-01-26,2024-01-31,BNBUSDT,0.05242073554942375,2024H1,2024Q1,
ALTUSDT,2024-01-25,2024-01-26,2024-01-31,SOLUSDT,0.15523691214618784,2024H1,2024Q1,
ALTUSDT,2024-01-25,2024-01-26,2024-01-31,XRPUSDT,-0.006639352645203224,2024H1,2024Q1,
ALTUSDT,2024-01-25,2024-01-26,2024-01-31,DOGEUSDT,0.024461013018734348,2024H1,2024Q1,
ALTUSDT,2024-01-25,2024-01-26,2024-01-31,ADAUSDT,0.09770324689187367,2024H1,2024Q1,
ALTUSDT,2024-01-25,2024-01-26,2024-01-31,AVAXUSDT,0.14429314492312206,2024H1,2024Q1,
ALTUSDT,2024-01-25,2024-01-26,2024-01-31,LINKUSDT,0.12025414673287406,2024H1,2024Q1,
ALTUSDT,2024-01-25,2024-01-26,2024-01-31,LTCUSDT,0.032592807602927855,2024H1,2024Q1,
ALTUSDT,2024-01-25,2024-01-26,2024-01-31,BCHUSDT,0.00501909571327267,2024H1,2024Q1,
ALTUSDT,2024-01-25,2024-01-26,2024-01-31,FILUSDT,0.03985534388916008,2024H1,2024Q1,
ALTUSDT,2024-01-25,2024-01-26,2024-01-31,NEARUSDT,0.1131961559846967,2024H1,2024Q1,
JUPUSDT,2024-01-31,2024-02-01,2024-02-06,BTCUSDT,0.003070901712931761,2024H1,2024Q1,-0.04240125567476971
JUPUSDT,2024-01-31,2024-02-01,2024-02-06,ETHUSDT,0.00789603562956305,2024H1,2024Q1,-0.04240125567476971
JUPUSDT,2024-01-31,2024-02-01,2024-02-06,BNBUSDT,0.0012968660891530686,2024H1,2024Q1,-0.04240125567476971
JUPUSDT,2024-01-31,2024-02-01,2024-02-06,SOLUSDT,-0.015043974886906156,2024H1,2024Q1,-0.04240125567476971
JUPUSDT,2024-01-31,2024-02-01,2024-02-06,XRPUSDT,0.005353437986198173,2024H1,2024Q1,-0.04240125567476971
JUPUSDT,2024-01-31,2024-02-01,2024-02-06,DOGEUSDT,-0.005223274503534791,2024H1,2024Q1,-0.04240125567476971
JUPUSDT,2024-01-31,2024-02-01,2024-02-06,ADAUSDT,-0.006857630746943178,2024H1,2024Q1,-0.04240125567476971
JUPUSDT,2024-01-31,2024-02-01,2024-02-06,AVAXUSDT,0.038672155654354154,2024H1,2024Q1,-0.04240125567476971
JUPUSDT,2024-01-31,2024-02-01,2024-02-06,LINKUSDT,0.2153456064290393,2024H1,2024Q1,-0.04240125567476971
JUPUSDT,2024-01-31,2024-02-01,2024-02-06,LTCUSDT,0.013842596566305806,2024H1,2024Q1,-0.04240125567476971
JUPUSDT,2024-01-31,2024-02-01,2024-02-06,BCHUSDT,0.005918562762419665,2024H1,2024Q1,-0.04240125567476971
JUPUSDT,2024-01-31,2024-02-01,2024-02-06,FILUSDT,0.006030169026591231,2024H1,2024Q1,-0.04240125567476971
JUPUSDT,2024-01-31,2024-02-01,2024-02-06,NEARUSDT,-0.02658202490672248,2024H1,2024Q1,-0.04240125567476971
RONINUSDT,2024-02-06,2024-02-07,2024-02-12,BTCUSDT,0.11426729798185198,2024H1,2024Q1,-0.056341236505459524
RONINUSDT,2024-02-06,2024-02-07,2024-02-12,ETHUSDT,0.0552515257829073,2024H1,2024Q1,-0.056341236505459524
RONINUSDT,2024-02-06,2024-02-07,2024-02-12,BNBUSDT,0.0565031364937773,2024H1,2024Q1,-0.056341236505459524
RONINUSDT,2024-02-06,2024-02-07,2024-02-12,SOLUSDT,0.10407014024199965,2024H1,2024Q1,-0.056341236505459524
RONINUSDT,2024-02-06,2024-02-07,2024-02-12,XRPUSDT,0.04056052243091082,2024H1,2024Q1,-0.056341236505459524
RONINUSDT,2024-02-06,2024-02-07,2024-02-12,DOGEUSDT,0.03419457703721192,2024H1,2024Q1,-0.056341236505459524
RONINUSDT,2024-02-06,2024-02-07,2024-02-12,ADAUSDT,0.082787293468553,2024H1,2024Q1,-0.056341236505459524
RONINUSDT,2024-02-06,2024-02-07,2024-02-12,AVAXUSDT,0.1511631452105769,2024H1,2024Q1,-0.056341236505459524
RONINUSDT,2024-02-06,2024-02-07,2024-02-12,LINKUSDT,0.09814442793357371,2024H1,2024Q1,-0.056341236505459524
RONINUSDT,2024-02-06,2024-02-07,2024-02-12,LTCUSDT,0.04510105124064137,2024H1,2024Q1,-0.056341236505459524
RONINUSDT,2024-02-06,2024-02-07,2024-02-12,BCHUSDT,0.1650298123657802,2024H1,2024Q1,-0.056341236505459524
RONINUSDT,2024-02-06,2024-02-07,2024-02-12,FILUSDT,0.04530021890266604,2024H1,2024Q1,-0.056341236505459524
RONINUSDT,2024-02-06,2024-02-07,2024-02-12,NEARUSDT,0.13129103323010036,2024H1,2024Q1,-0.056341236505459524
PIXELUSDT,2024-02-19,2024-02-20,2024-02-25,BTCUSDT,-0.004390705735780497,2024H1,2024Q1,0.25775372775372785
PIXELUSDT,2024-02-19,2024-02-20,2024-02-25,ETHUSDT,0.015861724657270683,2024H1,2024Q1,0.25775372775372785
PIXELUSDT,2024-02-19,2024-02-20,2024-02-25,BNBUSDT,0.08028099367689172,2024H1,2024Q1,0.25775372775372785
PIXELUSDT,2024-02-19,2024-02-20,2024-02-25,SOLUSDT,-0.07084848390069796,2024H1,2024Q1,0.25775372775372785
PIXELUSDT,2024-02-19,2024-02-20,2024-02-25,XRPUSDT,-0.03194352620767433,2024H1,2024Q1,0.25775372775372785
PIXELUSDT,2024-02-19,2024-02-20,2024-02-25,DOGEUSDT,-0.037224717875778204,2024H1,2024Q1,0.25775372775372785
PIXELUSDT,2024-02-19,2024-02-20,2024-02-25,ADAUSDT,-0.05533464856287951,2024H1,2024Q1,0.25775372775372785
PIXELUSDT,2024-02-19,2024-02-20,2024-02-25,AVAXUSDT,-0.07213922081937821,2024H1,2024Q1,0.25775372775372785
PIXELUSDT,2024-02-19,2024-02-20,2024-02-25,LINKUSDT,-0.06801088704425387,2024H1,2024Q1,0.25775372775372785
PIXELUSDT,2024-02-19,2024-02-20,2024-02-25,LTCUSDT,-0.012408506643829849,2024H1,2024Q1,0.25775372775372785
PIXELUSDT,2024-02-19,2024-02-20,2024-02-25,BCHUSDT,-0.02052245295810629,2024H1,2024Q1,0.25775372775372785
PIXELUSDT,2024-02-19,2024-02-20,2024-02-25,FILUSDT,0.08695512990743223,2024H1,2024Q1,0.25775372775372785
PIXELUSDT,2024-02-19,2024-02-20,2024-02-25,NEARUSDT,0.09260625747192407,2024H1,2024Q1,0.25775372775372785
GLMUSDT,2024-02-22,2024-02-23,2024-02-28,BTCUSDT,0.10615681718338552,2024H1,2024Q1,0.2668050610423993
GLMUSDT,2024-02-22,2024-02-23,2024-02-28,ETHUSDT,0.08761416217802127,2024H1,2024Q1,0.2668050610423993
GLMUSDT,2024-02-22,2024-02-23,2024-02-28,BNBUSDT,0.03179119996152555,2024H1,2024Q1,0.2668050610423993
GLMUSDT,2024-02-22,2024-02-23,2024-02-28,SOLUSDT,0.06395880812839565,2024H1,2024Q1,0.2668050610423993
GLMUSDT,2024-02-22,2024-02-23,2024-02-28,XRPUSDT,0.08088079376135654,2024H1,2024Q1,0.2668050610423993
GLMUSDT,2024-02-22,2024-02-23,2024-02-28,DOGEUSDT,0.14773150589637402,2024H1,2024Q1,0.2668050610423993
GLMUSDT,2024-02-22,2024-02-23,2024-02-28,ADAUSDT,0.06425060866097441,2024H1,2024Q1,0.2668050610423993
GLMUSDT,2024-02-22,2024-02-23,2024-02-28,AVAXUSDT,0.06557399028908638,2024H1,2024Q1,0.2668050610423993
GLMUSDT,2024-02-22,2024-02-23,2024-02-28,LINKUSDT,0.04947245353906531,2024H1,2024Q1,0.2668050610423993
GLMUSDT,2024-02-22,2024-02-23,2024-02-28,LTCUSDT,0.07200981506096917,2024H1,2024Q1,0.2668050610423993
GLMUSDT,2024-02-22,2024-02-23,2024-02-28,BCHUSDT,0.11886186491157905,2024H1,2024Q1,0.2668050610423993
GLMUSDT,2024-02-22,2024-02-23,2024-02-28,FILUSDT,-0.051827701762056255,2024H1,2024Q1,0.2668050610423993
GLMUSDT,2024-02-22,2024-02-23,2024-02-28,NEARUSDT,0.1928713068066231,2024H1,2024Q1,0.2668050610423993
PORTALUSDT,2024-02-29,2024-03-01,2024-03-06,BTCUSDT,0.042274390322064766,2024H1,2024Q1,0.4668671655643144
PORTALUSDT,2024-02-29,2024-03-01,2024-03-06,ETHUSDT,0.06388286348630301,2024H1,2024Q1,0.4668671655643144
PORTALUSDT,2024-02-29,2024-03-01,2024-03-06,BNBUSDT,-0.012616160185976439,2024H1,2024Q1,0.4668671655643144
PORTALUSDT,2024-02-29,2024-03-01,2024-03-06,SOLUSDT,0.0011760593835100537,2024H1,2024Q1,0.4668671655643144
PORTALUSDT,2024-02-29,2024-03-01,2024-03-06,XRPUSDT,0.008141157583699645,2024H1,2024Q1,0.4668671655643144
PORTALUSDT,2024-02-29,2024-03-01,2024-03-06,DOGEUSDT,0.26883487719950394,2024H1,2024Q1,0.4668671655643144
PORTALUSDT,2024-02-29,2024-03-01,2024-03-06,ADAUSDT,0.054765520098299755,2024H1,2024Q1,0.4668671655643144
PORTALUSDT,2024-02-29,2024-03-01,2024-03-06,AVAXUSDT,-0.039097787882910365,2024H1,2024Q1,0.4668671655643144
PORTALUSDT,2024-02-29,2024-03-01,2024-03-06,LINKUSDT,-0.015985295720580488,2024H1,2024Q1,0.4668671655643144
PORTALUSDT,2024-02-29,2024-03-01,2024-03-06,LTCUSDT,0.024936485290031576,2024H1,2024Q1,0.4668671655643144
PORTALUSDT,2024-02-29,2024-03-01,2024-03-06,BCHUSDT,0.2976407094702002,2024H1,2024Q1,0.4668671655643144
PORTALUSDT,2024-02-29,2024-03-01,2024-03-06,FILUSDT,0.08470980937397354,2024H1,2024Q1,0.4668671655643144
PORTALUSDT,2024-02-29,2024-03-01,2024-03-06,NEARUSDT,0.09736885268786127,2024H1,2024Q1,0.4668671655643144
METISUSDT,2024-03-12,2024-03-13,2024-03-18,BTCUSDT,-0.04341801550051612,2024H1,2024Q1,0.4642036216852612
METISUSDT,2024-03-12,2024-03-13,2024-03-18,ETHUSDT,-0.08935108195489756,2024H1,2024Q1,0.4642036216852612
METISUSDT,2024-03-12,2024-03-13,2024-03-18,BNBUSDT,0.06080620670294535,2024H1,2024Q1,0.4642036216852612
METISUSDT,2024-03-12,2024-03-13,2024-03-18,SOLUSDT,0.28990344961104036,2024H1,2024Q1,0.4642036216852612
METISUSDT,2024-03-12,2024-03-13,2024-03-18,XRPUSDT,-0.10702364385174147,2024H1,2024Q1,0.4642036216852612
METISUSDT,2024-03-12,2024-03-13,2024-03-18,DOGEUSDT,-0.08900691608218393,2024H1,2024Q1,0.4642036216852612
METISUSDT,2024-03-12,2024-03-13,2024-03-18,ADAUSDT,-0.0966868448840471,2024H1,2024Q1,0.4642036216852612
METISUSDT,2024-03-12,2024-03-13,2024-03-18,AVAXUSDT,0.04511593554932844,2024H1,2024Q1,0.4642036216852612
METISUSDT,2024-03-12,2024-03-13,2024-03-18,LINKUSDT,-0.10598263969509672,2024H1,2024Q1,0.4642036216852612
METISUSDT,2024-03-12,2024-03-13,2024-03-18,LTCUSDT,-0.12952969313650955,2024H1,2024Q1,0.4642036216852612
METISUSDT,2024-03-12,2024-03-13,2024-03-18,BCHUSDT,-0.07653091716261193,2024H1,2024Q1,0.4642036216852612
METISUSDT,2024-03-12,2024-03-13,2024-03-18,FILUSDT,-0.17467616196416544,2024H1,2024Q1,0.4642036216852612
METISUSDT,2024-03-12,2024-03-13,2024-03-18,NEARUSDT,0.017174121819404482,2024H1,2024Q1,0.4642036216852612
METISUSDT,2024-03-12,2024-03-13,2024-03-18,WIFUSDT,0.34010107236323756,2024H1,2024Q1,0.4642036216852612
BOMEUSDT,2024-03-16,2024-03-17,2024-03-22,BTCUSDT,0.0032387702662330657,2024H1,2024Q1,0.3125548912147209
BOMEUSDT,2024-03-16,2024-03-17,2024-03-22,ETHUSDT,-0.00641952641226171,2024H1,2024Q1,0.3125548912147209
BOMEUSDT,2024-03-16,2024-03-17,2024-03-22,BNBUSDT,-0.04041829565101506,2024H1,2024Q1,0.3125548912147209
BOMEUSDT,2024-03-16,2024-03-17,2024-03-22,SOLUSDT,-0.015527600895993315,2024H1,2024Q1,0.3125548912147209
BOMEUSDT,2024-03-16,2024-03-17,2024-03-22,XRPUSDT,0.05902508963106254,2024H1,2024Q1,0.3125548912147209
BOMEUSDT,2024-03-16,2024-03-17,2024-03-22,DOGEUSDT,0.08530375426330906,2024H1,2024Q1,0.3125548912147209
BOMEUSDT,2024-03-16,2024-03-17,2024-03-22,ADAUSDT,-0.04336387042649625,2024H1,2024Q1,0.3125548912147209
BOMEUSDT,2024-03-16,2024-03-17,2024-03-22,AVAXUSDT,0.007117600385369715,2024H1,2024Q1,0.3125548912147209
BOMEUSDT,2024-03-16,2024-03-17,2024-03-22,LINKUSDT,0.017006561622065982,2024H1,2024Q1,0.3125548912147209
BOMEUSDT,2024-03-16,2024-03-17,2024-03-22,LTCUSDT,0.019532330573978966,2024H1,2024Q1,0.3125548912147209
BOMEUSDT,2024-03-16,2024-03-17,2024-03-22,BCHUSDT,0.064699300596734,2024H1,2024Q1,0.3125548912147209
BOMEUSDT,2024-03-16,2024-03-17,2024-03-22,FILUSDT,0.017818592131139947,2024H1,2024Q1,0.3125548912147209
BOMEUSDT,2024-03-16,2024-03-17,2024-03-22,NEARUSDT,-0.044026539406638455,2024H1,2024Q1,0.3125548912147209
BOMEUSDT,2024-03-16,2024-03-17,2024-03-22,WIFUSDT,0.022704061430723836,2024H1,2024Q1,0.3125548912147209
ENAUSDT,2024-04-02,2024-04-03,2024-04-08,BTCUSDT,0.057154342734012244,2024H1,2024Q2,-0.034035468926619905
ENAUSDT,2024-04-02,2024-04-03,2024-04-08,ETHUSDT,0.05095824571775887,2024H1,2024Q2,-0.034035468926619905
ENAUSDT,2024-04-02,2024-04-03,2024-04-08,BNBUSDT,0.05520344204809028,2024H1,2024Q2,-0.034035468926619905
ENAUSDT,2024-04-02,2024-04-03,2024-04-08,SOLUSDT,-0.0133154660734796,2024H1,2024Q2,-0.034035468926619905
ENAUSDT,2024-04-02,2024-04-03,2024-04-08,XRPUSDT,0.014405807978981921,2024H1,2024Q2,-0.034035468926619905
ENAUSDT,2024-04-02,2024-04-03,2024-04-08,DOGEUSDT,0.08243697100373162,2024H1,2024Q2,-0.034035468926619905
ENAUSDT,2024-04-02,2024-04-03,2024-04-08,ADAUSDT,0.012656231875371363,2024H1,2024Q2,-0.034035468926619905
ENAUSDT,2024-04-02,2024-04-03,2024-04-08,AVAXUSDT,0.047731673851480506,2024H1,2024Q2,-0.034035468926619905
ENAUSDT,2024-04-02,2024-04-03,2024-04-08,LINKUSDT,-0.0028979066200810043,2024H1,2024Q2,-0.034035468926619905
ENAUSDT,2024-04-02,2024-04-03,2024-04-08,LTCUSDT,-0.05579979645023423,2024H1,2024Q2,-0.034035468926619905
ENAUSDT,2024-04-02,2024-04-03,2024-04-08,BCHUSDT,0.06690968192126039,2024H1,2024Q2,-0.034035468926619905
ENAUSDT,2024-04-02,2024-04-03,2024-04-08,FILUSDT,0.027354883449366933,2024H1,2024Q2,-0.034035468926619905
ENAUSDT,2024-04-02,2024-04-03,2024-04-08,NEARUSDT,0.10360656681288359,2024H1,2024Q2,-0.034035468926619905
ENAUSDT,2024-04-02,2024-04-03,2024-04-08,WIFUSDT,-0.022061456240597747,2024H1,2024Q2,-0.034035468926619905
TNSRUSDT,2024-04-08,2024-04-09,2024-04-14,BTCUSDT,-0.11392860042587237,2024H1,2024Q2,0.0027173204177282084
TNSRUSDT,2024-04-08,2024-04-09,2024-04-14,ETHUSDT,-0.20666186680184448,2024H1,2024Q2,0.0027173204177282084
TNSRUSDT,2024-04-08,2024-04-09,2024-04-14,BNBUSDT,-0.06045526523788516,2024H1,2024Q2,0.0027173204177282084
TNSRUSDT,2024-04-08,2024-04-09,2024-04-14,SOLUSDT,-0.26772088542267874,2024H1,2024Q2,0.0027173204177282084
TNSRUSDT,2024-04-08,2024-04-09,2024-04-14,XRPUSDT,-0.25438384122438323,2024H1,2024Q2,0.0027173204177282084
TNSRUSDT,2024-04-08,2024-04-09,2024-04-14,DOGEUSDT,-0.28453060244147005,2024H1,2024Q2,0.0027173204177282084
TNSRUSDT,2024-04-08,2024-04-09,2024-04-14,ADAUSDT,-0.3229207104900712,2024H1,2024Q2,0.0027173204177282084
TNSRUSDT,2024-04-08,2024-04-09,2024-04-14,AVAXUSDT,-0.3882908668718524,2024H1,2024Q2,0.0027173204177282084
TNSRUSDT,2024-04-08,2024-04-09,2024-04-14,LINKUSDT,-0.31270223955622445,2024H1,2024Q2,0.0027173204177282084
TNSRUSDT,2024-04-08,2024-04-09,2024-04-14,LTCUSDT,-0.29071874091354616,2024H1,2024Q2,0.0027173204177282084
TNSRUSDT,2024-04-08,2024-04-09,2024-04-14,BCHUSDT,-0.3519578554324908,2024H1,2024Q2,0.0027173204177282084
TNSRUSDT,2024-04-08,2024-04-09,2024-04-14,FILUSDT,-0.49003986046752357,2024H1,2024Q2,0.0027173204177282084
TNSRUSDT,2024-04-08,2024-04-09,2024-04-14,NEARUSDT,-0.3486799995514271,2024H1,2024Q2,0.0027173204177282084
TNSRUSDT,2024-04-08,2024-04-09,2024-04-14,WIFUSDT,-0.5887666047570539,2024H1,2024Q2,0.0027173204177282084
TAOUSDT,2024-04-11,2024-04-12,2024-04-17,BTCUSDT,-0.09375861744035098,2024H1,2024Q2,-0.0819280271744186
TAOUSDT,2024-04-11,2024-04-12,2024-04-17,ETHUSDT,-0.12831327035501938,2024H1,2024Q2,-0.0819280271744186
TAOUSDT,2024-04-11,2024-04-12,2024-04-17,BNBUSDT,-0.11898239889699254,2024H1,2024Q2,-0.0819280271744186
TAOUSDT,2024-04-11,2024-04-12,2024-04-17,SOLUSDT,-0.23781475486485085,2024H1,2024Q2,-0.0819280271744186
TAOUSDT,2024-04-11,2024-04-12,2024-04-17,XRPUSDT,-0.20588490085954111,2024H1,2024Q2,-0.0819280271744186
TAOUSDT,2024-04-11,2024-04-12,2024-04-17,DOGEUSDT,-0.2202729268812779,2024H1,2024Q2,-0.0819280271744186
TAOUSDT,2024-04-11,2024-04-12,2024-04-17,ADAUSDT,-0.2491482130759647,2024H1,2024Q2,-0.0819280271744186
TAOUSDT,2024-04-11,2024-04-12,2024-04-17,AVAXUSDT,-0.28435146939533906,2024H1,2024Q2,-0.0819280271744186
TAOUSDT,2024-04-11,2024-04-12,2024-04-17,LINKUSDT,-0.26884657509999715,2024H1,2024Q2,-0.0819280271744186
TAOUSDT,2024-04-11,2024-04-12,2024-04-17,LTCUSDT,-0.21495762310222175,2024H1,2024Q2,-0.0819280271744186
TAOUSDT,2024-04-11,2024-04-12,2024-04-17,BCHUSDT,-0.23565798430610815,2024H1,2024Q2,-0.0819280271744186
TAOUSDT,2024-04-11,2024-04-12,2024-04-17,FILUSDT,-0.2859872618855087,2024H1,2024Q2,-0.0819280271744186
TAOUSDT,2024-04-11,2024-04-12,2024-04-17,NEARUSDT,-0.2175725062647542,2024H1,2024Q2,-0.0819280271744186
TAOUSDT,2024-04-11,2024-04-12,2024-04-17,WIFUSDT,-0.2626158138830978,2024H1,2024Q2,-0.0819280271744186
REZUSDT,2024-04-30,2024-05-01,2024-05-06,BTCUSDT,0.05400925223787213,2024H1,2024Q2,-0.16344906743185084
REZUSDT,2024-04-30,2024-05-01,2024-05-06,ETHUSDT,0.04024703764112267,2024H1,2024Q2,-0.16344906743185084
REZUSDT,2024-04-30,2024-05-01,2024-05-06,BNBUSDT,0.024738207104852684,2024H1,2024Q2,-0.16344906743185084
REZUSDT,2024-04-30,2024-05-01,2024-05-06,SOLUSDT,0.14108067551941858,2024H1,2024Q2,-0.16344906743185084
REZUSDT,2024-04-30,2024-05-01,2024-05-06,XRPUSDT,0.055969531415926865,2024H1,2024Q2,-0.16344906743185084
REZUSDT,2024-04-30,2024-05-01,2024-05-06,DOGEUSDT,0.18887715936853627,2024H1,2024Q2,-0.16344906743185084
REZUSDT,2024-04-30,2024-05-01,2024-05-06,ADAUSDT,0.03760594421620377,2024H1,2024Q2,-0.16344906743185084
REZUSDT,2024-04-30,2024-05-01,2024-05-06,AVAXUSDT,0.13279290091238363,2024H1,2024Q2,-0.16344906743185084
REZUSDT,2024-04-30,2024-05-01,2024-05-06,LINKUSDT,0.08917444520210324,2024H1,2024Q2,-0.16344906743185084
REZUSDT,2024-04-30,2024-05-01,2024-05-06,LTCUSDT,0.02339579085065936,2024H1,2024Q2,-0.16344906743185084
REZUSDT,2024-04-30,2024-05-01,2024-05-06,BCHUSDT,0.07797192012335842,2024H1,2024Q2,-0.16344906743185084
REZUSDT,2024-04-30,2024-05-01,2024-05-06,FILUSDT,0.08846294953429057,2024H1,2024Q2,-0.16344906743185084
REZUSDT,2024-04-30,2024-05-01,2024-05-06,NEARUSDT,0.19141362570286788,2024H1,2024Q2,-0.16344906743185084
REZUSDT,2024-04-30,2024-05-01,2024-05-06,WIFUSDT,0.2540465007657744,2024H1,2024Q2,-0.16344906743185084
BBUSDT,2024-05-13,2024-05-14,2024-05-19,BTCUSDT,0.06211186407141718,2024H1,2024Q2,-0.06195754382702967
BBUSDT,2024-05-13,2024-05-14,2024-05-19,ETHUSDT,0.05734316007287979,2024H1,2024Q2,-0.06195754382702967
BBUSDT,2024-05-13,2024-05-14,2024-05-19,BNBUSDT,-0.018227004705878014,2024H1,2024Q2,-0.06195754382702967
BBUSDT,2024-05-13,2024-05-14,2024-05-19,SOLUSDT,0.15624927384335568,2024H1,2024Q2,-0.06195754382702967
BBUSDT,2024-05-13,2024-05-14,2024-05-19,XRPUSDT,0.03157541597533026,2024H1,2024Q2,-0.06195754382702967
BBUSDT,2024-05-13,2024-05-14,2024-05-19,DOGEUSDT,0.030102385619187846,2024H1,2024Q2,-0.06195754382702967
BBUSDT,2024-05-13,2024-05-14,2024-05-19,ADAUSDT,0.09982148128201258,2024H1,2024Q2,-0.06195754382702967
BBUSDT,2024-05-13,2024-05-14,2024-05-19,AVAXUSDT,0.13827461821776268,2024H1,2024Q2,-0.06195754382702967
BBUSDT,2024-05-13,2024-05-14,2024-05-19,LINKUSDT,0.1995696432344491,2024H1,2024Q2,-0.06195754382702967
BBUSDT,2024-05-13,2024-05-14,2024-05-19,LTCUSDT,0.04025104113674063,2024H1,2024Q2,-0.06195754382702967
BBUSDT,2024-05-13,2024-05-14,2024-05-19,BCHUSDT,0.08383338091711891,2024H1,2024Q2,-0.06195754382702967
BBUSDT,2024-05-13,2024-05-14,2024-05-19,FILUSDT,0.04400919708138851,2024H1,2024Q2,-0.06195754382702967
BBUSDT,2024-05-13,2024-05-14,2024-05-19,NEARUSDT,0.08150854290829466,2024H1,2024Q2,-0.06195754382702967
BBUSDT,2024-05-13,2024-05-14,2024-05-19,WIFUSDT,-0.1647984139585454,2024H1,2024Q2,-0.06195754382702967
NOTUSDT,2024-05-16,2024-05-17,2024-05-22,BTCUSDT,0.07391793118699928,2024H1,2024Q2,0.09347068378649737
NOTUSDT,2024-05-16,2024-05-17,2024-05-22,ETHUSDT,0.25405106514153436,2024H1,2024Q2,0.09347068378649737
NOTUSDT,2024-05-16,2024-05-17,2024-05-22,BNBUSDT,0.08643071308093091,2024H1,2024Q2,0.09347068378649737
NOTUSDT,2024-05-16,2024-05-17,2024-05-22,SOLUSDT,0.11287885434481433,2024H1,2024Q2,0.09347068378649737
NOTUSDT,2024-05-16,2024-05-17,2024-05-22,XRPUSDT,0.04179145654480327,2024H1,2024Q2,0.09347068378649737
NOTUSDT,2024-05-16,2024-05-17,2024-05-22,DOGEUSDT,0.13245308120571034,2024H1,2024Q2,0.09347068378649737
NOTUSDT,2024-05-16,2024-05-17,2024-05-22,ADAUSDT,0.07480709361959142,2024H1,2024Q2,0.09347068378649737
NOTUSDT,2024-05-16,2024-05-17,2024-05-22,AVAXUSDT,0.1791767096392757,2024H1,2024Q2,0.09347068378649737
NOTUSDT,2024-05-16,2024-05-17,2024-05-22,LINKUSDT,0.07956629032293408,2024H1,2024Q2,0.09347068378649737
NOTUSDT,2024-05-16,2024-05-17,2024-05-22,LTCUSDT,0.07018162937509516,2024H1,2024Q2,0.09347068378649737
NOTUSDT,2024-05-16,2024-05-17,2024-05-22,BCHUSDT,0.1474621662522607,2024H1,2024Q2,0.09347068378649737
NOTUSDT,2024-05-16,2024-05-17,2024-05-22,FILUSDT,0.08274140405162776,2024H1,2024Q2,0.09347068378649737
NOTUSDT,2024-05-16,2024-05-17,2024-05-22,NEARUSDT,-0.024620901517371663,2024H1,2024Q2,0.09347068378649737
NOTUSDT,2024-05-16,2024-05-17,2024-05-22,WIFUSDT,-0.02976016715840131,2024H1,2024Q2,0.09347068378649737
TURBOUSDT,2024-05-30,2024-05-31,2024-06-05,BTCUSDT,0.03211493676164248,2024H1,2024Q2,0.15898956568268963
TURBOUSDT,2024-05-30,2024-05-31,2024-06-05,ETHUSDT,0.017130677617221514,2024H1,2024Q2,0.15898956568268963
TURBOUSDT,2024-05-30,2024-05-31,2024-06-05,BNBUSDT,0.14337403495354514,2024H1,2024Q2,0.15898956568268963
TURBOUSDT,2024-05-30,2024-05-31,2024-06-05,SOLUSDT,0.02918924551205302,2024H1,2024Q2,0.15898956568268963
TURBOUSDT,2024-05-30,2024-05-31,2024-06-05,XRPUSDT,0.013970182232498305,2024H1,2024Q2,0.15898956568268963
TURBOUSDT,2024-05-30,2024-05-31,2024-06-05,DOGEUSDT,0.013077780108811015,2024H1,2024Q2,0.15898956568268963
TURBOUSDT,2024-05-30,2024-05-31,2024-06-05,ADAUSDT,0.03454308900009463,2024H1,2024Q2,0.15898956568268963
TURBOUSDT,2024-05-30,2024-05-31,2024-06-05,AVAXUSDT,0.004075584054706251,2024H1,2024Q2,0.15898956568268963
TURBOUSDT,2024-05-30,2024-05-31,2024-06-05,LINKUSDT,-0.013009772457704245,2024H1,2024Q2,0.15898956568268963
TURBOUSDT,2024-05-30,2024-05-31,2024-06-05,LTCUSDT,-0.008677617602471864,2024H1,2024Q2,0.15898956568268963
TURBOUSDT,2024-05-30,2024-05-31,2024-06-05,BCHUSDT,0.027709421077156834,2024H1,2024Q2,0.15898956568268963
TURBOUSDT,2024-05-30,2024-05-31,2024-06-05,FILUSDT,0.026482620467299357,2024H1,2024Q2,0.15898956568268963
TURBOUSDT,2024-05-30,2024-05-31,2024-06-05,NEARUSDT,0.02091615025862861,2024H1,2024Q2,0.15898956568268963
TURBOUSDT,2024-05-30,2024-05-31,2024-06-05,WIFUSDT,0.01300922490154657,2024H1,2024Q2,0.15898956568268963
IOUSDT,2024-06-11,2024-06-12,2024-06-17,BTCUSDT,-0.010108764451048602,2024H1,2024Q2,0.08516962555692786
IOUSDT,2024-06-11,2024-06-12,2024-06-17,ETHUSDT,0.0354349872687386,2024H1,2024Q2,0.08516962555692786
IOUSDT,2024-06-11,2024-06-12,2024-06-17,BNBUSDT,0.013967559678602182,2024H1,2024Q2,0.08516962555692786
IOUSDT,2024-06-11,2024-06-12,2024-06-17,SOLUSDT,0.012723165230146488,2024H1,2024Q2,0.08516962555692786
IOUSDT,2024-06-11,2024-06-12,2024-06-17,XRPUSDT,0.018977467221418423,2024H1,2024Q2,0.08516962555692786
IOUSDT,2024-06-11,2024-06-12,2024-06-17,DOGEUSDT,-0.006834402056658761,2024H1,2024Q2,0.08516962555692786
IOUSDT,2024-06-11,2024-06-12,2024-06-17,ADAUSDT,-0.011930468400280822,2024H1,2024Q2,0.08516962555692786
IOUSDT,2024-06-11,2024-06-12,2024-06-17,AVAXUSDT,-0.04838448979361445,2024H1,2024Q2,0.08516962555692786
IOUSDT,2024-06-11,2024-06-12,2024-06-17,LINKUSDT,0.010226531783831374,2024H1,2024Q2,0.08516962555692786
IOUSDT,2024-06-11,2024-06-12,2024-06-17,LTCUSDT,0.022265795078981982,2024H1,2024Q2,0.08516962555692786
IOUSDT,2024-06-11,2024-06-12,2024-06-17,BCHUSDT,-0.04018663486664268,2024H1,2024Q2,0.08516962555692786
IOUSDT,2024-06-11,2024-06-12,2024-06-17,FILUSDT,-0.02692434124586944,2024H1,2024Q2,0.08516962555692786
IOUSDT,2024-06-11,2024-06-12,2024-06-17,NEARUSDT,-0.07163619038934335,2024H1,2024Q2,0.08516962555692786
IOUSDT,2024-06-11,2024-06-12,2024-06-17,WIFUSDT,0.021917407994854442,2024H1,2024Q2,0.08516962555692786
MEWUSDT,2024-06-17,2024-06-18,2024-06-23,BTCUSDT,-0.033734474530183155,2024H1,2024Q2,-0.016446405009707177
MEWUSDT,2024-06-17,2024-06-18,2024-06-23,ETHUSDT,-0.003994220977902753,2024H1,2024Q2,-0.016446405009707177
MEWUSDT,2024-06-17,2024-06-18,2024-06-23,BNBUSDT,-0.02209775706443669,2024H1,2024Q2,-0.016446405009707177
MEWUSDT,2024-06-17,2024-06-18,2024-06-23,SOLUSDT,-0.0686751778700955,2024H1,2024Q2,-0.016446405009707177
MEWUSDT,2024-06-17,2024-06-18,2024-06-23,XRPUSDT,-0.03592717374134224,2024H1,2024Q2,-0.016446405009707177
MEWUSDT,2024-06-17,2024-06-18,2024-06-23,DOGEUSDT,-0.039789683751607775,2024H1,2024Q2,-0.016446405009707177
MEWUSDT,2024-06-17,2024-06-18,2024-06-23,ADAUSDT,-0.0420069396213279,2024H1,2024Q2,-0.016446405009707177
MEWUSDT,2024-06-17,2024-06-18,2024-06-23,AVAXUSDT,-0.10555580908682308,2024H1,2024Q2,-0.016446405009707177
MEWUSDT,2024-06-17,2024-06-18,2024-06-23,LINKUSDT,-0.07376351277929873,2024H1,2024Q2,-0.016446405009707177
MEWUSDT,2024-06-17,2024-06-18,2024-06-23,LTCUSDT,-0.026202372394024072,2024H1,2024Q2,-0.016446405009707177
MEWUSDT,2024-06-17,2024-06-18,2024-06-23,BCHUSDT,-0.06760212999088455,2024H1,2024Q2,-0.016446405009707177
MEWUSDT,2024-06-17,2024-06-18,2024-06-23,FILUSDT,-0.11882376375224822,2024H1,2024Q2,-0.016446405009707177
MEWUSDT,2024-06-17,2024-06-18,2024-06-23,NEARUSDT,0.00019366708688401036,2024H1,2024Q2,-0.016446405009707177
MEWUSDT,2024-06-17,2024-06-18,2024-06-23,WIFUSDT,-0.2830144176811464,2024H1,2024Q2,-0.016446405009707177
LISTAUSDT,2024-06-20,2024-06-21,2024-06-26,BTCUSDT,-0.0481413784695317,2024H1,2024Q2,-0.07360829597611074
LISTAUSDT,2024-06-20,2024-06-21,2024-06-26,ETHUSDT,-0.03382721253903285,2024H1,2024Q2,-0.07360829597611074
LISTAUSDT,2024-06-20,2024-06-21,2024-06-26,BNBUSDT,-0.016082732400796437,2024H1,2024Q2,-0.07360829597611074
LISTAUSDT,2024-06-20,2024-06-21,2024-06-26,SOLUSDT,0.02288958132787073,2024H1,2024Q2,-0.07360829597611074
LISTAUSDT,2024-06-20,2024-06-21,2024-06-26,XRPUSDT,-0.026767860251104714,2024H1,2024Q2,-0.07360829597611074
LISTAUSDT,2024-06-20,2024-06-21,2024-06-26,DOGEUSDT,0.013961693143207233,2024H1,2024Q2,-0.07360829597611074
LISTAUSDT,2024-06-20,2024-06-21,2024-06-26,ADAUSDT,0.019848570158581186,2024H1,2024Q2,-0.07360829597611074
LISTAUSDT,2024-06-20,2024-06-21,2024-06-26,AVAXUSDT,-0.0826848370768382,2024H1,2024Q2,-0.07360829597611074
LISTAUSDT,2024-06-20,2024-06-21,2024-06-26,LINKUSDT,-0.004007739588283867,2024H1,2024Q2,-0.07360829597611074
LISTAUSDT,2024-06-20,2024-06-21,2024-06-26,LTCUSDT,-0.045493527695252695,2024H1,2024Q2,-0.07360829597611074
LISTAUSDT,2024-06-20,2024-06-21,2024-06-26,BCHUSDT,-0.0015925206283595864,2024H1,2024Q2,-0.07360829597611074
LISTAUSDT,2024-06-20,2024-06-21,2024-06-26,FILUSDT,0.008587623397232288,2024H1,2024Q2,-0.07360829597611074
LISTAUSDT,2024-06-20,2024-06-21,2024-06-26,NEARUSDT,0.05007185507015,2024H1,2024Q2,-0.07360829597611074
LISTAUSDT,2024-06-20,2024-06-21,2024-06-26,WIFUSDT,0.045707082263467196,2024H1,2024Q2,-0.07360829597611074
RENDERUSDT,2024-07-26,2024-07-27,2024-08-01,BTCUSDT,-0.049368831178197695,2024H2,2024Q3,0.100382607567848
RENDERUSDT,2024-07-26,2024-07-27,2024-08-01,ETHUSDT,-0.012974873837211395,2024H2,2024Q3,0.100382607567848
RENDERUSDT,2024-07-26,2024-07-27,2024-08-01,BNBUSDT,-0.007167994211999304,2024H2,2024Q3,0.100382607567848
RENDERUSDT,2024-07-26,2024-07-27,2024-08-01,SOLUSDT,-0.06332717364679283,2024H2,2024Q3,0.100382607567848
RENDERUSDT,2024-07-26,2024-07-27,2024-08-01,XRPUSDT,0.03502842439203732,2024H2,2024Q3,0.100382607567848
RENDERUSDT,2024-07-26,2024-07-27,2024-08-01,DOGEUSDT,-0.09583208102772761,2024H2,2024Q3,0.100382607567848
RENDERUSDT,2024-07-26,2024-07-27,2024-08-01,ADAUSDT,-0.07206296282803902,2024H2,2024Q3,0.100382607567848
RENDERUSDT,2024-07-26,2024-07-27,2024-08-01,AVAXUSDT,-0.10965245101414113,2024H2,2024Q3,0.100382607567848
RENDERUSDT,2024-07-26,2024-07-27,2024-08-01,LINKUSDT,-0.05315958080605745,2024H2,2024Q3,0.100382607567848
RENDERUSDT,2024-07-26,2024-07-27,2024-08-01,LTCUSDT,-0.01641004429490308,2024H2,2024Q3,0.100382607567848
RENDERUSDT,2024-07-26,2024-07-27,2024-08-01,BCHUSDT,0.09398303959626235,2024H2,2024Q3,0.100382607567848
RENDERUSDT,2024-07-26,2024-07-27,2024-08-01,FILUSDT,-0.0995621530148049,2024H2,2024Q3,0.100382607567848
RENDERUSDT,2024-07-26,2024-07-27,2024-08-01,NEARUSDT,-0.1357601545813599,2024H2,2024Q3,0.100382607567848
RENDERUSDT,2024-07-26,2024-07-27,2024-08-01,WIFUSDT,-0.20300839356120906,2024H2,2024Q3,0.100382607567848
BANANAUSDT,2024-08-15,2024-08-16,2024-08-21,BTCUSDT,0.02602715848209489,2024H2,2024Q3,-0.08119183772872662
BANANAUSDT,2024-08-15,2024-08-16,2024-08-21,ETHUSDT,0.0016298273618408185,2024H2,2024Q3,-0.08119183772872662
BANANAUSDT,2024-08-15,2024-08-16,2024-08-21,BNBUSDT,0.09452844090385432,2024H2,2024Q3,-0.08119183772872662
BANANAUSDT,2024-08-15,2024-08-16,2024-08-21,SOLUSDT,-0.0013057673237245884,2024H2,2024Q3,-0.08119183772872662
BANANAUSDT,2024-08-15,2024-08-16,2024-08-21,XRPUSDT,0.05821841284948116,2024H2,2024Q3,-0.08119183772872662
BANANAUSDT,2024-08-15,2024-08-16,2024-08-21,DOGEUSDT,0.028162554417998906,2024H2,2024Q3,-0.08119183772872662
BANANAUSDT,2024-08-15,2024-08-16,2024-08-21,ADAUSDT,0.05570302135484608,2024H2,2024Q3,-0.08119183772872662
BANANAUSDT,2024-08-15,2024-08-16,2024-08-21,AVAXUSDT,0.1028409327945335,2024H2,2024Q3,-0.08119183772872662
BANANAUSDT,2024-08-15,2024-08-16,2024-08-21,LINKUSDT,0.007155139567969034,2024H2,2024Q3,-0.08119183772872662
BANANAUSDT,2024-08-15,2024-08-16,2024-08-21,LTCUSDT,-0.012638885876013448,2024H2,2024Q3,-0.08119183772872662
BANANAUSDT,2024-08-15,2024-08-16,2024-08-21,BCHUSDT,0.005585188420811162,2024H2,2024Q3,-0.08119183772872662
BANANAUSDT,2024-08-15,2024-08-16,2024-08-21,FILUSDT,0.042238134178131825,2024H2,2024Q3,-0.08119183772872662
BANANAUSDT,2024-08-15,2024-08-16,2024-08-21,NEARUSDT,-0.005733531847760457,2024H2,2024Q3,-0.08119183772872662
BANANAUSDT,2024-08-15,2024-08-16,2024-08-21,WIFUSDT,0.0534357425723999,2024H2,2024Q3,-0.08119183772872662
SYSUSDT,2024-08-19,2024-08-20,2024-08-25,BTCUSDT,0.0760741045280089,2024H2,2024Q3,-0.13436114943203492
SYSUSDT,2024-08-19,2024-08-20,2024-08-25,ETHUSDT,0.048226924201669095,2024H2,2024Q3,-0.13436114943203492
SYSUSDT,2024-08-19,2024-08-20,2024-08-25,BNBUSDT,0.03763559324336519,2024H2,2024Q3,-0.13436114943203492
SYSUSDT,2024-08-19,2024-08-20,2024-08-25,SOLUSDT,0.10569610427925215,2024H2,2024Q3,-0.13436114943203492
SYSUSDT,2024-08-19,2024-08-20,2024-08-25,XRPUSDT,0.023137703806512852,2024H2,2024Q3,-0.13436114943203492
SYSUSDT,2024-08-19,2024-08-20,2024-08-25,DOGEUSDT,0.10417497906372478,2024H2,2024Q3,-0.13436114943203492
SYSUSDT,2024-08-19,2024-08-20,2024-08-25,ADAUSDT,0.15576310432902174,2024H2,2024Q3,-0.13436114943203492
SYSUSDT,2024-08-19,2024-08-20,2024-08-25,AVAXUSDT,0.24447607544434086,2024H2,2024Q3,-0.13436114943203492
SYSUSDT,2024-08-19,2024-08-20,2024-08-25,LINKUSDT,0.18963157857638213,2024H2,2024Q3,-0.13436114943203492
SYSUSDT,2024-08-19,2024-08-20,2024-08-25,LTCUSDT,0.004516039588516786,2024H2,2024Q3,-0.13436114943203492
SYSUSDT,2024-08-19,2024-08-20,2024-08-25,BCHUSDT,0.07295629341250559,2024H2,2024Q3,-0.13436114943203492
SYSUSDT,2024-08-19,2024-08-20,2024-08-25,FILUSDT,0.15777273103123196,2024H2,2024Q3,-0.13436114943203492
SYSUSDT,2024-08-19,2024-08-20,2024-08-25,NEARUSDT,0.2324051820244646,2024H2,2024Q3,-0.13436114943203492
SYSUSDT,2024-08-19,2024-08-20,2024-08-25,WIFUSDT,0.3122795388567631,2024H2,2024Q3,-0.13436114943203492
POPCATUSDT,2024-08-22,2024-08-23,2024-08-28,BTCUSDT,-0.016705484567115396,2024H2,2024Q3,-0.020365473720291072
POPCATUSDT,2024-08-22,2024-08-23,2024-08-28,ETHUSDT,-0.06612839351931717,2024H2,2024Q3,-0.020365473720291072
POPCATUSDT,2024-08-22,2024-08-23,2024-08-28,BNBUSDT,-0.08924760606676811,2024H2,2024Q3,-0.020365473720291072
POPCATUSDT,2024-08-22,2024-08-23,2024-08-28,SOLUSDT,0.02341775173945173,2024H2,2024Q3,-0.020365473720291072
POPCATUSDT,2024-08-22,2024-08-23,2024-08-28,XRPUSDT,-0.055407254971637114,2024H2,2024Q3,-0.020365473720291072
POPCATUSDT,2024-08-22,2024-08-23,2024-08-28,DOGEUSDT,-0.06529285303498679,2024H2,2024Q3,-0.020365473720291072
POPCATUSDT,2024-08-22,2024-08-23,2024-08-28,ADAUSDT,-0.07392391366350436,2024H2,2024Q3,-0.020365473720291072
POPCATUSDT,2024-08-22,2024-08-23,2024-08-28,AVAXUSDT,-0.04883779002075312,2024H2,2024Q3,-0.020365473720291072
POPCATUSDT,2024-08-22,2024-08-23,2024-08-28,LINKUSDT,-0.029377444429059606,2024H2,2024Q3,-0.020365473720291072
POPCATUSDT,2024-08-22,2024-08-23,2024-08-28,LTCUSDT,-0.05749080540026342,2024H2,2024Q3,-0.020365473720291072
POPCATUSDT,2024-08-22,2024-08-23,2024-08-28,BCHUSDT,-0.06998912479093133,2024H2,2024Q3,-0.020365473720291072
POPCATUSDT,2024-08-22,2024-08-23,2024-08-28,FILUSDT,-0.061686655790383786,2024H2,2024Q3,-0.020365473720291072
POPCATUSDT,2024-08-22,2024-08-23,2024-08-28,NEARUSDT,0.048768025826929025,2024H2,2024Q3,-0.020365473720291072
POPCATUSDT,2024-08-22,2024-08-23,2024-08-28,WIFUSDT,-0.031623188430512185,2024H2,2024Q3,-0.020365473720291072
DOGSUSDT,2024-08-26,2024-08-27,2024-09-01,BTCUSDT,-0.06366289736683173,2024H2,2024Q3,-0.1294573813869282
DOGSUSDT,2024-08-26,2024-08-27,2024-09-01,ETHUSDT,-0.06468832496202956,2024H2,2024Q3,-0.1294573813869282
DOGSUSDT,2024-08-26,2024-08-27,2024-09-01,BNBUSDT,-0.02878469178234698,2024H2,2024Q3,-0.1294573813869282
DOGSUSDT,2024-08-26,2024-08-27,2024-09-01,SOLUSDT,-0.14991692572572046,2024H2,2024Q3,-0.1294573813869282
DOGSUSDT,2024-08-26,2024-08-27,2024-09-01,XRPUSDT,-0.036601084866957304,2024H2,2024Q3,-0.1294573813869282
DOGSUSDT,2024-08-26,2024-08-27,2024-09-01,DOGEUSDT,-0.0375062130459764,2024H2,2024Q3,-0.1294573813869282
DOGSUSDT,2024-08-26,2024-08-27,2024-09-01,ADAUSDT,-0.060556299471585404,2024H2,2024Q3,-0.1294573813869282
DOGSUSDT,2024-08-26,2024-08-27,2024-09-01,AVAXUSDT,-0.13053856437064112,2024H2,2024Q3,-0.1294573813869282
DOGSUSDT,2024-08-26,2024-08-27,2024-09-01,LINKUSDT,-0.0718284321400717,2024H2,2024Q3,-0.1294573813869282
DOGSUSDT,2024-08-26,2024-08-27,2024-09-01,LTCUSDT,0.030805344174048562,2024H2,2024Q3,-0.1294573813869282
DOGSUSDT,2024-08-26,2024-08-27,2024-09-01,BCHUSDT,-0.06025555946811529,2024H2,2024Q3,-0.1294573813869282
DOGSUSDT,2024-08-26,2024-08-27,2024-09-01,FILUSDT,-0.09671172172961336,2024H2,2024Q3,-0.1294573813869282
DOGSUSDT,2024-08-26,2024-08-27,2024-09-01,NEARUSDT,-0.170674170544773,2024H2,2024Q3,-0.1294573813869282
DOGSUSDT,2024-08-26,2024-08-27,2024-09-01,WIFUSDT,-0.15421663636192579,2024H2,2024Q3,-0.1294573813869282
FLUXUSDT,2024-09-03,2024-09-04,2024-09-09,BTCUSDT,-0.04741839434325765,2024H2,2024Q3,0.07299025426318129
FLUXUSDT,2024-09-03,2024-09-04,2024-09-09,ETHUSDT,-0.054798358999184255,2024H2,2024Q3,0.07299025426318129
FLUXUSDT,2024-09-03,2024-09-04,2024-09-09,BNBUSDT,-0.03174061595659588,2024H2,2024Q3,0.07299025426318129
FLUXUSDT,2024-09-03,2024-09-04,2024-09-09,SOLUSDT,0.020240038490040933,2024H2,2024Q3,0.07299025426318129
FLUXUSDT,2024-09-03,2024-09-04,2024-09-09,XRPUSDT,-0.052144076685879656,2024H2,2024Q3,0.07299025426318129
FLUXUSDT,2024-09-03,2024-09-04,2024-09-09,DOGEUSDT,-0.007262949544574226,2024H2,2024Q3,0.07299025426318129
FLUXUSDT,2024-09-03,2024-09-04,2024-09-09,ADAUSDT,0.06272984687421293,2024H2,2024Q3,0.07299025426318129
FLUXUSDT,2024-09-03,2024-09-04,2024-09-09,AVAXUSDT,0.08391859101918547,2024H2,2024Q3,0.07299025426318129
FLUXUSDT,2024-09-03,2024-09-04,2024-09-09,LINKUSDT,0.0035819777879762685,2024H2,2024Q3,0.07299025426318129
FLUXUSDT,2024-09-03,2024-09-04,2024-09-09,LTCUSDT,-0.0562718362908906,2024H2,2024Q3,0.07299025426318129
FLUXUSDT,2024-09-03,2024-09-04,2024-09-09,BCHUSDT,-0.012094489816839403,2024H2,2024Q3,0.07299025426318129
FLUXUSDT,2024-09-03,2024-09-04,2024-09-09,FILUSDT,0.015986130846302245,2024H2,2024Q3,0.07299025426318129
FLUXUSDT,2024-09-03,2024-09-04,2024-09-09,NEARUSDT,0.007488668321360983,2024H2,2024Q3,0.07299025426318129
FLUXUSDT,2024-09-03,2024-09-04,2024-09-09,WIFUSDT,0.05384133944786088,2024H2,2024Q3,0.07299025426318129
RPLUSDT,2024-09-09,2024-09-10,2024-09-15,BTCUSDT,0.050504263290877434,2024H2,2024Q3,-0.018468951205507955
RPLUSDT,2024-09-09,2024-09-10,2024-09-15,ETHUSDT,0.024525148936652322,2024H2,2024Q3,-0.018468951205507955
RPLUSDT,2024-09-09,2024-09-10,2024-09-15,BNBUSDT,0.0647841983045594,2024H2,2024Q3,-0.018468951205507955
RPLUSDT,2024-09-09,2024-09-10,2024-09-15,SOLUSDT,0.015368578868112368,2024H2,2024Q3,-0.018468951205507955
RPLUSDT,2024-09-09,2024-09-10,2024-09-15,XRPUSDT,0.09728049106036821,2024H2,2024Q3,-0.018468951205507955
RPLUSDT,2024-09-09,2024-09-10,2024-09-15,DOGEUSDT,0.015209054944435665,2024H2,2024Q3,-0.018468951205507955
RPLUSDT,2024-09-09,2024-09-10,2024-09-15,ADAUSDT,0.02984439574778857,2024H2,2024Q3,-0.018468951205507955
RPLUSDT,2024-09-09,2024-09-10,2024-09-15,AVAXUSDT,0.06108613769447899,2024H2,2024Q3,-0.018468951205507955
RPLUSDT,2024-09-09,2024-09-10,2024-09-15,LINKUSDT,0.07073191987552822,2024H2,2024Q3,-0.018468951205507955
RPLUSDT,2024-09-09,2024-09-10,2024-09-15,LTCUSDT,0.07105439231687143,2024H2,2024Q3,-0.018468951205507955
RPLUSDT,2024-09-09,2024-09-10,2024-09-15,BCHUSDT,0.01464019614667762,2024H2,2024Q3,-0.018468951205507955
RPLUSDT,2024-09-09,2024-09-10,2024-09-15,FILUSDT,0.01708030504120554,2024H2,2024Q3,-0.018468951205507955
RPLUSDT,2024-09-09,2024-09-10,2024-09-15,NEARUSDT,0.04411584119494859,2024H2,2024Q3,-0.018468951205507955
RPLUSDT,2024-09-09,2024-09-10,2024-09-15,WIFUSDT,-0.06442675093698687,2024H2,2024Q3,-0.018468951205507955
POLUSDT,2024-09-13,2024-09-14,2024-09-19,BTCUSDT,0.020218917268808943,2024H2,2024Q3,0.04265270991636383
POLUSDT,2024-09-13,2024-09-14,2024-09-19,ETHUSDT,-0.02772099013376276,2024H2,2024Q3,0.04265270991636383
POLUSDT,2024-09-13,2024-09-14,2024-09-19,BNBUSDT,0.004808305368821875,2024H2,2024Q3,0.04265270991636383
POLUSDT,2024-09-13,2024-09-14,2024-09-19,SOLUSDT,-0.032647300802017665,2024H2,2024Q3,0.04265270991636383
POLUSDT,2024-09-13,2024-09-14,2024-09-19,XRPUSDT,0.0212682002961132,2024H2,2024Q3,0.04265270991636383
POLUSDT,2024-09-13,2024-09-14,2024-09-19,DOGEUSDT,-0.028654711942968265,2024H2,2024Q3,0.04265270991636383
POLUSDT,2024-09-13,2024-09-14,2024-09-19,ADAUSDT,-0.04397247896450957,2024H2,2024Q3,0.04265270991636383
POLUSDT,2024-09-13,2024-09-14,2024-09-19,AVAXUSDT,-0.0041859590203051225,2024H2,2024Q3,0.04265270991636383
POLUSDT,2024-09-13,2024-09-14,2024-09-19,LINKUSDT,-0.04779860977220103,2024H2,2024Q3,0.04265270991636383
POLUSDT,2024-09-13,2024-09-14,2024-09-19,LTCUSDT,-0.0015422581712110845,2024H2,2024Q3,0.04265270991636383
POLUSDT,2024-09-13,2024-09-14,2024-09-19,BCHUSDT,-0.022927097767414036,2024H2,2024Q3,0.04265270991636383
POLUSDT,2024-09-13,2024-09-14,2024-09-19,FILUSDT,-0.027495947501880426,2024H2,2024Q3,0.04265270991636383
POLUSDT,2024-09-13,2024-09-14,2024-09-19,NEARUSDT,-0.005851391768464125,2024H2,2024Q3,0.04265270991636383
POLUSDT,2024-09-13,2024-09-14,2024-09-19,WIFUSDT,-0.0031262476805741335,2024H2,2024Q3,0.04265270991636383
1MBABYDOGEUSDT,2024-09-16,2024-09-17,2024-09-22,BTCUSDT,0.08526705603501293,2024H2,2024Q3,0.03238568247987672
1MBABYDOGEUSDT,2024-09-16,2024-09-17,2024-09-22,ETHUSDT,0.13020394754321363,2024H2,2024Q3,0.03238568247987672
1MBABYDOGEUSDT,2024-09-16,2024-09-17,2024-09-22,BNBUSDT,0.09893913269322235,2024H2,2024Q3,0.03238568247987672
1MBABYDOGEUSDT,2024-09-16,2024-09-17,2024-09-22,SOLUSDT,0.1281903555192403,2024H2,2024Q3,0.03238568247987672
1MBABYDOGEUSDT,2024-09-16,2024-09-17,2024-09-22,XRPUSDT,0.01809162540716754,2024H2,2024Q3,0.03238568247987672
1MBABYDOGEUSDT,2024-09-16,2024-09-17,2024-09-22,DOGEUSDT,0.09840869681902309,2024H2,2024Q3,0.03238568247987672
1MBABYDOGEUSDT,2024-09-16,2024-09-17,2024-09-22,ADAUSDT,0.08283600557914898,2024H2,2024Q3,0.03238568247987672
1MBABYDOGEUSDT,2024-09-16,2024-09-17,2024-09-22,AVAXUSDT,0.16709009669118738,2024H2,2024Q3,0.03238568247987672
1MBABYDOGEUSDT,2024-09-16,2024-09-17,2024-09-22,LINKUSDT,0.0875490709282245,2024H2,2024Q3,0.03238568247987672
1MBABYDOGEUSDT,2024-09-16,2024-09-17,2024-09-22,LTCUSDT,0.06645423053571003,2024H2,2024Q3,0.03238568247987672
1MBABYDOGEUSDT,2024-09-16,2024-09-17,2024-09-22,BCHUSDT,0.10345543803525666,2024H2,2024Q3,0.03238568247987672
1MBABYDOGEUSDT,2024-09-16,2024-09-17,2024-09-22,FILUSDT,0.12469741291376288,2024H2,2024Q3,0.03238568247987672
1MBABYDOGEUSDT,2024-09-16,2024-09-17,2024-09-22,NEARUSDT,0.1854548082788865,2024H2,2024Q3,0.03238568247987672
1MBABYDOGEUSDT,2024-09-16,2024-09-17,2024-09-22,WIFUSDT,0.1634267644402017,2024H2,2024Q3,0.03238568247987672
FIDAUSDT,2024-09-19,2024-09-20,2024-09-25,BTCUSDT,0.02087024340506161,2024H2,2024Q3,0.0336338350785339
FIDAUSDT,2024-09-19,2024-09-20,2024-09-25,ETHUSDT,0.07319925100738062,2024H2,2024Q3,0.0336338350785339
FIDAUSDT,2024-09-19,2024-09-20,2024-09-25,BNBUSDT,0.06706575631787495,2024H2,2024Q3,0.0336338350785339
FIDAUSDT,2024-09-19,2024-09-20,2024-09-25,SOLUSDT,0.06767612027591344,2024H2,2024Q3,0.0336338350785339
FIDAUSDT,2024-09-19,2024-09-20,2024-09-25,XRPUSDT,0.006963934725410597,2024H2,2024Q3,0.0336338350785339
FIDAUSDT,2024-09-19,2024-09-20,2024-09-25,DOGEUSDT,0.04480794250344629,2024H2,2024Q3,0.0336338350785339
FIDAUSDT,2024-09-19,2024-09-20,2024-09-25,ADAUSDT,0.10053131394789365,2024H2,2024Q3,0.0336338350785339
FIDAUSDT,2024-09-19,2024-09-20,2024-09-25,AVAXUSDT,0.06433681980964566,2024H2,2024Q3,0.0336338350785339
FIDAUSDT,2024-09-19,2024-09-20,2024-09-25,LINKUSDT,0.08389585425968088,2024H2,2024Q3,0.0336338350785339
FIDAUSDT,2024-09-19,2024-09-20,2024-09-25,LTCUSDT,0.019238645328653325,2024H2,2024Q3,0.0336338350785339
FIDAUSDT,2024-09-19,2024-09-20,2024-09-25,BCHUSDT,0.024070929618603663,2024H2,2024Q3,0.0336338350785339
FIDAUSDT,2024-09-19,2024-09-20,2024-09-25,FILUSDT,0.04508851750066772,2024H2,2024Q3,0.0336338350785339
FIDAUSDT,2024-09-19,2024-09-20,2024-09-25,NEARUSDT,0.2037919914602594,2024H2,2024Q3,0.0336338350785339
FIDAUSDT,2024-09-19,2024-09-20,2024-09-25,WIFUSDT,0.1154175072509246,2024H2,2024Q3,0.0336338350785339
HMSTRUSDT,2024-09-26,2024-09-27,2024-10-02,BTCUSDT,-0.06885953935224028,2024H2,2024Q3,0.11421115065243193
HMSTRUSDT,2024-09-26,2024-09-27,2024-10-02,ETHUSDT,-0.07130413650327995,2024H2,2024Q3,0.11421115065243193
HMSTRUSDT,2024-09-26,2024-09-27,2024-10-02,BNBUSDT,-0.08596027026037277,2024H2,2024Q3,0.11421115065243193
HMSTRUSDT,2024-09-26,2024-09-27,2024-10-02,SOLUSDT,-0.06868741261300569,2024H2,2024Q3,0.11421115065243193
HMSTRUSDT,2024-09-26,2024-09-27,2024-10-02,XRPUSDT,0.010450120381744447,2024H2,2024Q3,0.11421115065243193
HMSTRUSDT,2024-09-26,2024-09-27,2024-10-02,DOGEUSDT,-0.0983962879951933,2024H2,2024Q3,0.11421115065243193
HMSTRUSDT,2024-09-26,2024-09-27,2024-10-02,ADAUSDT,-0.13221511146184906,2024H2,2024Q3,0.11421115065243193
HMSTRUSDT,2024-09-26,2024-09-27,2024-10-02,AVAXUSDT,-0.12326919217659466,2024H2,2024Q3,0.11421115065243193
HMSTRUSDT,2024-09-26,2024-09-27,2024-10-02,LINKUSDT,-0.1318377003692598,2024H2,2024Q3,0.11421115065243193
HMSTRUSDT,2024-09-26,2024-09-27,2024-10-02,LTCUSDT,-0.0784388580915619,2024H2,2024Q3,0.11421115065243193
HMSTRUSDT,2024-09-26,2024-09-27,2024-10-02,BCHUSDT,-0.100808146179471,2024H2,2024Q3,0.11421115065243193
HMSTRUSDT,2024-09-26,2024-09-27,2024-10-02,FILUSDT,-0.14343852937103224,2024H2,2024Q3,0.11421115065243193
HMSTRUSDT,2024-09-26,2024-09-27,2024-10-02,NEARUSDT,-0.13704197960631087,2024H2,2024Q3,0.11421115065243193
HMSTRUSDT,2024-09-26,2024-09-27,2024-10-02,WIFUSDT,0.041621891770684934,2024H2,2024Q3,0.11421115065243193
COSUSDT,2024-09-30,2024-10-01,2024-10-06,BTCUSDT,-0.0200805410942652,2024H2,2024Q3,0.06126796593566053
COSUSDT,2024-09-30,2024-10-01,2024-10-06,ETHUSDT,-0.07467496778867087,2024H2,2024Q3,0.06126796593566053
COSUSDT,2024-09-30,2024-10-01,2024-10-06,BNBUSDT,-0.00794125201621613,2024H2,2024Q3,0.06126796593566053
COSUSDT,2024-09-30,2024-10-01,2024-10-06,SOLUSDT,-0.06711178567060479,2024H2,2024Q3,0.06126796593566053
COSUSDT,2024-09-30,2024-10-01,2024-10-06,XRPUSDT,-0.14441038712459361,2024H2,2024Q3,0.06126796593566053
COSUSDT,2024-09-30,2024-10-01,2024-10-06,DOGEUSDT,-0.04250248298792377,2024H2,2024Q3,0.06126796593566053
COSUSDT,2024-09-30,2024-10-01,2024-10-06,ADAUSDT,-0.06277112116487578,2024H2,2024Q3,0.06126796593566053
COSUSDT,2024-09-30,2024-10-01,2024-10-06,AVAXUSDT,-0.07693649004205089,2024H2,2024Q3,0.06126796593566053
COSUSDT,2024-09-30,2024-10-01,2024-10-06,LINKUSDT,-0.0497701257252318,2024H2,2024Q3,0.06126796593566053
COSUSDT,2024-09-30,2024-10-01,2024-10-06,LTCUSDT,-0.004803371589060326,2024H2,2024Q3,0.06126796593566053
COSUSDT,2024-09-30,2024-10-01,2024-10-06,BCHUSDT,-0.046412605767214746,2024H2,2024Q3,0.06126796593566053
COSUSDT,2024-09-30,2024-10-01,2024-10-06,FILUSDT,-0.05282823533096386,2024H2,2024Q3,0.06126796593566053
COSUSDT,2024-09-30,2024-10-01,2024-10-06,NEARUSDT,-0.1017286139465091,2024H2,2024Q3,0.06126796593566053
COSUSDT,2024-09-30,2024-10-01,2024-10-06,WIFUSDT,-0.09021095310942327,2024H2,2024Q3,0.06126796593566053
1000CATUSDT,2024-10-21,2024-10-22,2024-10-27,BTCUSDT,-0.004282655421318972,2024H2,2024Q4,0.06054274494008638
1000CATUSDT,2024-10-21,2024-10-22,2024-10-27,ETHUSDT,-0.07161814610307857,2024H2,2024Q4,0.06054274494008638
1000CATUSDT,2024-10-21,2024-10-22,2024-10-27,BNBUSDT,-0.026109111484887402,2024H2,2024Q4,0.06054274494008638
1000CATUSDT,2024-10-21,2024-10-22,2024-10-27,SOLUSDT,0.027899951755448342,2024H2,2024Q4,0.06054274494008638
1000CATUSDT,2024-10-21,2024-10-22,2024-10-27,XRPUSDT,-0.0595582852690451,2024H2,2024Q4,0.06054274494008638
1000CATUSDT,2024-10-21,2024-10-22,2024-10-27,DOGEUSDT,-0.044053090207786166,2024H2,2024Q4,0.06054274494008638
1000CATUSDT,2024-10-21,2024-10-22,2024-10-27,ADAUSDT,-0.07925794133204939,2024H2,2024Q4,0.06054274494008638
1000CATUSDT,2024-10-21,2024-10-22,2024-10-27,AVAXUSDT,-0.08860881355898179,2024H2,2024Q4,0.06054274494008638
1000CATUSDT,2024-10-21,2024-10-22,2024-10-27,LINKUSDT,-0.06318447101289926,2024H2,2024Q4,0.06054274494008638
1000CATUSDT,2024-10-21,2024-10-22,2024-10-27,LTCUSDT,-0.03364319593789397,2024H2,2024Q4,0.06054274494008638
1000CATUSDT,2024-10-21,2024-10-22,2024-10-27,BCHUSDT,-0.04432164709316402,2024H2,2024Q4,0.06054274494008638
1000CATUSDT,2024-10-21,2024-10-22,2024-10-27,FILUSDT,-0.1047834815968065,2024H2,2024Q4,0.06054274494008638
1000CATUSDT,2024-10-21,2024-10-22,2024-10-27,NEARUSDT,-0.12087487619094432,2024H2,2024Q4,0.06054274494008638
1000CATUSDT,2024-10-21,2024-10-22,2024-10-27,WIFUSDT,-0.05825291145128348,2024H2,2024Q4,0.06054274494008638
GOATUSDT,2024-10-24,2024-10-25,2024-10-30,BTCUSDT,0.06483111274227954,2024H2,2024Q4,0.05615478212375469
GOATUSDT,2024-10-24,2024-10-25,2024-10-30,ETHUSDT,0.040192780952514,2024H2,2024Q4,0.05615478212375469
GOATUSDT,2024-10-24,2024-10-25,2024-10-30,BNBUSDT,0.020539661170472654,2024H2,2024Q4,0.05615478212375469
GOATUSDT,2024-10-24,2024-10-25,2024-10-30,SOLUSDT,0.012290061818548014,2024H2,2024Q4,0.05615478212375469
GOATUSDT,2024-10-24,2024-10-25,2024-10-30,XRPUSDT,-0.0067873563734001,2024H2,2024Q4,0.05615478212375469
GOATUSDT,2024-10-24,2024-10-25,2024-10-30,DOGEUSDT,0.2148339404243787,2024H2,2024Q4,0.05615478212375469
GOATUSDT,2024-10-24,2024-10-25,2024-10-30,ADAUSDT,0.02986994929747814,2024H2,2024Q4,0.05615478212375469
GOATUSDT,2024-10-24,2024-10-25,2024-10-30,AVAXUSDT,0.0025324011746105965,2024H2,2024Q4,0.05615478212375469
GOATUSDT,2024-10-24,2024-10-25,2024-10-30,LINKUSDT,0.016563172126830714,2024H2,2024Q4,0.05615478212375469
GOATUSDT,2024-10-24,2024-10-25,2024-10-30,LTCUSDT,0.03928018241715036,2024H2,2024Q4,0.05615478212375469
GOATUSDT,2024-10-24,2024-10-25,2024-10-30,BCHUSDT,0.048355003152991606,2024H2,2024Q4,0.05615478212375469
GOATUSDT,2024-10-24,2024-10-25,2024-10-30,FILUSDT,-0.00751883241402734,2024H2,2024Q4,0.05615478212375469
GOATUSDT,2024-10-24,2024-10-25,2024-10-30,NEARUSDT,-0.06277342024508027,2024H2,2024Q4,0.05615478212375469
GOATUSDT,2024-10-24,2024-10-25,2024-10-30,WIFUSDT,0.02019800787432511,2024H2,2024Q4,0.05615478212375469
SANTOSUSDT,2024-10-28,2024-10-29,2024-11-03,BTCUSDT,-0.008291367887465796,2024H2,2024Q4,0.10937330805681422
SANTOSUSDT,2024-10-28,2024-10-29,2024-11-03,ETHUSDT,-0.029044494509220857,2024H2,2024Q4,0.10937330805681422
SANTOSUSDT,2024-10-28,2024-10-29,2024-11-03,BNBUSDT,-0.05626184435564558,2024H2,2024Q4,0.10937330805681422
SANTOSUSDT,2024-10-28,2024-10-29,2024-11-03,SOLUSDT,-0.06995533546885208,2024H2,2024Q4,0.10937330805681422
SANTOSUSDT,2024-10-28,2024-10-29,2024-11-03,XRPUSDT,-0.017486359682169182,2024H2,2024Q4,0.10937330805681422
SANTOSUSDT,2024-10-28,2024-10-29,2024-11-03,DOGEUSDT,-0.01115172133732541,2024H2,2024Q4,0.10937330805681422
SANTOSUSDT,2024-10-28,2024-10-29,2024-11-03,ADAUSDT,0.012152927351411538,2024H2,2024Q4,0.10937330805681422
SANTOSUSDT,2024-10-28,2024-10-29,2024-11-03,AVAXUSDT,-0.08441063126816652,2024H2,2024Q4,0.10937330805681422
SANTOSUSDT,2024-10-28,2024-10-29,2024-11-03,LINKUSDT,0.0008048290172868199,2024H2,2024Q4,0.10937330805681422
SANTOSUSDT,2024-10-28,2024-10-29,2024-11-03,LTCUSDT,-0.02315050517360458,2024H2,2024Q4,0.10937330805681422
SANTOSUSDT,2024-10-28,2024-10-29,2024-11-03,BCHUSDT,-0.03216928293339167,2024H2,2024Q4,0.10937330805681422
SANTOSUSDT,2024-10-28,2024-10-29,2024-11-03,FILUSDT,-0.05445064803662753,2024H2,2024Q4,0.10937330805681422
SANTOSUSDT,2024-10-28,2024-10-29,2024-11-03,NEARUSDT,-0.12034743850709984,2024H2,2024Q4,0.10937330805681422
SANTOSUSDT,2024-10-28,2024-10-29,2024-11-03,WIFUSDT,-0.1240503541420836,2024H2,2024Q4,0.10937330805681422
CETUSUSDT,2024-11-06,2024-11-07,2024-11-12,BTCUSDT,0.1621811503905184,2024H2,2024Q4,0.22094518579082822
CETUSUSDT,2024-11-06,2024-11-07,2024-11-12,ETHUSDT,0.2145484082987981,2024H2,2024Q4,0.22094518579082822
CETUSUSDT,2024-11-06,2024-11-07,2024-11-12,BNBUSDT,0.10815776741437332,2024H2,2024Q4,0.22094518579082822
CETUSUSDT,2024-11-06,2024-11-07,2024-11-12,SOLUSDT,0.17515049702100474,2024H2,2024Q4,0.22094518579082822
CETUSUSDT,2024-11-06,2024-11-07,2024-11-12,XRPUSDT,0.13634005989438172,2024H2,2024Q4,0.22094518579082822
CETUSUSDT,2024-11-06,2024-11-07,2024-11-12,DOGEUSDT,0.5904187358721408,2024H2,2024Q4,0.22094518579082822
CETUSUSDT,2024-11-06,2024-11-07,2024-11-12,ADAUSDT,0.522380748091022,2024H2,2024Q4,0.22094518579082822
CETUSUSDT,2024-11-06,2024-11-07,2024-11-12,AVAXUSDT,0.2813488820059167,2024H2,2024Q4,0.22094518579082822
CETUSUSDT,2024-11-06,2024-11-07,2024-11-12,LINKUSDT,0.20179019046297858,2024H2,2024Q4,0.22094518579082822
CETUSUSDT,2024-11-06,2024-11-07,2024-11-12,LTCUSDT,0.12104705704514158,2024H2,2024Q4,0.22094518579082822
CETUSUSDT,2024-11-06,2024-11-07,2024-11-12,BCHUSDT,0.22297963379079508,2024H2,2024Q4,0.22094518579082822
CETUSUSDT,2024-11-06,2024-11-07,2024-11-12,FILUSDT,0.1770982019785837,2024H2,2024Q4,0.22094518579082822
CETUSUSDT,2024-11-06,2024-11-07,2024-11-12,NEARUSDT,0.2768153047894369,2024H2,2024Q4,0.22094518579082822
CETUSUSDT,2024-11-06,2024-11-07,2024-11-12,WIFUSDT,0.26143705067829875,2024H2,2024Q4,0.22094518579082822
ACTUSDT,2024-11-11,2024-11-12,2024-11-17,BTCUSDT,0.021810696006835613,2024H2,2024Q4,0.39994080184851
ACTUSDT,2024-11-11,2024-11-12,2024-11-17,ETHUSDT,-0.07346271411698768,2024H2,2024Q4,0.39994080184851
ACTUSDT,2024-11-11,2024-11-12,2024-11-17,BNBUSDT,-0.05831947485746486,2024H2,2024Q4,0.39994080184851
ACTUSDT,2024-11-11,2024-11-12,2024-11-17,SOLUSDT,-0.029579042629890747,2024H2,2024Q4,0.39994080184851
ACTUSDT,2024-11-11,2024-11-12,2024-11-17,XRPUSDT,0.5928139511346842,2024H2,2024Q4,0.39994080184851
ACTUSDT,2024-11-11,2024-11-12,2024-11-17,DOGEUSDT,0.03608948372329375,2024H2,2024Q4,0.39994080184851
ACTUSDT,2024-11-11,2024-11-12,2024-11-17,ADAUSDT,0.2031701976027854,2024H2,2024Q4,0.39994080184851
ACTUSDT,2024-11-11,2024-11-12,2024-11-17,AVAXUSDT,-0.016442126263941658,2024H2,2024Q4,0.39994080184851
ACTUSDT,2024-11-11,2024-11-12,2024-11-17,LINKUSDT,-0.0256441703352779,2024H2,2024Q4,0.39994080184851
ACTUSDT,2024-11-11,2024-11-12,2024-11-17,LTCUSDT,0.17902981857716008,2024H2,2024Q4,0.39994080184851
ACTUSDT,2024-11-11,2024-11-12,2024-11-17,BCHUSDT,-0.02086036017695657,2024H2,2024Q4,0.39994080184851
ACTUSDT,2024-11-11,2024-11-12,2024-11-17,FILUSDT,0.07796720396783612,2024H2,2024Q4,0.39994080184851
ACTUSDT,2024-11-11,2024-11-12,2024-11-17,NEARUSDT,0.06653491035616772,2024H2,2024Q4,0.39994080184851
ACTUSDT,2024-11-11,2024-11-12,2024-11-17,WIFUSDT,0.1402135084486843,2024H2,2024Q4,0.39994080184851
AKTUSDT,2024-11-18,2024-11-19,2024-11-24,BTCUSDT,0.07655080023571813,2024H2,2024Q4,0.3378117388992481
AKTUSDT,2024-11-18,2024-11-19,2024-11-24,ETHUSDT,0.05584500999891166,2024H2,2024Q4,0.3378117388992481
AKTUSDT,2024-11-18,2024-11-19,2024-11-24,BNBUSDT,0.04793959967712973,2024H2,2024Q4,0.3378117388992481
AKTUSDT,2024-11-18,2024-11-19,2024-11-24,SOLUSDT,0.060396626154719496,2024H2,2024Q4,0.3378117388992481
AKTUSDT,2024-11-18,2024-11-19,2024-11-24,XRPUSDT,0.27156636208982127,2024H2,2024Q4,0.3378117388992481
AKTUSDT,2024-11-18,2024-11-19,2024-11-24,DOGEUSDT,0.14334310800611616,2024H2,2024Q4,0.3378117388992481
AKTUSDT,2024-11-18,2024-11-19,2024-11-24,ADAUSDT,0.37505135620199953,2024H2,2024Q4,0.3378117388992481
AKTUSDT,2024-11-18,2024-11-19,2024-11-24,AVAXUSDT,0.15433974882392548,2024H2,2024Q4,0.3378117388992481
AKTUSDT,2024-11-18,2024-11-19,2024-11-24,LINKUSDT,0.12784645957291707,2024H2,2024Q4,0.3378117388992481
AKTUSDT,2024-11-18,2024-11-19,2024-11-24,LTCUSDT,0.10635677138614215,2024H2,2024Q4,0.3378117388992481
AKTUSDT,2024-11-18,2024-11-19,2024-11-24,BCHUSDT,0.1159556898090995,2024H2,2024Q4,0.3378117388992481
AKTUSDT,2024-11-18,2024-11-19,2024-11-24,FILUSDT,0.16681679652645975,2024H2,2024Q4,0.3378117388992481
AKTUSDT,2024-11-18,2024-11-19,2024-11-24,NEARUSDT,0.025566780972006927,2024H2,2024Q4,0.3378117388992481
AKTUSDT,2024-11-18,2024-11-19,2024-11-24,WIFUSDT,-0.058298440393628366,2024H2,2024Q4,0.3378117388992481
SCRTUSDT,2024-11-21,2024-11-22,2024-11-27,BTCUSDT,-0.06573394741191359,2024H2,2024Q4,0.48425440228546734
SCRTUSDT,2024-11-21,2024-11-22,2024-11-27,ETHUSDT,-0.00996104937525075,2024H2,2024Q4,0.48425440228546734
SCRTUSDT,2024-11-21,2024-11-22,2024-11-27,BNBUSDT,-0.016003451461624237,2024H2,2024Q4,0.48425440228546734
SCRTUSDT,2024-11-21,2024-11-22,2024-11-27,SOLUSDT,-0.10744556109428265,2024H2,2024Q4,0.48425440228546734
SCRTUSDT,2024-11-21,2024-11-22,2024-11-27,XRPUSDT,0.11072357305915456,2024H2,2024Q4,0.48425440228546734
SCRTUSDT,2024-11-21,2024-11-22,2024-11-27,DOGEUSDT,0.0010330579431138164,2024H2,2024Q4,0.48425440228546734
SCRTUSDT,2024-11-21,2024-11-22,2024-11-27,ADAUSDT,0.15006169089483226,2024H2,2024Q4,0.48425440228546734
SCRTUSDT,2024-11-21,2024-11-22,2024-11-27,AVAXUSDT,0.17639945841738922,2024H2,2024Q4,0.48425440228546734
SCRTUSDT,2024-11-21,2024-11-22,2024-11-27,LINKUSDT,0.15035863281237272,2024H2,2024Q4,0.48425440228546734
SCRTUSDT,2024-11-21,2024-11-22,2024-11-27,LTCUSDT,0.03466399487805744,2024H2,2024Q4,0.48425440228546734
SCRTUSDT,2024-11-21,2024-11-22,2024-11-27,BCHUSDT,0.015090530943264017,2024H2,2024Q4,0.48425440228546734
SCRTUSDT,2024-11-21,2024-11-22,2024-11-27,FILUSDT,0.17697838424774084,2024H2,2024Q4,0.48425440228546734
SCRTUSDT,2024-11-21,2024-11-22,2024-11-27,NEARUSDT,0.11839672085514628,2024H2,2024Q4,0.48425440228546734
SCRTUSDT,2024-11-21,2024-11-22,2024-11-27,WIFUSDT,-0.08384092150932465,2024H2,2024Q4,0.48425440228546734
1000CHEEMSUSDT,2024-11-25,2024-11-26,2024-12-01,BTCUSDT,0.035514372561736125,2024H2,2024Q4,0.3534031644620148
1000CHEEMSUSDT,2024-11-25,2024-11-26,2024-12-01,ETHUSDT,0.08125157160691109,2024H2,2024Q4,0.3534031644620148
1000CHEEMSUSDT,2024-11-25,2024-11-26,2024-12-01,BNBUSDT,0.025849406085097334,2024H2,2024Q4,0.3534031644620148
1000CHEEMSUSDT,2024-11-25,2024-11-26,2024-12-01,SOLUSDT,0.013103123971278986,2024H2,2024Q4,0.3534031644620148
1000CHEEMSUSDT,2024-11-25,2024-11-26,2024-12-01,XRPUSDT,0.31772105030963055,2024H2,2024Q4,0.3534031644620148
1000CHEEMSUSDT,2024-11-25,2024-11-26,2024-12-01,DOGEUSDT,0.07082409433959572,2024H2,2024Q4,0.3534031644620148
1000CHEEMSUSDT,2024-11-25,2024-11-26,2024-12-01,ADAUSDT,0.13146467399587947,2024H2,2024Q4,0.3534031644620148
1000CHEEMSUSDT,2024-11-25,2024-11-26,2024-12-01,AVAXUSDT,0.08014506058086711,2024H2,2024Q4,0.3534031644620148
1000CHEEMSUSDT,2024-11-25,2024-11-26,2024-12-01,LINKUSDT,0.08894012893696253,2024H2,2024Q4,0.3534031644620148
1000CHEEMSUSDT,2024-11-25,2024-11-26,2024-12-01,LTCUSDT,0.10622641028926366,2024H2,2024Q4,0.3534031644620148
1000CHEEMSUSDT,2024-11-25,2024-11-26,2024-12-01,BCHUSDT,0.06411922592854666,2024H2,2024Q4,0.3534031644620148
1000CHEEMSUSDT,2024-11-25,2024-11-26,2024-12-01,FILUSDT,0.25821212665080673,2024H2,2024Q4,0.3534031644620148
1000CHEEMSUSDT,2024-11-25,2024-11-26,2024-12-01,NEARUSDT,0.0789355449325349,2024H2,2024Q4,0.3534031644620148
1000CHEEMSUSDT,2024-11-25,2024-11-26,2024-12-01,WIFUSDT,-0.0014461773144222514,2024H2,2024Q4,0.3534031644620148
AEROUSDT,2024-12-04,2024-12-05,2024-12-10,BTCUSDT,-0.01335628344403648,2024H2,2024Q4,0.39866134318437085
AEROUSDT,2024-12-04,2024-12-05,2024-12-10,ETHUSDT,-0.03432056015474498,2024H2,2024Q4,0.39866134318437085
AEROUSDT,2024-12-04,2024-12-05,2024-12-10,BNBUSDT,-0.07307588280819033,2024H2,2024Q4,0.39866134318437085
AEROUSDT,2024-12-04,2024-12-05,2024-12-10,SOLUSDT,-0.05803607285649102,2024H2,2024Q4,0.39866134318437085
AEROUSDT,2024-12-04,2024-12-05,2024-12-10,XRPUSDT,-0.06580774158551624,2024H2,2024Q4,0.39866134318437085
AEROUSDT,2024-12-04,2024-12-05,2024-12-10,DOGEUSDT,-0.04681027033542855,2024H2,2024Q4,0.39866134318437085
AEROUSDT,2024-12-04,2024-12-05,2024-12-10,ADAUSDT,-0.17084083557580693,2024H2,2024Q4,0.39866134318437085
AEROUSDT,2024-12-04,2024-12-05,2024-12-10,AVAXUSDT,-0.15982825164044726,2024H2,2024Q4,0.39866134318437085
AEROUSDT,2024-12-04,2024-12-05,2024-12-10,LINKUSDT,-0.0826960100957559,2024H2,2024Q4,0.39866134318437085
AEROUSDT,2024-12-04,2024-12-05,2024-12-10,LTCUSDT,-0.19440684096904573,2024H2,2024Q4,0.39866134318437085
AEROUSDT,2024-12-04,2024-12-05,2024-12-10,BCHUSDT,-0.05947164475145592,2024H2,2024Q4,0.39866134318437085
AEROUSDT,2024-12-04,2024-12-05,2024-12-10,FILUSDT,-0.25733491606248904,2024H2,2024Q4,0.39866134318437085
AEROUSDT,2024-12-04,2024-12-05,2024-12-10,NEARUSDT,-0.14247355878651471,2024H2,2024Q4,0.39866134318437085
AEROUSDT,2024-12-04,2024-12-05,2024-12-10,WIFUSDT,-0.0506181249520168,2024H2,2024Q4,0.39866134318437085
MOVEUSDT,2024-12-09,2024-12-10,2024-12-15,BTCUSDT,0.04008001755112975,2024H2,2024Q4,0.20137296356174605
MOVEUSDT,2024-12-09,2024-12-10,2024-12-15,ETHUSDT,0.04005640544142245,2024H2,2024Q4,0.20137296356174605
MOVEUSDT,2024-12-09,2024-12-10,2024-12-15,BNBUSDT,0.035628265324202366,2024H2,2024Q4,0.20137296356174605
MOVEUSDT,2024-12-09,2024-12-10,2024-12-15,SOLUSDT,0.012840679045231762,2024H2,2024Q4,0.20137296356174605
MOVEUSDT,2024-12-09,2024-12-10,2024-12-15,XRPUSDT,0.07939573537686166,2024H2,2024Q4,0.20137296356174605
MOVEUSDT,2024-12-09,2024-12-10,2024-12-15,DOGEUSDT,-0.0416829762435948,2024H2,2024Q4,0.20137296356174605
MOVEUSDT,2024-12-09,2024-12-10,2024-12-15,ADAUSDT,0.053458578524767195,2024H2,2024Q4,0.20137296356174605
MOVEUSDT,2024-12-09,2024-12-10,2024-12-15,AVAXUSDT,0.10026764635283883,2024H2,2024Q4,0.20137296356174605
MOVEUSDT,2024-12-09,2024-12-10,2024-12-15,LINKUSDT,0.2697068891399208,2024H2,2024Q4,0.20137296356174605
MOVEUSDT,2024-12-09,2024-12-10,2024-12-15,LTCUSDT,0.06535869172245566,2024H2,2024Q4,0.20137296356174605
MOVEUSDT,2024-12-09,2024-12-10,2024-12-15,BCHUSDT,-0.03554821973707376,2024H2,2024Q4,0.20137296356174605
MOVEUSDT,2024-12-09,2024-12-10,2024-12-15,FILUSDT,0.024276097569372834,2024H2,2024Q4,0.20137296356174605
MOVEUSDT,2024-12-09,2024-12-10,2024-12-15,NEARUSDT,0.024020613706354808,2024H2,2024Q4,0.20137296356174605
MOVEUSDT,2024-12-09,2024-12-10,2024-12-15,WIFUSDT,-0.07280333065040251,2024H2,2024Q4,0.20137296356174605
AVAUSDT,2024-12-13,2024-12-14,2024-12-19,BTCUSDT,-0.010355100845662909,2024H2,2024Q4,0.1601953247038601
AVAUSDT,2024-12-13,2024-12-14,2024-12-19,ETHUSDT,-0.07193455887836014,2024H2,2024Q4,0.1601953247038601
AVAUSDT,2024-12-13,2024-12-14,2024-12-19,BNBUSDT,-0.05423258569249737,2024H2,2024Q4,0.1601953247038601
AVAUSDT,2024-12-13,2024-12-14,2024-12-19,SOLUSDT,-0.08204358070657886,2024H2,2024Q4,0.1601953247038601
AVAUSDT,2024-12-13,2024-12-14,2024-12-19,XRPUSDT,-0.044538099717444886,2024H2,2024Q4,0.1601953247038601
AVAUSDT,2024-12-13,2024-12-14,2024-12-19,DOGEUSDT,-0.13078281575828105,2024H2,2024Q4,0.1601953247038601
AVAUSDT,2024-12-13,2024-12-14,2024-12-19,ADAUSDT,-0.1444464616607928,2024H2,2024Q4,0.1601953247038601
AVAUSDT,2024-12-13,2024-12-14,2024-12-19,AVAXUSDT,-0.20764810905620762,2024H2,2024Q4,0.1601953247038601
AVAUSDT,2024-12-13,2024-12-14,2024-12-19,LINKUSDT,-0.15083813535558016,2024H2,2024Q4,0.1601953247038601
AVAUSDT,2024-12-13,2024-12-14,2024-12-19,LTCUSDT,-0.13754369933220484,2024H2,2024Q4,0.1601953247038601
AVAUSDT,2024-12-13,2024-12-14,2024-12-19,BCHUSDT,-0.12021532396692317,2024H2,2024Q4,0.1601953247038601
AVAUSDT,2024-12-13,2024-12-14,2024-12-19,FILUSDT,-0.17576531819473062,2024H2,2024Q4,0.1601953247038601
AVAUSDT,2024-12-13,2024-12-14,2024-12-19,NEARUSDT,-0.1969924568676493,2024H2,2024Q4,0.1601953247038601
AVAUSDT,2024-12-13,2024-12-14,2024-12-19,WIFUSDT,-0.24660724488178987,2024H2,2024Q4,0.1601953247038601
MOCAUSDT,2024-12-16,2024-12-17,2024-12-22,BTCUSDT,-0.08617965807774489,2024H2,2024Q4,0.17991899879755158
MOCAUSDT,2024-12-16,2024-12-17,2024-12-22,ETHUSDT,-0.17783950127018958,2024H2,2024Q4,0.17991899879755158
MOCAUSDT,2024-12-16,2024-12-17,2024-12-22,BNBUSDT,-0.0833394037797655,2024H2,2024Q4,0.17991899879755158
MOCAUSDT,2024-12-16,2024-12-17,2024-12-22,SOLUSDT,-0.17476996702999395,2024H2,2024Q4,0.17991899879755158
MOCAUSDT,2024-12-16,2024-12-17,2024-12-22,XRPUSDT,-0.10501624540675258,2024H2,2024Q4,0.17991899879755158
MOCAUSDT,2024-12-16,2024-12-17,2024-12-22,DOGEUSDT,-0.2272892486939162,2024H2,2024Q4,0.17991899879755158
MOCAUSDT,2024-12-16,2024-12-17,2024-12-22,ADAUSDT,-0.17746978527213775,2024H2,2024Q4,0.17991899879755158
MOCAUSDT,2024-12-16,2024-12-17,2024-12-22,AVAXUSDT,-0.27036284761331114,2024H2,2024Q4,0.17991899879755158
MOCAUSDT,2024-12-16,2024-12-17,2024-12-22,LINKUSDT,-0.26147009788766634,2024H2,2024Q4,0.17991899879755158
MOCAUSDT,2024-12-16,2024-12-17,2024-12-22,LTCUSDT,-0.15130187594874156,2024H2,2024Q4,0.17991899879755158
MOCAUSDT,2024-12-16,2024-12-17,2024-12-22,BCHUSDT,-0.1670355040371845,2024H2,2024Q4,0.17991899879755158
MOCAUSDT,2024-12-16,2024-12-17,2024-12-22,FILUSDT,-0.2846249010092313,2024H2,2024Q4,0.17991899879755158
MOCAUSDT,2024-12-16,2024-12-17,2024-12-22,NEARUSDT,-0.2780065990523349,2024H2,2024Q4,0.17991899879755158
MOCAUSDT,2024-12-16,2024-12-17,2024-12-22,WIFUSDT,-0.37517035907607577,2024H2,2024Q4,0.17991899879755158
AIXBTUSDT,2024-12-20,2024-12-21,2024-12-26,BTCUSDT,0.01729054438282864,2024H2,2024Q4,-0.011233464949556127
AIXBTUSDT,2024-12-20,2024-12-21,2024-12-26,ETHUSDT,0.007005322813381213,2024H2,2024Q4,-0.011233464949556127
AIXBTUSDT,2024-12-20,2024-12-21,2024-12-26,BNBUSDT,0.035239748551006395,2024H2,2024Q4,-0.011233464949556127
AIXBTUSDT,2024-12-20,2024-12-21,2024-12-26,SOLUSDT,0.016083673658593478,2024H2,2024Q4,-0.011233464949556127
AIXBTUSDT,2024-12-20,2024-12-21,2024-12-26,XRPUSDT,0.008042352889127255,2024H2,2024Q4,-0.011233464949556127
AIXBTUSDT,2024-12-20,2024-12-21,2024-12-26,DOGEUSDT,0.05047005927911404,2024H2,2024Q4,-0.011233464949556127
AIXBTUSDT,2024-12-20,2024-12-21,2024-12-26,ADAUSDT,-0.03527570259044102,2024H2,2024Q4,-0.011233464949556127
AIXBTUSDT,2024-12-20,2024-12-21,2024-12-26,AVAXUSDT,0.009941879904586243,2024H2,2024Q4,-0.011233464949556127
AIXBTUSDT,2024-12-20,2024-12-21,2024-12-26,LINKUSDT,0.043685299388654376,2024H2,2024Q4,-0.011233464949556127
AIXBTUSDT,2024-12-20,2024-12-21,2024-12-26,LTCUSDT,0.08010344256575073,2024H2,2024Q4,-0.011233464949556127
AIXBTUSDT,2024-12-20,2024-12-21,2024-12-26,BCHUSDT,0.03634775807050276,2024H2,2024Q4,-0.011233464949556127
AIXBTUSDT,2024-12-20,2024-12-21,2024-12-26,FILUSDT,0.016759104872607823,2024H2,2024Q4,-0.011233464949556127
AIXBTUSDT,2024-12-20,2024-12-21,2024-12-26,NEARUSDT,0.016124897614896223,2024H2,2024Q4,-0.011233464949556127
AIXBTUSDT,2024-12-20,2024-12-21,2024-12-26,WIFUSDT,-0.06221398677650365,2024H2,2024Q4,-0.011233464949556127
HIVEUSDT,2024-12-23,2024-12-24,2024-12-29,BTCUSDT,0.0038298501196480507,2024H2,2024Q4,0.006806832148500863
HIVEUSDT,2024-12-23,2024-12-24,2024-12-29,ETHUSDT,-0.00587559192685327,2024H2,2024Q4,0.006806832148500863
HIVEUSDT,2024-12-23,2024-12-24,2024-12-29,BNBUSDT,0.04159357704309359,2024H2,2024Q4,0.006806832148500863
HIVEUSDT,2024-12-23,2024-12-24,2024-12-29,SOLUSDT,0.02724822806563075,2024H2,2024Q4,0.006806832148500863
HIVEUSDT,2024-12-23,2024-12-24,2024-12-29,XRPUSDT,-0.035287189489058964,2024H2,2024Q4,0.006806832148500863
HIVEUSDT,2024-12-23,2024-12-24,2024-12-29,DOGEUSDT,-0.0017872004264037553,2024H2,2024Q4,0.006806832148500863
HIVEUSDT,2024-12-23,2024-12-24,2024-12-29,ADAUSDT,-0.041217955721231374,2024H2,2024Q4,0.006806832148500863
HIVEUSDT,2024-12-23,2024-12-24,2024-12-29,AVAXUSDT,-0.03547062128874126,2024H2,2024Q4,0.006806832148500863
HIVEUSDT,2024-12-23,2024-12-24,2024-12-29,LINKUSDT,-0.11099075210724386,2024H2,2024Q4,0.006806832148500863
HIVEUSDT,2024-12-23,2024-12-24,2024-12-29,LTCUSDT,-0.058570734362465876,2024H2,2024Q4,0.006806832148500863
HIVEUSDT,2024-12-23,2024-12-24,2024-12-29,BCHUSDT,-0.02211780525361899,2024H2,2024Q4,0.006806832148500863
HIVEUSDT,2024-12-23,2024-12-24,2024-12-29,FILUSDT,0.00441841079969888,2024H2,2024Q4,0.006806832148500863
HIVEUSDT,2024-12-23,2024-12-24,2024-12-29,NEARUSDT,-0.016507840322302642,2024H2,2024Q4,0.006806832148500863
HIVEUSDT,2024-12-23,2024-12-24,2024-12-29,WIFUSDT,-0.05348164663792905,2024H2,2024Q4,0.006806832148500863
PHAUSDT,2024-12-30,2024-12-31,2025-01-05,BTCUSDT,0.057069529912955094,2024H2,2024Q4,-0.03820692108474688
PHAUSDT,2024-12-30,2024-12-31,2025-01-05,ETHUSDT,0.08453020056543913,2024H2,2024Q4,-0.03820692108474688
PHAUSDT,2024-12-30,2024-12-31,2025-01-05,BNBUSDT,0.012157089901693665,2024H2,2024Q4,-0.03820692108474688
PHAUSDT,2024-12-30,2024-12-31,2025-01-05,SOLUSDT,0.12455707020980329,2024H2,2024Q4,-0.03820692108474688
PHAUSDT,2024-12-30,2024-12-31,2025-01-05,XRPUSDT,0.16307273889462637,2024H2,2024Q4,-0.03820692108474688
PHAUSDT,2024-12-30,2024-12-31,2025-01-05,DOGEUSDT,0.22879956715500682,2024H2,2024Q4,-0.03820692108474688
PHAUSDT,2024-12-30,2024-12-31,2025-01-05,ADAUSDT,0.21781181961170146,2024H2,2024Q4,-0.03820692108474688
PHAUSDT,2024-12-30,2024-12-31,2025-01-05,AVAXUSDT,0.1736880748128489,2024H2,2024Q4,-0.03820692108474688
PHAUSDT,2024-12-30,2024-12-31,2025-01-05,LINKUSDT,0.13789152530248783,2024H2,2024Q4,-0.03820692108474688
PHAUSDT,2024-12-30,2024-12-31,2025-01-05,LTCUSDT,0.11304106036793816,2024H2,2024Q4,-0.03820692108474688
PHAUSDT,2024-12-30,2024-12-31,2025-01-05,BCHUSDT,0.07629081408937201,2024H2,2024Q4,-0.03820692108474688
PHAUSDT,2024-12-30,2024-12-31,2025-01-05,FILUSDT,0.1353567658116212,2024H2,2024Q4,-0.03820692108474688
PHAUSDT,2024-12-30,2024-12-31,2025-01-05,NEARUSDT,0.13773463777933168,2024H2,2024Q4,-0.03820692108474688
PHAUSDT,2024-12-30,2024-12-31,2025-01-05,WIFUSDT,0.1769203444138279,2024H2,2024Q4,-0.03820692108474688
GRIFFAINUSDT,2025-01-02,2025-01-03,2025-01-08,BTCUSDT,-0.0012424233390599408,2025H1,2025Q1,-0.005311655643368107
GRIFFAINUSDT,2025-01-02,2025-01-03,2025-01-08,ETHUSDT,-0.02063502616178841,2025H1,2025Q1,-0.005311655643368107
GRIFFAINUSDT,2025-01-02,2025-01-03,2025-01-08,BNBUSDT,-0.01396170793450581,2025H1,2025Q1,-0.005311655643368107
GRIFFAINUSDT,2025-01-02,2025-01-03,2025-01-08,SOLUSDT,-0.027763326156142316,2025H1,2025Q1,-0.005311655643368107
GRIFFAINUSDT,2025-01-02,2025-01-03,2025-01-08,XRPUSDT,-0.05320972208736578,2025H1,2025Q1,-0.005311655643368107
GRIFFAINUSDT,2025-01-02,2025-01-03,2025-01-08,DOGEUSDT,0.0312938649644107,2025H1,2025Q1,-0.005311655643368107
GRIFFAINUSDT,2025-01-02,2025-01-03,2025-01-08,ADAUSDT,0.03194047748957501,2025H1,2025Q1,-0.005311655643368107
GRIFFAINUSDT,2025-01-02,2025-01-03,2025-01-08,AVAXUSDT,0.0010433500113066839,2025H1,2025Q1,-0.005311655643368107
GRIFFAINUSDT,2025-01-02,2025-01-03,2025-01-08,LINKUSDT,-0.028359938097456395,2025H1,2025Q1,-0.005311655643368107
GRIFFAINUSDT,2025-01-02,2025-01-03,2025-01-08,LTCUSDT,-0.021353124470568946,2025H1,2025Q1,-0.005311655643368107
GRIFFAINUSDT,2025-01-02,2025-01-03,2025-01-08,BCHUSDT,-0.05503402902008585,2025H1,2025Q1,-0.005311655643368107
GRIFFAINUSDT,2025-01-02,2025-01-03,2025-01-08,FILUSDT,0.012920318298178477,2025H1,2025Q1,-0.005311655643368107
GRIFFAINUSDT,2025-01-02,2025-01-03,2025-01-08,NEARUSDT,-0.014053485730794483,2025H1,2025Q1,-0.005311655643368107
GRIFFAINUSDT,2025-01-02,2025-01-03,2025-01-08,WIFUSDT,-0.086688292607949,2025H1,2025Q1,-0.005311655643368107
ALCHUSDT,2025-01-07,2025-01-08,2025-01-13,BTCUSDT,-0.024813105568538146,2025H1,2025Q1,-0.02398584064978515
ALCHUSDT,2025-01-07,2025-01-08,2025-01-13,ETHUSDT,-0.03305223357031535,2025H1,2025Q1,-0.02398584064978515
ALCHUSDT,2025-01-07,2025-01-08,2025-01-13,BNBUSDT,-0.006273582405255455,2025H1,2025Q1,-0.02398584064978515
ALCHUSDT,2025-01-07,2025-01-08,2025-01-13,SOLUSDT,-0.06898933647531237,2025H1,2025Q1,-0.02398584064978515
ALCHUSDT,2025-01-07,2025-01-08,2025-01-13,XRPUSDT,0.09995337780182725,2025H1,2025Q1,-0.02398584064978515
ALCHUSDT,2025-01-07,2025-01-08,2025-01-13,DOGEUSDT,-0.03412961202342076,2025H1,2025Q1,-0.02398584064978515
ALCHUSDT,2025-01-07,2025-01-08,2025-01-13,ADAUSDT,-0.021363310548383443,2025H1,2025Q1,-0.02398584064978515
ALCHUSDT,2025-01-07,2025-01-08,2025-01-13,AVAXUSDT,-0.07226261126018947,2025H1,2025Q1,-0.02398584064978515
ALCHUSDT,2025-01-07,2025-01-08,2025-01-13,LINKUSDT,-0.07527093254071812,2025H1,2025Q1,-0.02398584064978515
ALCHUSDT,2025-01-07,2025-01-08,2025-01-13,LTCUSDT,-0.004001371659020141,2025H1,2025Q1,-0.02398584064978515
ALCHUSDT,2025-01-07,2025-01-08,2025-01-13,BCHUSDT,0.02331107886844693,2025H1,2025Q1,-0.02398584064978515
ALCHUSDT,2025-01-07,2025-01-08,2025-01-13,FILUSDT,-0.05119492244314965,2025H1,2025Q1,-0.02398584064978515
ALCHUSDT,2025-01-07,2025-01-08,2025-01-13,NEARUSDT,-0.07755823434587461,2025H1,2025Q1,-0.02398584064978515
ALCHUSDT,2025-01-07,2025-01-08,2025-01-13,WIFUSDT,-0.18096193727791507,2025H1,2025Q1,-0.02398584064978515
PROMUSDT,2025-01-15,2025-01-16,2025-01-21,BTCUSDT,0.018431519941662214,2025H1,2025Q1,-0.05785739470146489
PROMUSDT,2025-01-15,2025-01-16,2025-01-21,ETHUSDT,-0.049311778180810215,2025H1,2025Q1,-0.05785739470146489
PROMUSDT,2025-01-15,2025-01-16,2025-01-21,BNBUSDT,-0.04500867010007378,2025H1,2025Q1,-0.05785739470146489
PROMUSDT,2025-01-15,2025-01-16,2025-01-21,SOLUSDT,0.16433250559145904,2025H1,2025Q1,-0.05785739470146489
PROMUSDT,2025-01-15,2025-01-16,2025-01-21,XRPUSDT,-0.011108557608990384,2025H1,2025Q1,-0.05785739470146489
PROMUSDT,2025-01-15,2025-01-16,2025-01-21,DOGEUSDT,-0.0818664545699792,2025H1,2025Q1,-0.05785739470146489
PROMUSDT,2025-01-15,2025-01-16,2025-01-21,ADAUSDT,-0.06254435434162547,2025H1,2025Q1,-0.05785739470146489
PROMUSDT,2025-01-15,2025-01-16,2025-01-21,AVAXUSDT,-0.10270982404840713,2025H1,2025Q1,-0.05785739470146489
PROMUSDT,2025-01-15,2025-01-16,2025-01-21,LINKUSDT,0.12778988048533815,2025H1,2025Q1,-0.05785739470146489
PROMUSDT,2025-01-15,2025-01-16,2025-01-21,LTCUSDT,0.014855330270393848,2025H1,2025Q1,-0.05785739470146489
PROMUSDT,2025-01-15,2025-01-16,2025-01-21,BCHUSDT,-0.06514285453060072,2025H1,2025Q1,-0.05785739470146489
PROMUSDT,2025-01-15,2025-01-16,2025-01-21,FILUSDT,-0.10157423002764676,2025H1,2025Q1,-0.05785739470146489
PROMUSDT,2025-01-15,2025-01-16,2025-01-21,NEARUSDT,-0.04189698079411799,2025H1,2025Q1,-0.05785739470146489
PROMUSDT,2025-01-15,2025-01-16,2025-01-21,WIFUSDT,-0.23939296620625275,2025H1,2025Q1,-0.05785739470146489
TRUMPUSDT,2025-01-18,2025-01-19,2025-01-24,BTCUSDT,-0.006848605405180887,2025H1,2025Q1,0.03628212314503032
TRUMPUSDT,2025-01-18,2025-01-19,2025-01-24,ETHUSDT,0.010786234801535196,2025H1,2025Q1,0.03628212314503032
TRUMPUSDT,2025-01-18,2025-01-19,2025-01-24,BNBUSDT,-0.02720100311706635,2025H1,2025Q1,0.03628212314503032
TRUMPUSDT,2025-01-18,2025-01-19,2025-01-24,SOLUSDT,-0.03228214368819603,2025H1,2025Q1,0.03628212314503032
TRUMPUSDT,2025-01-18,2025-01-19,2025-01-24,XRPUSDT,-0.046292826315308795,2025H1,2025Q1,0.03628212314503032
TRUMPUSDT,2025-01-18,2025-01-19,2025-01-24,DOGEUSDT,-0.11733204465121364,2025H1,2025Q1,0.03628212314503032
TRUMPUSDT,2025-01-18,2025-01-19,2025-01-24,ADAUSDT,-0.11069832833063645,2025H1,2025Q1,0.03628212314503032
TRUMPUSDT,2025-01-18,2025-01-19,2025-01-24,AVAXUSDT,-0.09720121251157163,2025H1,2025Q1,0.03628212314503032
TRUMPUSDT,2025-01-18,2025-01-19,2025-01-24,LINKUSDT,0.06381724688977951,2025H1,2025Q1,0.03628212314503032
TRUMPUSDT,2025-01-18,2025-01-19,2025-01-24,LTCUSDT,-0.0729610740191304,2025H1,2025Q1,0.03628212314503032
TRUMPUSDT,2025-01-18,2025-01-19,2025-01-24,BCHUSDT,-0.06160250024709704,2025H1,2025Q1,0.03628212314503032
TRUMPUSDT,2025-01-18,2025-01-19,2025-01-24,FILUSDT,-0.07079234263918095,2025H1,2025Q1,0.03628212314503032
TRUMPUSDT,2025-01-18,2025-01-19,2025-01-24,NEARUSDT,-0.08731211379706905,2025H1,2025Q1,0.03628212314503032
TRUMPUSDT,2025-01-18,2025-01-19,2025-01-24,WIFUSDT,-0.2196910201411812,2025H1,2025Q1,0.03628212314503032
VTHOUSDT,2025-01-22,2025-01-23,2025-01-28,BTCUSDT,-0.016007451751165608,2025H1,2025Q1,0.05309792836053351
VTHOUSDT,2025-01-22,2025-01-23,2025-01-28,ETHUSDT,-0.019475967741240163,2025H1,2025Q1,0.05309792836053351
VTHOUSDT,2025-01-22,2025-01-23,2025-01-28,BNBUSDT,-0.022611326896808823,2025H1,2025Q1,0.05309792836053351
VTHOUSDT,2025-01-22,2025-01-23,2025-01-28,SOLUSDT,-0.09252753286590748,2025H1,2025Q1,0.05309792836053351
VTHOUSDT,2025-01-22,2025-01-23,2025-01-28,XRPUSDT,-0.041293952367448775,2025H1,2025Q1,0.05309792836053351
VTHOUSDT,2025-01-22,2025-01-23,2025-01-28,DOGEUSDT,-0.08432063638915464,2025H1,2025Q1,0.05309792836053351
VTHOUSDT,2025-01-22,2025-01-23,2025-01-28,ADAUSDT,-0.05084336990299788,2025H1,2025Q1,0.05309792836053351
VTHOUSDT,2025-01-22,2025-01-23,2025-01-28,AVAXUSDT,-0.07529603311883418,2025H1,2025Q1,0.05309792836053351
VTHOUSDT,2025-01-22,2025-01-23,2025-01-28,LINKUSDT,-0.04575207920035624,2025H1,2025Q1,0.05309792836053351
VTHOUSDT,2025-01-22,2025-01-23,2025-01-28,LTCUSDT,-0.0040828793198486105,2025H1,2025Q1,0.05309792836053351
VTHOUSDT,2025-01-22,2025-01-23,2025-01-28,BCHUSDT,-0.01876018798585956,2025H1,2025Q1,0.05309792836053351
VTHOUSDT,2025-01-22,2025-01-23,2025-01-28,FILUSDT,-0.0723706728321682,2025H1,2025Q1,0.05309792836053351
VTHOUSDT,2025-01-22,2025-01-23,2025-01-28,NEARUSDT,-0.0982776868213939,2025H1,2025Q1,0.05309792836053351
VTHOUSDT,2025-01-22,2025-01-23,2025-01-28,WIFUSDT,-0.18046203466232252,2025H1,2025Q1,0.05309792836053351
VVVUSDT,2025-01-29,2025-01-30,2025-02-04,BTCUSDT,-0.022169113655386694,2025H1,2025Q1,0.11895383056348074
VVVUSDT,2025-01-29,2025-01-30,2025-02-04,ETHUSDT,-0.07929600817092576,2025H1,2025Q1,0.11895383056348074
VVVUSDT,2025-01-29,2025-01-30,2025-02-04,BNBUSDT,-0.07981691110031859,2025H1,2025Q1,0.11895383056348074
VVVUSDT,2025-01-29,2025-01-30,2025-02-04,SOLUSDT,-0.05438154301405983,2025H1,2025Q1,0.11895383056348074
VVVUSDT,2025-01-29,2025-01-30,2025-02-04,XRPUSDT,-0.12485453853894828,2025H1,2025Q1,0.11895383056348074
VVVUSDT,2025-01-29,2025-01-30,2025-02-04,DOGEUSDT,-0.1288274687886219,2025H1,2025Q1,0.11895383056348074
VVVUSDT,2025-01-29,2025-01-30,2025-02-04,ADAUSDT,-0.14185656348439393,2025H1,2025Q1,0.11895383056348074
VVVUSDT,2025-01-29,2025-01-30,2025-02-04,AVAXUSDT,-0.1433684134744752,2025H1,2025Q1,0.11895383056348074
VVVUSDT,2025-01-29,2025-01-30,2025-02-04,LINKUSDT,-0.08753046502131077,2025H1,2025Q1,0.11895383056348074
VVVUSDT,2025-01-29,2025-01-30,2025-02-04,LTCUSDT,-0.07846809102610772,2025H1,2025Q1,0.11895383056348074
VVVUSDT,2025-01-29,2025-01-30,2025-02-04,BCHUSDT,-0.16174202782181762,2025H1,2025Q1,0.11895383056348074
VVVUSDT,2025-01-29,2025-01-30,2025-02-04,FILUSDT,-0.2509028209484846,2025H1,2025Q1,0.11895383056348074
VVVUSDT,2025-01-29,2025-01-30,2025-02-04,NEARUSDT,-0.15475486381965764,2025H1,2025Q1,0.11895383056348074
VVVUSDT,2025-01-29,2025-01-30,2025-02-04,WIFUSDT,-0.3183059005321171,2025H1,2025Q1,0.11895383056348074
BERAUSDT,2025-02-06,2025-02-07,2025-02-12,BTCUSDT,-0.009001695315816778,2025H1,2025Q1,0.015159855221488217
BERAUSDT,2025-02-06,2025-02-07,2025-02-12,ETHUSDT,-0.03318961573062632,2025H1,2025Q1,0.015159855221488217
BERAUSDT,2025-02-06,2025-02-07,2025-02-12,BNBUSDT,0.11607456821053526,2025H1,2025Q1,0.015159855221488217
BERAUSDT,2025-02-06,2025-02-07,2025-02-12,SOLUSDT,0.04237265227808473,2025H1,2025Q1,0.015159855221488217
BERAUSDT,2025-02-06,2025-02-07,2025-02-12,XRPUSDT,0.035220415923504736,2025H1,2025Q1,0.015159855221488217
BERAUSDT,2025-02-06,2025-02-07,2025-02-12,DOGEUSDT,0.018517196089923384,2025H1,2025Q1,0.015159855221488217
BERAUSDT,2025-02-06,2025-02-07,2025-02-12,ADAUSDT,0.09755265106997799,2025H1,2025Q1,0.015159855221488217
BERAUSDT,2025-02-06,2025-02-07,2025-02-12,AVAXUSDT,0.033253405269947515,2025H1,2025Q1,0.015159855221488217
BERAUSDT,2025-02-06,2025-02-07,2025-02-12,LINKUSDT,0.0010224124441090888,2025H1,2025Q1,0.015159855221488217
BERAUSDT,2025-02-06,2025-02-07,2025-02-12,LTCUSDT,0.1527996705868939,2025H1,2025Q1,0.015159855221488217
BERAUSDT,2025-02-06,2025-02-07,2025-02-12,BCHUSDT,0.04520840975210342,2025H1,2025Q1,0.015159855221488217
BERAUSDT,2025-02-06,2025-02-07,2025-02-12,FILUSDT,0.06548018795730319,2025H1,2025Q1,0.015159855221488217
BERAUSDT,2025-02-06,2025-02-07,2025-02-12,NEARUSDT,0.015793126739596812,2025H1,2025Q1,0.015159855221488217
BERAUSDT,2025-02-06,2025-02-07,2025-02-12,WIFUSDT,-0.1279804430284717,2025H1,2025Q1,0.015159855221488217
TSTUSDT,2025-02-09,2025-02-10,2025-02-15,BTCUSDT,0.010291834697974057,2025H1,2025Q1,0.02978664904163919
TSTUSDT,2025-02-09,2025-02-10,2025-02-15,ETHUSDT,0.03686255798983331,2025H1,2025Q1,0.02978664904163919
TSTUSDT,2025-02-09,2025-02-10,2025-02-15,BNBUSDT,0.06840984491238443,2025H1,2025Q1,0.02978664904163919
TSTUSDT,2025-02-09,2025-02-10,2025-02-15,SOLUSDT,-0.004954593124683341,2025H1,2025Q1,0.02978664904163919
TSTUSDT,2025-02-09,2025-02-10,2025-02-15,XRPUSDT,0.13552133909302908,2025H1,2025Q1,0.02978664904163919
TSTUSDT,2025-02-09,2025-02-10,2025-02-15,DOGEUSDT,0.08921348293130286,2025H1,2025Q1,0.02978664904163919
TSTUSDT,2025-02-09,2025-02-10,2025-02-15,ADAUSDT,0.16004892118483138,2025H1,2025Q1,0.02978664904163919
TSTUSDT,2025-02-09,2025-02-10,2025-02-15,AVAXUSDT,0.060712170604235755,2025H1,2025Q1,0.02978664904163919
TSTUSDT,2025-02-09,2025-02-10,2025-02-15,LINKUSDT,0.059702561623759635,2025H1,2025Q1,0.02978664904163919
TSTUSDT,2025-02-09,2025-02-10,2025-02-15,LTCUSDT,0.15550953859516287,2025H1,2025Q1,0.02978664904163919
TSTUSDT,2025-02-09,2025-02-10,2025-02-15,BCHUSDT,0.05247528845800741,2025H1,2025Q1,0.02978664904163919
TSTUSDT,2025-02-09,2025-02-10,2025-02-15,FILUSDT,0.062382981134539106,2025H1,2025Q1,0.02978664904163919
TSTUSDT,2025-02-09,2025-02-10,2025-02-15,NEARUSDT,0.11185496175151084,2025H1,2025Q1,0.02978664904163919
TSTUSDT,2025-02-09,2025-02-10,2025-02-15,WIFUSDT,0.11809441663352181,2025H1,2025Q1,0.02978664904163919
HEIUSDT,2025-02-13,2025-02-14,2025-02-19,BTCUSDT,-0.010363099878860065,2025H1,2025Q1,-0.03001094963169415
HEIUSDT,2025-02-13,2025-02-14,2025-02-19,ETHUSDT,-0.0019761372959310737,2025H1,2025Q1,-0.03001094963169415
HEIUSDT,2025-02-13,2025-02-14,2025-02-19,BNBUSDT,-0.02567488156743771,2025H1,2025Q1,-0.03001094963169415
HEIUSDT,2025-02-13,2025-02-14,2025-02-19,SOLUSDT,-0.13615471218416048,2025H1,2025Q1,-0.03001094963169415
HEIUSDT,2025-02-13,2025-02-14,2025-02-19,XRPUSDT,0.0011721040607372475,2025H1,2025Q1,-0.03001094963169415
HEIUSDT,2025-02-13,2025-02-14,2025-02-19,DOGEUSDT,-0.04395455652932576,2025H1,2025Q1,-0.03001094963169415
HEIUSDT,2025-02-13,2025-02-14,2025-02-19,ADAUSDT,-0.07427888473235422,2025H1,2025Q1,-0.03001094963169415
HEIUSDT,2025-02-13,2025-02-14,2025-02-19,AVAXUSDT,-0.0791238795085048,2025H1,2025Q1,-0.03001094963169415
HEIUSDT,2025-02-13,2025-02-14,2025-02-19,LINKUSDT,-0.038037011868345516,2025H1,2025Q1,-0.03001094963169415
HEIUSDT,2025-02-13,2025-02-14,2025-02-19,LTCUSDT,0.026595445457197053,2025H1,2025Q1,-0.03001094963169415
HEIUSDT,2025-02-13,2025-02-14,2025-02-19,BCHUSDT,-0.058357317742522,2025H1,2025Q1,-0.03001094963169415
HEIUSDT,2025-02-13,2025-02-14,2025-02-19,FILUSDT,-0.05343054372593423,2025H1,2025Q1,-0.03001094963169415
HEIUSDT,2025-02-13,2025-02-14,2025-02-19,NEARUSDT,-0.07442720599521986,2025H1,2025Q1,-0.03001094963169415
HEIUSDT,2025-02-13,2025-02-14,2025-02-19,WIFUSDT,0.04345625701149541,2025H1,2025Q1,-0.03001094963169415
GPSUSDT,2025-02-17,2025-02-18,2025-02-23,BTCUSDT,0.007485768982789856,2025H1,2025Q1,-0.056158481514931635
GPSUSDT,2025-02-17,2025-02-18,2025-02-23,ETHUSDT,0.007206950417660346,2025H1,2025Q1,-0.056158481514931635
GPSUSDT,2025-02-17,2025-02-18,2025-02-23,BNBUSDT,0.0019617392386945616,2025H1,2025Q1,-0.056158481514931635
GPSUSDT,2025-02-17,2025-02-18,2025-02-23,SOLUSDT,-0.03124896588817409,2025H1,2025Q1,-0.056158481514931635
GPSUSDT,2025-02-17,2025-02-18,2025-02-23,XRPUSDT,-0.0330004901124068,2025H1,2025Q1,-0.056158481514931635
GPSUSDT,2025-02-17,2025-02-18,2025-02-23,DOGEUSDT,-0.046842977586323366,2025H1,2025Q1,-0.056158481514931635
GPSUSDT,2025-02-17,2025-02-18,2025-02-23,ADAUSDT,-0.04542497675756547,2025H1,2025Q1,-0.056158481514931635
GPSUSDT,2025-02-17,2025-02-18,2025-02-23,AVAXUSDT,0.031048985168410415,2025H1,2025Q1,-0.056158481514931635
GPSUSDT,2025-02-17,2025-02-18,2025-02-23,LINKUSDT,-0.0734274685548172,2025H1,2025Q1,-0.056158481514931635
GPSUSDT,2025-02-17,2025-02-18,2025-02-23,LTCUSDT,0.028227680624867163,2025H1,2025Q1,-0.056158481514931635
GPSUSDT,2025-02-17,2025-02-18,2025-02-23,BCHUSDT,-0.008626092956977758,2025H1,2025Q1,-0.056158481514931635
GPSUSDT,2025-02-17,2025-02-18,2025-02-23,FILUSDT,0.0,2025H1,2025Q1,-0.056158481514931635
GPSUSDT,2025-02-17,2025-02-18,2025-02-23,NEARUSDT,0.06221318450157275,2025H1,2025Q1,-0.056158481514931635
GPSUSDT,2025-02-17,2025-02-18,2025-02-23,WIFUSDT,0.1065954942026675,2025H1,2025Q1,-0.056158481514931635
KAITOUSDT,2025-02-20,2025-02-21,2025-02-26,BTCUSDT,-0.10376183981795713,2025H1,2025Q1,-0.0727054190955666
KAITOUSDT,2025-02-20,2025-02-21,2025-02-26,ETHUSDT,-0.09260672053069435,2025H1,2025Q1,-0.0727054190955666
KAITOUSDT,2025-02-20,2025-02-21,2025-02-26,BNBUSDT,-0.052244557290796065,2025H1,2025Q1,-0.0727054190955666
KAITOUSDT,2025-02-20,2025-02-21,2025-02-26,SOLUSDT,-0.199616359170131,2025H1,2025Q1,-0.0727054190955666
KAITOUSDT,2025-02-20,2025-02-21,2025-02-26,XRPUSDT,-0.1486448414986401,2025H1,2025Q1,-0.0727054190955666
KAITOUSDT,2025-02-20,2025-02-21,2025-02-26,DOGEUSDT,-0.18680957661018202,2025H1,2025Q1,-0.0727054190955666
KAITOUSDT,2025-02-20,2025-02-21,2025-02-26,ADAUSDT,-0.16162606576117758,2025H1,2025Q1,-0.0727054190955666
KAITOUSDT,2025-02-20,2025-02-21,2025-02-26,AVAXUSDT,-0.13745968647937287,2025H1,2025Q1,-0.0727054190955666
KAITOUSDT,2025-02-20,2025-02-21,2025-02-26,LINKUSDT,-0.17941518148674007,2025H1,2025Q1,-0.0727054190955666
KAITOUSDT,2025-02-20,2025-02-21,2025-02-26,LTCUSDT,-0.13384829615190694,2025H1,2025Q1,-0.0727054190955666
KAITOUSDT,2025-02-20,2025-02-21,2025-02-26,BCHUSDT,-0.1114586589203511,2025H1,2025Q1,-0.0727054190955666
KAITOUSDT,2025-02-20,2025-02-21,2025-02-26,FILUSDT,-0.10749403661615374,2025H1,2025Q1,-0.0727054190955666
KAITOUSDT,2025-02-20,2025-02-21,2025-02-26,NEARUSDT,-0.14410034397375687,2025H1,2025Q1,-0.0727054190955666
KAITOUSDT,2025-02-20,2025-02-21,2025-02-26,WIFUSDT,-0.15907003832266012,2025H1,2025Q1,-0.0727054190955666
REDUSDT,2025-03-06,2025-03-07,2025-03-12,BTCUSDT,-0.0804507063825019,2025H1,2025Q1,-0.10149223433298937
REDUSDT,2025-03-06,2025-03-07,2025-03-12,ETHUSDT,-0.1344994579104514,2025H1,2025Q1,-0.10149223433298937
REDUSDT,2025-03-06,2025-03-07,2025-03-12,BNBUSDT,-0.07737972406239672,2025H1,2025Q1,-0.10149223433298937
REDUSDT,2025-03-06,2025-03-07,2025-03-12,SOLUSDT,-0.13127965554469548,2025H1,2025Q1,-0.10149223433298937
REDUSDT,2025-03-06,2025-03-07,2025-03-12,XRPUSDT,-0.1772920796609826,2025H1,2025Q1,-0.10149223433298937
REDUSDT,2025-03-06,2025-03-07,2025-03-12,DOGEUSDT,-0.19941907218618438,2025H1,2025Q1,-0.10149223433298937
REDUSDT,2025-03-06,2025-03-07,2025-03-12,ADAUSDT,-0.22181963232118662,2025H1,2025Q1,-0.10149223433298937
REDUSDT,2025-03-06,2025-03-07,2025-03-12,AVAXUSDT,-0.17941921147124715,2025H1,2025Q1,-0.10149223433298937
REDUSDT,2025-03-06,2025-03-07,2025-03-12,LINKUSDT,-0.2585989947376799,2025H1,2025Q1,-0.10149223433298937
REDUSDT,2025-03-06,2025-03-07,2025-03-12,LTCUSDT,-0.13136316799229428,2025H1,2025Q1,-0.10149223433298937
REDUSDT,2025-03-06,2025-03-07,2025-03-12,BCHUSDT,-0.14841189793317905,2025H1,2025Q1,-0.10149223433298937
REDUSDT,2025-03-06,2025-03-07,2025-03-12,FILUSDT,-0.11531444817424244,2025H1,2025Q1,-0.10149223433298937
REDUSDT,2025-03-06,2025-03-07,2025-03-12,NEARUSDT,-0.21824558233866262,2025H1,2025Q1,-0.10149223433298937
REDUSDT,2025-03-06,2025-03-07,2025-03-12,WIFUSDT,-0.23836387380888344,2025H1,2025Q1,-0.10149223433298937
VICUSDT,2025-03-12,2025-03-13,2025-03-18,BTCUSDT,0.0036589772784001886,2025H1,2025Q1,-0.15299055482318236
VICUSDT,2025-03-12,2025-03-13,2025-03-18,ETHUSDT,0.009995857458038736,2025H1,2025Q1,-0.15299055482318236
VICUSDT,2025-03-12,2025-03-13,2025-03-18,BNBUSDT,0.10171022200791845,2025H1,2025Q1,-0.15299055482318236
VICUSDT,2025-03-12,2025-03-13,2025-03-18,SOLUSDT,0.011159251362578932,2025H1,2025Q1,-0.15299055482318236
VICUSDT,2025-03-12,2025-03-13,2025-03-18,XRPUSDT,0.04336912537883848,2025H1,2025Q1,-0.15299055482318236
VICUSDT,2025-03-12,2025-03-13,2025-03-18,DOGEUSDT,0.00647887960748625,2025H1,2025Q1,-0.15299055482318236
VICUSDT,2025-03-12,2025-03-13,2025-03-18,ADAUSDT,-0.02492383747119883,2025H1,2025Q1,-0.15299055482318236
VICUSDT,2025-03-12,2025-03-13,2025-03-18,AVAXUSDT,-0.0028607775391083583,2025H1,2025Q1,-0.15299055482318236
VICUSDT,2025-03-12,2025-03-13,2025-03-18,LINKUSDT,0.04177716959458278,2025H1,2025Q1,-0.15299055482318236
VICUSDT,2025-03-12,2025-03-13,2025-03-18,LTCUSDT,0.007949946580593911,2025H1,2025Q1,-0.15299055482318236
VICUSDT,2025-03-12,2025-03-13,2025-03-18,BCHUSDT,-0.04703446812470153,2025H1,2025Q1,-0.15299055482318236
VICUSDT,2025-03-12,2025-03-13,2025-03-18,FILUSDT,0.08230421612519083,2025H1,2025Q1,-0.15299055482318236
VICUSDT,2025-03-12,2025-03-13,2025-03-18,NEARUSDT,0.03501030769991515,2025H1,2025Q1,-0.15299055482318236
VICUSDT,2025-03-12,2025-03-13,2025-03-18,WIFUSDT,0.04058882828833075,2025H1,2025Q1,-0.15299055482318236
BMTUSDT,2025-03-17,2025-03-18,2025-03-23,BTCUSDT,-0.0022941150059718157,2025H1,2025Q1,-0.13949535220210885
BMTUSDT,2025-03-17,2025-03-18,2025-03-23,ETHUSDT,0.027685857261650966,2025H1,2025Q1,-0.13949535220210885
BMTUSDT,2025-03-17,2025-03-18,2025-03-23,BNBUSDT,-0.007216575325760433,2025H1,2025Q1,-0.13949535220210885
BMTUSDT,2025-03-17,2025-03-18,2025-03-23,SOLUSDT,0.002888257735550078,2025H1,2025Q1,-0.13949535220210885
BMTUSDT,2025-03-17,2025-03-18,2025-03-23,XRPUSDT,0.013432720574675353,2025H1,2025Q1,-0.13949535220210885
BMTUSDT,2025-03-17,2025-03-18,2025-03-23,DOGEUSDT,-0.03584402520390492,2025H1,2025Q1,-0.13949535220210885
BMTUSDT,2025-03-17,2025-03-18,2025-03-23,ADAUSDT,-0.02228268755254079,2025H1,2025Q1,-0.13949535220210885
BMTUSDT,2025-03-17,2025-03-18,2025-03-23,AVAXUSDT,0.031246817914440214,2025H1,2025Q1,-0.13949535220210885
BMTUSDT,2025-03-17,2025-03-18,2025-03-23,LINKUSDT,0.015217761908951619,2025H1,2025Q1,-0.13949535220210885
BMTUSDT,2025-03-17,2025-03-18,2025-03-23,LTCUSDT,-0.00860243776107233,2025H1,2025Q1,-0.13949535220210885
BMTUSDT,2025-03-17,2025-03-18,2025-03-23,BCHUSDT,-0.046220658403462685,2025H1,2025Q1,-0.13949535220210885
BMTUSDT,2025-03-17,2025-03-18,2025-03-23,FILUSDT,-0.010983635133964076,2025H1,2025Q1,-0.13949535220210885
BMTUSDT,2025-03-17,2025-03-18,2025-03-23,NEARUSDT,0.033572716634079944,2025H1,2025Q1,-0.13949535220210885
BMTUSDT,2025-03-17,2025-03-18,2025-03-23,WIFUSDT,0.014288792421782923,2025H1,2025Q1,-0.13949535220210885
TUTUSDT,2025-03-20,2025-03-21,2025-03-26,BTCUSDT,0.0369355015868729,2025H1,2025Q1,-0.12989606410070598
TUTUSDT,2025-03-20,2025-03-21,2025-03-26,ETHUSDT,0.04025372462843205,2025H1,2025Q1,-0.12989606410070598
TUTUSDT,2025-03-20,2025-03-21,2025-03-26,BNBUSDT,-0.0006193278109397658,2025H1,2025Q1,-0.12989606410070598
TUTUSDT,2025-03-20,2025-03-21,2025-03-26,SOLUSDT,0.11791371532150684,2025H1,2025Q1,-0.12989606410070598
TUTUSDT,2025-03-20,2025-03-21,2025-03-26,XRPUSDT,0.00524397940620033,2025H1,2025Q1,-0.12989606410070598
TUTUSDT,2025-03-20,2025-03-21,2025-03-26,DOGEUSDT,0.11708744736409234,2025H1,2025Q1,-0.12989606410070598
TUTUSDT,2025-03-20,2025-03-21,2025-03-26,ADAUSDT,0.03573520080202763,2025H1,2025Q1,-0.12989606410070598
TUTUSDT,2025-03-20,2025-03-21,2025-03-26,AVAXUSDT,0.20148556098168177,2025H1,2025Q1,-0.12989606410070598
TUTUSDT,2025-03-20,2025-03-21,2025-03-26,LINKUSDT,0.08145998900305587,2025H1,2025Q1,-0.12989606410070598
TUTUSDT,2025-03-20,2025-03-21,2025-03-26,LTCUSDT,0.011624937611198675,2025H1,2025Q1,-0.12989606410070598
TUTUSDT,2025-03-20,2025-03-21,2025-03-26,BCHUSDT,0.007589602272163347,2025H1,2025Q1,-0.12989606410070598
TUTUSDT,2025-03-20,2025-03-21,2025-03-26,FILUSDT,0.02654736672766189,2025H1,2025Q1,-0.12989606410070598
TUTUSDT,2025-03-20,2025-03-21,2025-03-26,NEARUSDT,0.09997913975864062,2025H1,2025Q1,-0.12989606410070598
TUTUSDT,2025-03-20,2025-03-21,2025-03-26,WIFUSDT,0.07858338599901143,2025H1,2025Q1,-0.12989606410070598
NILUSDT,2025-03-24,2025-03-25,2025-03-30,BTCUSDT,-0.05774356919628192,2025H1,2025Q1,-0.09196369925087089
NILUSDT,2025-03-24,2025-03-25,2025-03-30,ETHUSDT,-0.1301750406547521,2025H1,2025Q1,-0.09196369925087089
NILUSDT,2025-03-24,2025-03-25,2025-03-30,BNBUSDT,-0.05545406049521774,2025H1,2025Q1,-0.09196369925087089
NILUSDT,2025-03-24,2025-03-25,2025-03-30,SOLUSDT,-0.12530504731070782,2025H1,2025Q1,-0.09196369925087089
NILUSDT,2025-03-24,2025-03-25,2025-03-30,XRPUSDT,-0.1385028317693186,2025H1,2025Q1,-0.09196369925087089
NILUSDT,2025-03-24,2025-03-25,2025-03-30,DOGEUSDT,-0.07768081897682563,2025H1,2025Q1,-0.09196369925087089
NILUSDT,2025-03-24,2025-03-25,2025-03-30,ADAUSDT,-0.08585657792669202,2025H1,2025Q1,-0.09196369925087089
NILUSDT,2025-03-24,2025-03-25,2025-03-30,AVAXUSDT,-0.09255212190418338,2025H1,2025Q1,-0.09196369925087089
NILUSDT,2025-03-24,2025-03-25,2025-03-30,LINKUSDT,-0.11094559932604427,2025H1,2025Q1,-0.09196369925087089
NILUSDT,2025-03-24,2025-03-25,2025-03-30,LTCUSDT,-0.093892216209901,2025H1,2025Q1,-0.09196369925087089
NILUSDT,2025-03-24,2025-03-25,2025-03-30,BCHUSDT,-0.09229955019611286,2025H1,2025Q1,-0.09196369925087089
NILUSDT,2025-03-24,2025-03-25,2025-03-30,FILUSDT,-0.13248118819476307,2025H1,2025Q1,-0.09196369925087089
NILUSDT,2025-03-24,2025-03-25,2025-03-30,NEARUSDT,-0.13152821618821572,2025H1,2025Q1,-0.09196369925087089
NILUSDT,2025-03-24,2025-03-25,2025-03-30,WIFUSDT,-0.2558361840520081,2025H1,2025Q1,-0.09196369925087089
PAXGUSDT,2025-03-27,2025-03-28,2025-04-02,BTCUSDT,-0.024029634746608245,2025H1,2025Q1,0.0020461117345635937
PAXGUSDT,2025-03-27,2025-03-28,2025-04-02,ETHUSDT,-0.05122497132454852,2025H1,2025Q1,0.0020461117345635937
PAXGUSDT,2025-03-27,2025-03-28,2025-04-02,BNBUSDT,-0.04112243546377886,2025H1,2025Q1,0.0020461117345635937
PAXGUSDT,2025-03-27,2025-03-28,2025-04-02,SOLUSDT,-0.09032839156150187,2025H1,2025Q1,0.0020461117345635937
PAXGUSDT,2025-03-27,2025-03-28,2025-04-02,XRPUSDT,-0.09187576619782742,2025H1,2025Q1,0.0020461117345635937
PAXGUSDT,2025-03-27,2025-03-28,2025-04-02,DOGEUSDT,-0.09191765321056224,2025H1,2025Q1,0.0020461117345635937
PAXGUSDT,2025-03-27,2025-03-28,2025-04-02,ADAUSDT,-0.0873194237905353,2025H1,2025Q1,0.0020461117345635937
PAXGUSDT,2025-03-27,2025-03-28,2025-04-02,AVAXUSDT,-0.10584539353871228,2025H1,2025Q1,0.0020461117345635937
PAXGUSDT,2025-03-27,2025-03-28,2025-04-02,LINKUSDT,-0.1009795433376804,2025H1,2025Q1,0.0020461117345635937
PAXGUSDT,2025-03-27,2025-03-28,2025-04-02,LTCUSDT,-0.09483579649372086,2025H1,2025Q1,0.0020461117345635937
PAXGUSDT,2025-03-27,2025-03-28,2025-04-02,BCHUSDT,-0.0524879678449247,2025H1,2025Q1,0.0020461117345635937
PAXGUSDT,2025-03-27,2025-03-28,2025-04-02,FILUSDT,-0.06427365555530502,2025H1,2025Q1,0.0020461117345635937
PAXGUSDT,2025-03-27,2025-03-28,2025-04-02,NEARUSDT,-0.12964715677134434,2025H1,2025Q1,0.0020461117345635937
PAXGUSDT,2025-03-27,2025-03-28,2025-04-02,WIFUSDT,-0.21086818402958027,2025H1,2025Q1,0.0020461117345635937
GUNUSDT,2025-03-31,2025-04-01,2025-04-06,BTCUSDT,0.01160627323853364,2025H1,2025Q1,-0.09659976141655746
GUNUSDT,2025-03-31,2025-04-01,2025-04-06,ETHUSDT,-0.009531498840585165,2025H1,2025Q1,-0.09659976141655746
GUNUSDT,2025-03-31,2025-04-01,2025-04-06,BNBUSDT,-0.019372036278560597,2025H1,2025Q1,-0.09659976141655746
GUNUSDT,2025-03-31,2025-04-01,2025-04-06,SOLUSDT,-0.03524053499706158,2025H1,2025Q1,-0.09659976141655746
GUNUSDT,2025-03-31,2025-04-01,2025-04-06,XRPUSDT,0.02449642516535621,2025H1,2025Q1,-0.09659976141655746
GUNUSDT,2025-03-31,2025-04-01,2025-04-06,DOGEUSDT,0.013180450240804267,2025H1,2025Q1,-0.09659976141655746
GUNUSDT,2025-03-31,2025-04-01,2025-04-06,ADAUSDT,-0.01155730625758206,2025H1,2025Q1,-0.09659976141655746
GUNUSDT,2025-03-31,2025-04-01,2025-04-06,AVAXUSDT,-0.051122181352948215,2025H1,2025Q1,-0.09659976141655746
GUNUSDT,2025-03-31,2025-04-01,2025-04-06,LINKUSDT,-0.05175730528258505,2025H1,2025Q1,-0.09659976141655746
GUNUSDT,2025-03-31,2025-04-01,2025-04-06,LTCUSDT,-0.004954992312017659,2025H1,2025Q1,-0.09659976141655746
GUNUSDT,2025-03-31,2025-04-01,2025-04-06,BCHUSDT,0.0022067429866521426,2025H1,2025Q1,-0.09659976141655746
GUNUSDT,2025-03-31,2025-04-01,2025-04-06,FILUSDT,-0.03108679654218108,2025H1,2025Q1,-0.09659976141655746
GUNUSDT,2025-03-31,2025-04-01,2025-04-06,NEARUSDT,-0.0279087881170765,2025H1,2025Q1,-0.09659976141655746
GUNUSDT,2025-03-31,2025-04-01,2025-04-06,WIFUSDT,-0.08502012054187592,2025H1,2025Q1,-0.09659976141655746
BABYUSDT,2025-04-05,2025-04-06,2025-04-11,BTCUSDT,-0.04822096658944466,2025H1,2025Q2,-0.09640845703588774
BABYUSDT,2025-04-05,2025-04-06,2025-04-11,ETHUSDT,-0.17155946304346728,2025H1,2025Q2,-0.09640845703588774
BABYUSDT,2025-04-05,2025-04-06,2025-04-11,BNBUSDT,-0.026463666247755837,2025H1,2025Q2,-0.09640845703588774
BABYUSDT,2025-04-05,2025-04-06,2025-04-11,SOLUSDT,-0.06590882894999005,2025H1,2025Q2,-0.09640845703588774
BABYUSDT,2025-04-05,2025-04-06,2025-04-11,XRPUSDT,-0.0879618022067075,2025H1,2025Q2,-0.09640845703588774
BABYUSDT,2025-04-05,2025-04-06,2025-04-11,DOGEUSDT,-0.09555892276529314,2025H1,2025Q2,-0.09640845703588774
BABYUSDT,2025-04-05,2025-04-06,2025-04-11,ADAUSDT,-0.07321501004527305,2025H1,2025Q2,-0.09640845703588774
BABYUSDT,2025-04-05,2025-04-06,2025-04-11,AVAXUSDT,0.025743011360992333,2025H1,2025Q2,-0.09640845703588774
BABYUSDT,2025-04-05,2025-04-06,2025-04-11,LINKUSDT,-0.062266606306339664,2025H1,2025Q2,-0.09640845703588774
BABYUSDT,2025-04-05,2025-04-06,2025-04-11,LTCUSDT,-0.11382741790709452,2025H1,2025Q2,-0.09640845703588774
BABYUSDT,2025-04-05,2025-04-06,2025-04-11,BCHUSDT,-0.04696521113636597,2025H1,2025Q2,-0.09640845703588774
BABYUSDT,2025-04-05,2025-04-06,2025-04-11,FILUSDT,-0.13905744281877688,2025H1,2025Q2,-0.09640845703588774
BABYUSDT,2025-04-05,2025-04-06,2025-04-11,NEARUSDT,-0.19776173472714162,2025H1,2025Q2,-0.09640845703588774
BABYUSDT,2025-04-05,2025-04-06,2025-04-11,WIFUSDT,-0.054830124080357534,2025H1,2025Q2,-0.09640845703588774
PROMPTUSDT,2025-04-11,2025-04-12,2025-04-17,BTCUSDT,0.006869034779522077,2025H1,2025Q2,0.05121020553638522
PROMPTUSDT,2025-04-11,2025-04-12,2025-04-17,ETHUSDT,0.007310518237896123,2025H1,2025Q2,0.05121020553638522
PROMPTUSDT,2025-04-11,2025-04-12,2025-04-17,BNBUSDT,-0.005631696086864339,2025H1,2025Q2,0.05121020553638522
PROMPTUSDT,2025-04-11,2025-04-12,2025-04-17,SOLUSDT,0.07965589358994894,2025H1,2025Q2,0.05121020553638522
PROMPTUSDT,2025-04-11,2025-04-12,2025-04-17,XRPUSDT,0.030882586730018535,2025H1,2025Q2,0.05121020553638522
PROMPTUSDT,2025-04-11,2025-04-12,2025-04-17,DOGEUSDT,-0.03253145826917015,2025H1,2025Q2,0.05121020553638522
PROMPTUSDT,2025-04-11,2025-04-12,2025-04-17,ADAUSDT,-0.020742924891002074,2025H1,2025Q2,0.05121020553638522
PROMPTUSDT,2025-04-11,2025-04-12,2025-04-17,AVAXUSDT,-0.019924030719905346,2025H1,2025Q2,0.05121020553638522
PROMPTUSDT,2025-04-11,2025-04-12,2025-04-17,LINKUSDT,-0.02232181963544441,2025H1,2025Q2,0.05121020553638522
PROMPTUSDT,2025-04-11,2025-04-12,2025-04-17,LTCUSDT,-0.024055914472064784,2025H1,2025Q2,0.05121020553638522
PROMPTUSDT,2025-04-11,2025-04-12,2025-04-17,BCHUSDT,0.029433352064662705,2025H1,2025Q2,0.05121020553638522
PROMPTUSDT,2025-04-11,2025-04-12,2025-04-17,FILUSDT,-0.027693441600627807,2025H1,2025Q2,0.05121020553638522
PROMPTUSDT,2025-04-11,2025-04-12,2025-04-17,NEARUSDT,-0.06071442469916773,2025H1,2025Q2,0.05121020553638522
PROMPTUSDT,2025-04-11,2025-04-12,2025-04-17,WIFUSDT,-0.04518646585264856,2025H1,2025Q2,0.05121020553638522
KERNELUSDT,2025-04-14,2025-04-15,2025-04-20,BTCUSDT,0.005631399206167207,2025H1,2025Q2,0.012928026595074416
KERNELUSDT,2025-04-14,2025-04-15,2025-04-20,ETHUSDT,-0.0072348924572139,2025H1,2025Q2,0.012928026595074416
KERNELUSDT,2025-04-14,2025-04-15,2025-04-20,BNBUSDT,0.013029167850487916,2025H1,2025Q2,0.012928026595074416
KERNELUSDT,2025-04-14,2025-04-15,2025-04-20,SOLUSDT,0.07748783460805547,2025H1,2025Q2,0.012928026595074416
KERNELUSDT,2025-04-14,2025-04-15,2025-04-20,XRPUSDT,-0.018560806256799373,2025H1,2025Q2,0.012928026595074416
KERNELUSDT,2025-04-14,2025-04-15,2025-04-20,DOGEUSDT,-0.007602190556379905,2025H1,2025Q2,0.012928026595074416
KERNELUSDT,2025-04-14,2025-04-15,2025-04-20,ADAUSDT,-0.010292229243352753,2025H1,2025Q2,0.012928026595074416
KERNELUSDT,2025-04-14,2025-04-15,2025-04-20,AVAXUSDT,-0.009746422273132384,2025H1,2025Q2,0.012928026595074416
KERNELUSDT,2025-04-14,2025-04-15,2025-04-20,LINKUSDT,0.02347341952187631,2025H1,2025Q2,0.012928026595074416
KERNELUSDT,2025-04-14,2025-04-15,2025-04-20,LTCUSDT,-0.013310910352132981,2025H1,2025Q2,0.012928026595074416
KERNELUSDT,2025-04-14,2025-04-15,2025-04-20,BCHUSDT,0.04137727561001198,2025H1,2025Q2,0.012928026595074416
KERNELUSDT,2025-04-14,2025-04-15,2025-04-20,FILUSDT,0.04295494947039688,2025H1,2025Q2,0.012928026595074416
KERNELUSDT,2025-04-14,2025-04-15,2025-04-20,NEARUSDT,0.03167474858557231,2025H1,2025Q2,0.012928026595074416
KERNELUSDT,2025-04-14,2025-04-15,2025-04-20,WIFUSDT,-0.032116101416146174,2025H1,2025Q2,0.012928026595074416
BANKUSDT,2025-04-18,2025-04-19,2025-04-24,BTCUSDT,0.10364145680428159,2025H1,2025Q2,0.010254966525546472
BANKUSDT,2025-04-18,2025-04-19,2025-04-24,ETHUSDT,0.12230217285122615,2025H1,2025Q2,0.010254966525546472
BANKUSDT,2025-04-18,2025-04-19,2025-04-24,BNBUSDT,0.02347466805927467,2025H1,2025Q2,0.010254966525546472
BANKUSDT,2025-04-18,2025-04-19,2025-04-24,SOLUSDT,0.12039215413677447,2025H1,2025Q2,0.010254966525546472
BANKUSDT,2025-04-18,2025-04-19,2025-04-24,XRPUSDT,0.07301556668987286,2025H1,2025Q2,0.010254966525546472
BANKUSDT,2025-04-18,2025-04-19,2025-04-24,DOGEUSDT,0.1258126681515411,2025H1,2025Q2,0.010254966525546472
BANKUSDT,2025-04-18,2025-04-19,2025-04-24,ADAUSDT,0.10620491518861307,2025H1,2025Q2,0.010254966525546472
BANKUSDT,2025-04-18,2025-04-19,2025-04-24,AVAXUSDT,0.1598314090800123,2025H1,2025Q2,0.010254966525546472
BANKUSDT,2025-04-18,2025-04-19,2025-04-24,LINKUSDT,0.17986267534240905,2025H1,2025Q2,0.010254966525546472
BANKUSDT,2025-04-18,2025-04-19,2025-04-24,LTCUSDT,0.09153263071622202,2025H1,2025Q2,0.010254966525546472
BANKUSDT,2025-04-18,2025-04-19,2025-04-24,BCHUSDT,0.06876383230531304,2025H1,2025Q2,0.010254966525546472
BANKUSDT,2025-04-18,2025-04-19,2025-04-24,FILUSDT,0.12944641962377382,2025H1,2025Q2,0.010254966525546472
BANKUSDT,2025-04-18,2025-04-19,2025-04-24,NEARUSDT,0.18532078896967655,2025H1,2025Q2,0.010254966525546472
BANKUSDT,2025-04-18,2025-04-19,2025-04-24,WIFUSDT,0.29555100614369006,2025H1,2025Q2,0.010254966525546472
DEEPUSDT,2025-04-22,2025-04-23,2025-04-28,BTCUSDT,0.0028202822296169365,2025H1,2025Q2,0.0705289298152143
DEEPUSDT,2025-04-22,2025-04-23,2025-04-28,ETHUSDT,0.019511300759745717,2025H1,2025Q2,0.0705289298152143
DEEPUSDT,2025-04-22,2025-04-23,2025-04-28,BNBUSDT,-0.02383130506753564,2025H1,2025Q2,0.0705289298152143
DEEPUSDT,2025-04-22,2025-04-23,2025-04-28,SOLUSDT,-0.006070026056447949,2025H1,2025Q2,0.0705289298152143
DEEPUSDT,2025-04-22,2025-04-23,2025-04-28,XRPUSDT,0.016530782973026844,2025H1,2025Q2,0.0705289298152143
DEEPUSDT,2025-04-22,2025-04-23,2025-04-28,DOGEUSDT,0.002460851353722589,2025H1,2025Q2,0.0705289298152143
DEEPUSDT,2025-04-22,2025-04-23,2025-04-28,ADAUSDT,0.03372000247166843,2025H1,2025Q2,0.0705289298152143
DEEPUSDT,2025-04-22,2025-04-23,2025-04-28,AVAXUSDT,-0.01973748283832132,2025H1,2025Q2,0.0705289298152143
DEEPUSDT,2025-04-22,2025-04-23,2025-04-28,LINKUSDT,0.02915536400765414,2025H1,2025Q2,0.0705289298152143
DEEPUSDT,2025-04-22,2025-04-23,2025-04-28,LTCUSDT,0.021692310309690252,2025H1,2025Q2,0.0705289298152143
DEEPUSDT,2025-04-22,2025-04-23,2025-04-28,BCHUSDT,-0.050271801538902726,2025H1,2025Q2,0.0705289298152143
DEEPUSDT,2025-04-22,2025-04-23,2025-04-28,FILUSDT,-0.00295421189743152,2025H1,2025Q2,0.0705289298152143
DEEPUSDT,2025-04-22,2025-04-23,2025-04-28,NEARUSDT,0.0335547027942602,2025H1,2025Q2,0.0705289298152143
DEEPUSDT,2025-04-22,2025-04-23,2025-04-28,WIFUSDT,0.20398780881124332,2025H1,2025Q2,0.0705289298152143
JSTUSDT,2025-04-28,2025-04-29,2025-05-04,BTCUSDT,0.008404181803014268,2025H1,2025Q2,0.14386031804625943
JSTUSDT,2025-04-28,2025-04-29,2025-05-04,ETHUSDT,0.01773302201818237,2025H1,2025Q2,0.14386031804625943
JSTUSDT,2025-04-28,2025-04-29,2025-05-04,BNBUSDT,-0.011368379275531899,2025H1,2025Q2,0.14386031804625943
JSTUSDT,2025-04-28,2025-04-29,2025-05-04,SOLUSDT,-0.008154434965164298,2025H1,2025Q2,0.14386031804625943
JSTUSDT,2025-04-28,2025-04-29,2025-05-04,XRPUSDT,-0.04867901564546806,2025H1,2025Q2,0.14386031804625943
JSTUSDT,2025-04-28,2025-04-29,2025-05-04,DOGEUSDT,-0.020206128259270515,2025H1,2025Q2,0.14386031804625943
JSTUSDT,2025-04-28,2025-04-29,2025-05-04,ADAUSDT,-0.010262347761342848,2025H1,2025Q2,0.14386031804625943
JSTUSDT,2025-04-28,2025-04-29,2025-05-04,AVAXUSDT,-0.06456906061748618,2025H1,2025Q2,0.14386031804625943
JSTUSDT,2025-04-28,2025-04-29,2025-05-04,LINKUSDT,-0.05438910908960113,2025H1,2025Q2,0.14386031804625943
JSTUSDT,2025-04-28,2025-04-29,2025-05-04,LTCUSDT,0.00929914872644625,2025H1,2025Q2,0.14386031804625943
JSTUSDT,2025-04-28,2025-04-29,2025-05-04,BCHUSDT,-0.006947344128596497,2025H1,2025Q2,0.14386031804625943
JSTUSDT,2025-04-28,2025-04-29,2025-05-04,FILUSDT,-0.04510931125312653,2025H1,2025Q2,0.14386031804625943
JSTUSDT,2025-04-28,2025-04-29,2025-05-04,NEARUSDT,-0.06763929881581938,2025H1,2025Q2,0.14386031804625943
JSTUSDT,2025-04-28,2025-04-29,2025-05-04,WIFUSDT,-0.08461918934635244,2025H1,2025Q2,0.14386031804625943
DOLOUSDT,2025-05-01,2025-05-02,2025-05-07,BTCUSDT,0.004455788453145281,2025H1,2025Q2,0.17392353285623696
DOLOUSDT,2025-05-01,2025-05-02,2025-05-07,ETHUSDT,-0.011358750988047533,2025H1,2025Q2,0.17392353285623696
DOLOUSDT,2025-05-01,2025-05-02,2025-05-07,BNBUSDT,0.006073583686604791,2025H1,2025Q2,0.17392353285623696
DOLOUSDT,2025-05-01,2025-05-02,2025-05-07,SOLUSDT,-0.026146598193804202,2025H1,2025Q2,0.17392353285623696
DOLOUSDT,2025-05-01,2025-05-02,2025-05-07,XRPUSDT,-0.026904164033154963,2025H1,2025Q2,0.17392353285623696
DOLOUSDT,2025-05-01,2025-05-02,2025-05-07,DOGEUSDT,-0.04885662259970832,2025H1,2025Q2,0.17392353285623696
DOLOUSDT,2025-05-01,2025-05-02,2025-05-07,ADAUSDT,-0.0371510527742806,2025H1,2025Q2,0.17392353285623696
DOLOUSDT,2025-05-01,2025-05-02,2025-05-07,AVAXUSDT,-0.07826402596968769,2025H1,2025Q2,0.17392353285623696
DOLOUSDT,2025-05-01,2025-05-02,2025-05-07,LINKUSDT,-0.06532133192060557,2025H1,2025Q2,0.17392353285623696
DOLOUSDT,2025-05-01,2025-05-02,2025-05-07,LTCUSDT,0.04016426869612315,2025H1,2025Q2,0.17392353285623696
DOLOUSDT,2025-05-01,2025-05-02,2025-05-07,BCHUSDT,0.04025125944464119,2025H1,2025Q2,0.17392353285623696
DOLOUSDT,2025-05-01,2025-05-02,2025-05-07,FILUSDT,-0.09179400177938776,2025H1,2025Q2,0.17392353285623696
DOLOUSDT,2025-05-01,2025-05-02,2025-05-07,NEARUSDT,-0.08711871343582293,2025H1,2025Q2,0.17392353285623696
DOLOUSDT,2025-05-01,2025-05-02,2025-05-07,WIFUSDT,-0.09094856476978891,2025H1,2025Q2,0.17392353285623696
ALPINEUSDT,2025-05-06,2025-05-07,2025-05-12,BTCUSDT,0.07218113940237143,2025H1,2025Q2,0.2255294414960829
ALPINEUSDT,2025-05-06,2025-05-07,2025-05-12,ETHUSDT,0.32550590325886114,2025H1,2025Q2,0.2255294414960829
ALPINEUSDT,2025-05-06,2025-05-07,2025-05-12,BNBUSDT,0.0778445338279836,2025H1,2025Q2,0.2255294414960829
ALPINEUSDT,2025-05-06,2025-05-07,2025-05-12,SOLUSDT,0.16534473631600313,2025H1,2025Q2,0.2255294414960829
ALPINEUSDT,2025-05-06,2025-05-07,2025-05-12,XRPUSDT,0.09336687303754865,2025H1,2025Q2,0.2255294414960829
ALPINEUSDT,2025-05-06,2025-05-07,2025-05-12,DOGEUSDT,0.2983167813959063,2025H1,2025Q2,0.2255294414960829
ALPINEUSDT,2025-05-06,2025-05-07,2025-05-12,ADAUSDT,0.17083356682476422,2025H1,2025Q2,0.2255294414960829
ALPINEUSDT,2025-05-06,2025-05-07,2025-05-12,AVAXUSDT,0.21413534088510291,2025H1,2025Q2,0.2255294414960829
ALPINEUSDT,2025-05-06,2025-05-07,2025-05-12,LINKUSDT,0.21506234690394396,2025H1,2025Q2,0.2255294414960829
ALPINEUSDT,2025-05-06,2025-05-07,2025-05-12,LTCUSDT,0.0891658743117517,2025H1,2025Q2,0.2255294414960829
ALPINEUSDT,2025-05-06,2025-05-07,2025-05-12,BCHUSDT,0.08449746894768029,2025H1,2025Q2,0.2255294414960829
ALPINEUSDT,2025-05-06,2025-05-07,2025-05-12,FILUSDT,0.19379199751015075,2025H1,2025Q2,0.2255294414960829
ALPINEUSDT,2025-05-06,2025-05-07,2025-05-12,NEARUSDT,0.2990057699906861,2025H1,2025Q2,0.2255294414960829
ALPINEUSDT,2025-05-06,2025-05-07,2025-05-12,WIFUSDT,0.4814191773082449,2025H1,2025Q2,0.2255294414960829
DOODUSDT,2025-05-09,2025-05-10,2025-05-15,BTCUSDT,0.005034811419049963,2025H1,2025Q2,0.3171007614359944
DOODUSDT,2025-05-09,2025-05-10,2025-05-15,ETHUSDT,0.10721733330335431,2025H1,2025Q2,0.3171007614359944
DOODUSDT,2025-05-09,2025-05-10,2025-05-15,BNBUSDT,-0.02113000174847845,2025H1,2025Q2,0.3171007614359944
DOODUSDT,2025-05-09,2025-05-10,2025-05-15,SOLUSDT,0.022552612876186158,2025H1,2025Q2,0.3171007614359944
DOODUSDT,2025-05-09,2025-05-10,2025-05-15,XRPUSDT,0.0843336178690715,2025H1,2025Q2,0.3171007614359944
DOODUSDT,2025-05-09,2025-05-10,2025-05-15,DOGEUSDT,0.12648945438469494,2025H1,2025Q2,0.3171007614359944
DOODUSDT,2025-05-09,2025-05-10,2025-05-15,ADAUSDT,0.02741636370814676,2025H1,2025Q2,0.3171007614359944
DOODUSDT,2025-05-09,2025-05-10,2025-05-15,AVAXUSDT,0.06996091191092763,2025H1,2025Q2,0.3171007614359944
DOODUSDT,2025-05-09,2025-05-10,2025-05-15,LINKUSDT,0.06111684000391623,2025H1,2025Q2,0.3171007614359944
DOODUSDT,2025-05-09,2025-05-10,2025-05-15,LTCUSDT,0.004071707298696082,2025H1,2025Q2,0.3171007614359944
DOODUSDT,2025-05-09,2025-05-10,2025-05-15,BCHUSDT,-0.026797715288416384,2025H1,2025Q2,0.3171007614359944
DOODUSDT,2025-05-09,2025-05-10,2025-05-15,FILUSDT,0.00955054188398481,2025H1,2025Q2,0.3171007614359944
DOODUSDT,2025-05-09,2025-05-10,2025-05-15,NEARUSDT,0.05041390059526569,2025H1,2025Q2,0.3171007614359944
DOODUSDT,2025-05-09,2025-05-10,2025-05-15,WIFUSDT,0.4144600066922622,2025H1,2025Q2,0.3171007614359944
OGUSDT,2025-05-12,2025-05-13,2025-05-18,BTCUSDT,0.003157383328393307,2025H1,2025Q2,0.2433090402168343
OGUSDT,2025-05-12,2025-05-13,2025-05-18,ETHUSDT,-0.008718170173659131,2025H1,2025Q2,0.2433090402168343
OGUSDT,2025-05-12,2025-05-13,2025-05-18,BNBUSDT,-0.032764085076995186,2025H1,2025Q2,0.2433090402168343
OGUSDT,2025-05-12,2025-05-13,2025-05-18,SOLUSDT,-0.04919506956063645,2025H1,2025Q2,0.2433090402168343
OGUSDT,2025-05-12,2025-05-13,2025-05-18,XRPUSDT,-0.07777452070986247,2025H1,2025Q2,0.2433090402168343
OGUSDT,2025-05-12,2025-05-13,2025-05-18,DOGEUSDT,-0.07414128716380265,2025H1,2025Q2,0.2433090402168343
OGUSDT,2025-05-12,2025-05-13,2025-05-18,ADAUSDT,-0.09593491568999513,2025H1,2025Q2,0.2433090402168343
OGUSDT,2025-05-12,2025-05-13,2025-05-18,AVAXUSDT,-0.11424922328212879,2025H1,2025Q2,0.2433090402168343
OGUSDT,2025-05-12,2025-05-13,2025-05-18,LINKUSDT,-0.08854010901125647,2025H1,2025Q2,0.2433090402168343
OGUSDT,2025-05-12,2025-05-13,2025-05-18,LTCUSDT,-0.07883930913123625,2025H1,2025Q2,0.2433090402168343
OGUSDT,2025-05-12,2025-05-13,2025-05-18,BCHUSDT,-0.04666391121336928,2025H1,2025Q2,0.2433090402168343
OGUSDT,2025-05-12,2025-05-13,2025-05-18,FILUSDT,-0.12149450355047417,2025H1,2025Q2,0.2433090402168343
OGUSDT,2025-05-12,2025-05-13,2025-05-18,NEARUSDT,-0.16965486636322355,2025H1,2025Q2,0.2433090402168343
OGUSDT,2025-05-12,2025-05-13,2025-05-18,WIFUSDT,-0.2116423253252471,2025H1,2025Q2,0.2433090402168343
NXPCUSDT,2025-05-15,2025-05-16,2025-05-21,BTCUSDT,0.02937693795271364,2025H1,2025Q2,0.2312441957375877
NXPCUSDT,2025-05-15,2025-05-16,2025-05-21,ETHUSDT,-0.009650936168584017,2025H1,2025Q2,0.2312441957375877
NXPCUSDT,2025-05-15,2025-05-16,2025-05-21,BNBUSDT,-0.0027330811755468605,2025H1,2025Q2,0.2312441957375877
NXPCUSDT,2025-05-15,2025-05-16,2025-05-21,SOLUSDT,-0.0036740782070546142,2025H1,2025Q2,0.2312441957375877
NXPCUSDT,2025-05-15,2025-05-16,2025-05-21,XRPUSDT,-0.012917567436727997,2025H1,2025Q2,0.2312441957375877
NXPCUSDT,2025-05-15,2025-05-16,2025-05-21,DOGEUSDT,0.031603312393097695,2025H1,2025Q2,0.2312441957375877
NXPCUSDT,2025-05-15,2025-05-16,2025-05-21,ADAUSDT,-0.02148908794192585,2025H1,2025Q2,0.2312441957375877
NXPCUSDT,2025-05-15,2025-05-16,2025-05-21,AVAXUSDT,-0.037774704310329116,2025H1,2025Q2,0.2312441957375877
NXPCUSDT,2025-05-15,2025-05-16,2025-05-21,LINKUSDT,-0.02111578250207836,2025H1,2025Q2,0.2312441957375877
NXPCUSDT,2025-05-15,2025-05-16,2025-05-21,LTCUSDT,-0.05096973759388063,2025H1,2025Q2,0.2312441957375877
NXPCUSDT,2025-05-15,2025-05-16,2025-05-21,BCHUSDT,-0.003976148379639406,2025H1,2025Q2,0.2312441957375877
NXPCUSDT,2025-05-15,2025-05-16,2025-05-21,FILUSDT,-0.024139103113356788,2025H1,2025Q2,0.2312441957375877
NXPCUSDT,2025-05-15,2025-05-16,2025-05-21,NEARUSDT,-0.023885926594671553,2025H1,2025Q2,0.2312441957375877
NXPCUSDT,2025-05-15,2025-05-16,2025-05-21,WIFUSDT,-0.008765727313367857,2025H1,2025Q2,0.2312441957375877
AGTUSDT,2025-05-20,2025-05-21,2025-05-26,BTCUSDT,0.01948495916122236,2025H1,2025Q2,0.2531669448700067
AGTUSDT,2025-05-20,2025-05-21,2025-05-26,ETHUSDT,0.010373737427411427,2025H1,2025Q2,0.2531669448700067
AGTUSDT,2025-05-20,2025-05-21,2025-05-26,BNBUSDT,0.02851165052596608,2025H1,2025Q2,0.2531669448700067
AGTUSDT,2025-05-20,2025-05-21,2025-05-26,SOLUSDT,0.04109968428561177,2025H1,2025Q2,0.2531669448700067
AGTUSDT,2025-05-20,2025-05-21,2025-05-26,XRPUSDT,-0.006133420709852384,2025H1,2025Q2,0.2531669448700067
AGTUSDT,2025-05-20,2025-05-21,2025-05-26,DOGEUSDT,-0.006075810872184249,2025H1,2025Q2,0.2531669448700067
AGTUSDT,2025-05-20,2025-05-21,2025-05-26,ADAUSDT,0.01767605327800216,2025H1,2025Q2,0.2531669448700067
AGTUSDT,2025-05-20,2025-05-21,2025-05-26,AVAXUSDT,0.037010695955541156,2025H1,2025Q2,0.2531669448700067
AGTUSDT,2025-05-20,2025-05-21,2025-05-26,LINKUSDT,-0.010954976787257122,2025H1,2025Q2,0.2531669448700067
AGTUSDT,2025-05-20,2025-05-21,2025-05-26,LTCUSDT,0.012213249306153726,2025H1,2025Q2,0.2531669448700067
AGTUSDT,2025-05-20,2025-05-21,2025-05-26,BCHUSDT,0.06940234626513514,2025H1,2025Q2,0.2531669448700067
AGTUSDT,2025-05-20,2025-05-21,2025-05-26,FILUSDT,-0.017974052167559554,2025H1,2025Q2,0.2531669448700067
AGTUSDT,2025-05-20,2025-05-21,2025-05-26,NEARUSDT,-0.006066031089624748,2025H1,2025Q2,0.2531669448700067
AGTUSDT,2025-05-20,2025-05-21,2025-05-26,WIFUSDT,0.12779231133619456,2025H1,2025Q2,0.2531669448700067
SOONUSDT,2025-05-23,2025-05-24,2025-05-29,BTCUSDT,0.004368118983445627,2025H1,2025Q2,0.1465672893893002
SOONUSDT,2025-05-23,2025-05-24,2025-05-29,ETHUSDT,0.06002581396203471,2025H1,2025Q2,0.1465672893893002
SOONUSDT,2025-05-23,2025-05-24,2025-05-29,BNBUSDT,0.044864054160135204,2025H1,2025Q2,0.1465672893893002
SOONUSDT,2025-05-23,2025-05-24,2025-05-29,SOLUSDT,-0.010810291129409733,2025H1,2025Q2,0.1465672893893002
SOONUSDT,2025-05-23,2025-05-24,2025-05-29,XRPUSDT,-0.009807004741802426,2025H1,2025Q2,0.1465672893893002
SOONUSDT,2025-05-23,2025-05-24,2025-05-29,DOGEUSDT,-0.019155869148736005,2025H1,2025Q2,0.1465672893893002
SOONUSDT,2025-05-23,2025-05-24,2025-05-29,ADAUSDT,0.0002677734652497635,2025H1,2025Q2,0.1465672893893002
SOONUSDT,2025-05-23,2025-05-24,2025-05-29,AVAXUSDT,0.024584732134503528,2025H1,2025Q2,0.1465672893893002
SOONUSDT,2025-05-23,2025-05-24,2025-05-29,LINKUSDT,0.009741169055552562,2025H1,2025Q2,0.1465672893893002
SOONUSDT,2025-05-23,2025-05-24,2025-05-29,LTCUSDT,0.002204146785826114,2025H1,2025Q2,0.1465672893893002
SOONUSDT,2025-05-23,2025-05-24,2025-05-29,BCHUSDT,-0.0031490907768677015,2025H1,2025Q2,0.1465672893893002
SOONUSDT,2025-05-23,2025-05-24,2025-05-29,FILUSDT,0.005959702126978893,2025H1,2025Q2,0.1465672893893002
SOONUSDT,2025-05-23,2025-05-24,2025-05-29,NEARUSDT,0.024387142491336618,2025H1,2025Q2,0.1465672893893002
SOONUSDT,2025-05-23,2025-05-24,2025-05-29,WIFUSDT,0.006626692110408721,2025H1,2025Q2,0.1465672893893002
HUMAUSDT,2025-05-26,2025-05-27,2025-06-01,BTCUSDT,-0.04475145306814413,2025H1,2025Q2,0.1621416244472882
HUMAUSDT,2025-05-26,2025-05-27,2025-06-01,ETHUSDT,-0.013598809232750605,2025H1,2025Q2,0.1621416244472882
HUMAUSDT,2025-05-26,2025-05-27,2025-06-01,BNBUSDT,-0.02402806611886506,2025H1,2025Q2,0.1621416244472882
HUMAUSDT,2025-05-26,2025-05-27,2025-06-01,SOLUSDT,-0.1107781649074693,2025H1,2025Q2,0.1621416244472882
HUMAUSDT,2025-05-26,2025-05-27,2025-06-01,XRPUSDT,-0.06056778064283896,2025H1,2025Q2,0.1621416244472882
HUMAUSDT,2025-05-26,2025-05-27,2025-06-01,DOGEUSDT,-0.16014630101211533,2025H1,2025Q2,0.1621416244472882
HUMAUSDT,2025-05-26,2025-05-27,2025-06-01,ADAUSDT,-0.10276087346995519,2025H1,2025Q2,0.1621416244472882
HUMAUSDT,2025-05-26,2025-05-27,2025-06-01,AVAXUSDT,-0.10286172403213824,2025H1,2025Q2,0.1621416244472882
HUMAUSDT,2025-05-26,2025-05-27,2025-06-01,LINKUSDT,-0.1058330141095198,2025H1,2025Q2,0.1621416244472882
HUMAUSDT,2025-05-26,2025-05-27,2025-06-01,LTCUSDT,-0.08731777300887855,2025H1,2025Q2,0.1621416244472882
HUMAUSDT,2025-05-26,2025-05-27,2025-06-01,BCHUSDT,0.0,2025H1,2025Q2,0.1621416244472882
HUMAUSDT,2025-05-26,2025-05-27,2025-06-01,FILUSDT,-0.07135269405643375,2025H1,2025Q2,0.1621416244472882
HUMAUSDT,2025-05-26,2025-05-27,2025-06-01,NEARUSDT,-0.13358302284886742,2025H1,2025Q2,0.1621416244472882
HUMAUSDT,2025-05-26,2025-05-27,2025-06-01,WIFUSDT,-0.27736145479228974,2025H1,2025Q2,0.1621416244472882
MERLUSDT,2025-05-29,2025-05-30,2025-06-04,BTCUSDT,-0.0025150062091061393,2025H1,2025Q2,0.10438129680605912
MERLUSDT,2025-05-29,2025-05-30,2025-06-04,ETHUSDT,-0.015440032413981555,2025H1,2025Q2,0.10438129680605912
MERLUSDT,2025-05-29,2025-05-30,2025-06-04,BNBUSDT,-0.020862325972939227,2025H1,2025Q2,0.10438129680605912
MERLUSDT,2025-05-29,2025-05-30,2025-06-04,SOLUSDT,-0.07274689729442609,2025H1,2025Q2,0.10438129680605912
MERLUSDT,2025-05-29,2025-05-30,2025-06-04,XRPUSDT,-0.00013377628166492337,2025H1,2025Q2,0.10438129680605912
MERLUSDT,2025-05-29,2025-05-30,2025-06-04,DOGEUSDT,-0.10755130125449822,2025H1,2025Q2,0.10438129680605912
MERLUSDT,2025-05-29,2025-05-30,2025-06-04,ADAUSDT,-0.055415444324179323,2025H1,2025Q2,0.10438129680605912
MERLUSDT,2025-05-29,2025-05-30,2025-06-04,AVAXUSDT,-0.05239216436730342,2025H1,2025Q2,0.10438129680605912
MERLUSDT,2025-05-29,2025-05-30,2025-06-04,LINKUSDT,-0.06456512785044652,2025H1,2025Q2,0.10438129680605912
MERLUSDT,2025-05-29,2025-05-30,2025-06-04,LTCUSDT,-0.040759366748396524,2025H1,2025Q2,0.10438129680605912
MERLUSDT,2025-05-29,2025-05-30,2025-06-04,BCHUSDT,-0.02250894916716413,2025H1,2025Q2,0.10438129680605912
MERLUSDT,2025-05-29,2025-05-30,2025-06-04,FILUSDT,-0.052017669645592374,2025H1,2025Q2,0.10438129680605912
MERLUSDT,2025-05-29,2025-05-30,2025-06-04,NEARUSDT,-0.09480177292261827,2025H1,2025Q2,0.10438129680605912
MERLUSDT,2025-05-29,2025-05-30,2025-06-04,WIFUSDT,-0.0824710740708467,2025H1,2025Q2,0.10438129680605912
1000000BOBUSDT,2025-06-05,2025-06-06,2025-06-11,BTCUSDT,0.08269589299935111,2025H1,2025Q2,0.07476770417905643
1000000BOBUSDT,2025-06-05,2025-06-06,2025-06-11,ETHUSDT,0.1533368641062627,2025H1,2025Q2,0.07476770417905643
1000000BOBUSDT,2025-06-05,2025-06-06,2025-06-11,BNBUSDT,0.061834006116077075,2025H1,2025Q2,0.07476770417905643
1000000BOBUSDT,2025-06-05,2025-06-06,2025-06-11,SOLUSDT,0.13419864568982998,2025H1,2025Q2,0.07476770417905643
1000000BOBUSDT,2025-06-05,2025-06-06,2025-06-11,XRPUSDT,0.09669098167025364,2025H1,2025Q2,0.07476770417905643
1000000BOBUSDT,2025-06-05,2025-06-06,2025-06-11,DOGEUSDT,0.14744329670914477,2025H1,2025Q2,0.07476770417905643
1000000BOBUSDT,2025-06-05,2025-06-06,2025-06-11,ADAUSDT,0.13646661033045984,2025H1,2025Q2,0.07476770417905643
1000000BOBUSDT,2025-06-05,2025-06-06,2025-06-11,AVAXUSDT,0.18626444340249895,2025H1,2025Q2,0.07476770417905643
1000000BOBUSDT,2025-06-05,2025-06-06,2025-06-11,LINKUSDT,0.1808837420243271,2025H1,2025Q2,0.07476770417905643
1000000BOBUSDT,2025-06-05,2025-06-06,2025-06-11,LTCUSDT,0.11039987383436725,2025H1,2025Q2,0.07476770417905643
1000000BOBUSDT,2025-06-05,2025-06-06,2025-06-11,BCHUSDT,0.1289873210583895,2025H1,2025Q2,0.07476770417905643
1000000BOBUSDT,2025-06-05,2025-06-06,2025-06-11,FILUSDT,0.14394650965301667,2025H1,2025Q2,0.07476770417905643
1000000BOBUSDT,2025-06-05,2025-06-06,2025-06-11,NEARUSDT,0.16962060159939013,2025H1,2025Q2,0.07476770417905643
1000000BOBUSDT,2025-06-05,2025-06-06,2025-06-11,WIFUSDT,0.21782613338757806,2025H1,2025Q2,0.07476770417905643
HOMEUSDT,2025-06-10,2025-06-11,2025-06-16,BTCUSDT,-0.043871108029163136,2025H1,2025Q2,0.05704438321070904
HOMEUSDT,2025-06-10,2025-06-11,2025-06-16,ETHUSDT,-0.10125163776124349,2025H1,2025Q2,0.05704438321070904
HOMEUSDT,2025-06-10,2025-06-11,2025-06-16,BNBUSDT,-0.039235557326572336,2025H1,2025Q2,0.05704438321070904
HOMEUSDT,2025-06-10,2025-06-11,2025-06-16,SOLUSDT,-0.07711372454737231,2025H1,2025Q2,0.05704438321070904
HOMEUSDT,2025-06-10,2025-06-11,2025-06-16,XRPUSDT,-0.06483337080973582,2025H1,2025Q2,0.05704438321070904
HOMEUSDT,2025-06-10,2025-06-11,2025-06-16,DOGEUSDT,-0.12300128479461214,2025H1,2025Q2,0.05704438321070904
HOMEUSDT,2025-06-10,2025-06-11,2025-06-16,ADAUSDT,-0.12404738272667731,2025H1,2025Q2,0.05704438321070904
HOMEUSDT,2025-06-10,2025-06-11,2025-06-16,AVAXUSDT,-0.16790040844459952,2025H1,2025Q2,0.05704438321070904
HOMEUSDT,2025-06-10,2025-06-11,2025-06-16,LINKUSDT,-0.15102618232225737,2025H1,2025Q2,0.05704438321070904
HOMEUSDT,2025-06-10,2025-06-11,2025-06-16,LTCUSDT,-0.07871233251693847,2025H1,2025Q2,0.05704438321070904
HOMEUSDT,2025-06-10,2025-06-11,2025-06-16,BCHUSDT,0.048156173207850615,2025H1,2025Q2,0.05704438321070904
HOMEUSDT,2025-06-10,2025-06-11,2025-06-16,FILUSDT,-0.12094737756897808,2025H1,2025Q2,0.05704438321070904
HOMEUSDT,2025-06-10,2025-06-11,2025-06-16,NEARUSDT,-0.17932080435471634,2025H1,2025Q2,0.05704438321070904
HOMEUSDT,2025-06-10,2025-06-11,2025-06-16,WIFUSDT,-0.1890634847198872,2025H1,2025Q2,0.05704438321070904
PUMPBTCUSDT,2025-06-13,2025-06-14,2025-06-19,BTCUSDT,-0.010977980964734757,2025H1,2025Q2,0.01586470551369379
PUMPBTCUSDT,2025-06-13,2025-06-14,2025-06-19,ETHUSDT,-0.020922528034853033,2025H1,2025Q2,0.01586470551369379
PUMPBTCUSDT,2025-06-13,2025-06-14,2025-06-19,BNBUSDT,-0.01656314321305007,2025H1,2025Q2,0.01586470551369379
PUMPBTCUSDT,2025-06-13,2025-06-14,2025-06-19,SOLUSDT,-0.014648302068069347,2025H1,2025Q2,0.01586470551369379
PUMPBTCUSDT,2025-06-13,2025-06-14,2025-06-19,XRPUSDT,0.010935147423090855,2025H1,2025Q2,0.01586470551369379
PUMPBTCUSDT,2025-06-13,2025-06-14,2025-06-19,DOGEUSDT,-0.0548285460120354,2025H1,2025Q2,0.01586470551369379
PUMPBTCUSDT,2025-06-13,2025-06-14,2025-06-19,ADAUSDT,-0.06038115761177416,2025H1,2025Q2,0.01586470551369379
PUMPBTCUSDT,2025-06-13,2025-06-14,2025-06-19,AVAXUSDT,-0.06532565075039459,2025H1,2025Q2,0.01586470551369379
PUMPBTCUSDT,2025-06-13,2025-06-14,2025-06-19,LINKUSDT,-0.023729033209332423,2025H1,2025Q2,0.01586470551369379
PUMPBTCUSDT,2025-06-13,2025-06-14,2025-06-19,LTCUSDT,-0.01714627648202236,2025H1,2025Q2,0.01586470551369379
PUMPBTCUSDT,2025-06-13,2025-06-14,2025-06-19,BCHUSDT,0.021523279472139525,2025H1,2025Q2,0.01586470551369379
PUMPBTCUSDT,2025-06-13,2025-06-14,2025-06-19,FILUSDT,-0.029298567703699926,2025H1,2025Q2,0.01586470551369379
PUMPBTCUSDT,2025-06-13,2025-06-14,2025-06-19,NEARUSDT,-0.02305186819510272,2025H1,2025Q2,0.01586470551369379
PUMPBTCUSDT,2025-06-13,2025-06-14,2025-06-19,WIFUSDT,-0.07428855906166183,2025H1,2025Q2,0.01586470551369379
SPKUSDT,2025-06-17,2025-06-18,2025-06-23,BTCUSDT,-0.036088562185789846,2025H1,2025Q2,-0.00662171330672523
SPKUSDT,2025-06-17,2025-06-18,2025-06-23,ETHUSDT,-0.12109462414175659,2025H1,2025Q2,-0.00662171330672523
SPKUSDT,2025-06-17,2025-06-18,2025-06-23,BNBUSDT,-0.05130628912143474,2025H1,2025Q2,-0.00662171330672523
SPKUSDT,2025-06-17,2025-06-18,2025-06-23,SOLUSDT,-0.1148973726810469,2025H1,2025Q2,-0.00662171330672523
SPKUSDT,2025-06-17,2025-06-18,2025-06-23,XRPUSDT,-0.06915506433460253,2025H1,2025Q2,-0.00662171330672523
SPKUSDT,2025-06-17,2025-06-18,2025-06-23,DOGEUSDT,-0.11408279482572645,2025H1,2025Q2,-0.00662171330672523
SPKUSDT,2025-06-17,2025-06-18,2025-06-23,ADAUSDT,-0.1182760107711245,2025H1,2025Q2,-0.00662171330672523
SPKUSDT,2025-06-17,2025-06-18,2025-06-23,AVAXUSDT,-0.11779649542177995,2025H1,2025Q2,-0.00662171330672523
SPKUSDT,2025-06-17,2025-06-18,2025-06-23,LINKUSDT,-0.10929707278491761,2025H1,2025Q2,-0.00662171330672523
SPKUSDT,2025-06-17,2025-06-18,2025-06-23,LTCUSDT,-0.048558544523487394,2025H1,2025Q2,-0.00662171330672523
SPKUSDT,2025-06-17,2025-06-18,2025-06-23,BCHUSDT,-0.017978012295408317,2025H1,2025Q2,-0.00662171330672523
SPKUSDT,2025-06-17,2025-06-18,2025-06-23,FILUSDT,-0.14609731777874096,2025H1,2025Q2,-0.00662171330672523
SPKUSDT,2025-06-17,2025-06-18,2025-06-23,NEARUSDT,-0.1206519740684638,2025H1,2025Q2,-0.00662171330672523
SPKUSDT,2025-06-17,2025-06-18,2025-06-23,WIFUSDT,-0.11583637356607578,2025H1,2025Q2,-0.00662171330672523
HUSDT,2025-06-25,2025-06-26,2025-07-01,BTCUSDT,-0.001978090500660792,2025H1,2025Q2,-0.018143196806297834
HUSDT,2025-06-25,2025-06-26,2025-07-01,ETHUSDT,0.027086311270408246,2025H1,2025Q2,-0.018143196806297834
HUSDT,2025-06-25,2025-06-26,2025-07-01,BNBUSDT,0.017094958019510446,2025H1,2025Q2,-0.018143196806297834
HUSDT,2025-06-25,2025-06-26,2025-07-01,SOLUSDT,0.07593321219205894,2025H1,2025Q2,-0.018143196806297834
HUSDT,2025-06-25,2025-06-26,2025-07-01,XRPUSDT,0.023386794702109,2025H1,2025Q2,-0.018143196806297834
HUSDT,2025-06-25,2025-06-26,2025-07-01,DOGEUSDT,0.0033984739591115514,2025H1,2025Q2,-0.018143196806297834
HUSDT,2025-06-25,2025-06-26,2025-07-01,ADAUSDT,0.009132483563272472,2025H1,2025Q2,-0.018143196806297834
HUSDT,2025-06-25,2025-06-26,2025-07-01,AVAXUSDT,0.02178956235092582,2025H1,2025Q2,-0.018143196806297834
HUSDT,2025-06-25,2025-06-26,2025-07-01,LINKUSDT,0.017809103345070774,2025H1,2025Q2,-0.018143196806297834
HUSDT,2025-06-25,2025-06-26,2025-07-01,LTCUSDT,0.016757877365626932,2025H1,2025Q2,-0.018143196806297834
HUSDT,2025-06-25,2025-06-26,2025-07-01,BCHUSDT,0.046816672316293564,2025H1,2025Q2,-0.018143196806297834
HUSDT,2025-06-25,2025-06-26,2025-07-01,FILUSDT,0.02021158433093712,2025H1,2025Q2,-0.018143196806297834
HUSDT,2025-06-25,2025-06-26,2025-07-01,NEARUSDT,0.004202667871496199,2025H1,2025Q2,-0.018143196806297834
HUSDT,2025-06-25,2025-06-26,2025-07-01,WIFUSDT,0.08791311867030298,2025H1,2025Q2,-0.018143196806297834
ICNTUSDT,2025-07-03,2025-07-04,2025-07-09,BTCUSDT,-0.005939365065372255,2025H2,2025Q3,0.03147499374055096
ICNTUSDT,2025-07-03,2025-07-04,2025-07-09,ETHUSDT,0.009073903959989351,2025H2,2025Q3,0.03147499374055096
ICNTUSDT,2025-07-03,2025-07-04,2025-07-09,BNBUSDT,-0.005058714400750553,2025H2,2025Q3,0.03147499374055096
ICNTUSDT,2025-07-03,2025-07-04,2025-07-09,SOLUSDT,-0.004805011713199361,2025H2,2025Q3,0.03147499374055096
ICNTUSDT,2025-07-03,2025-07-04,2025-07-09,XRPUSDT,0.023394416899806068,2025H2,2025Q3,0.03147499374055096
ICNTUSDT,2025-07-03,2025-07-04,2025-07-09,DOGEUSDT,-0.006710455523805649,2025H2,2025Q3,0.03147499374055096
ICNTUSDT,2025-07-03,2025-07-04,2025-07-09,ADAUSDT,-0.018704732707240088,2025H2,2025Q3,0.03147499374055096
ICNTUSDT,2025-07-03,2025-07-04,2025-07-09,AVAXUSDT,-0.008995887903040848,2025H2,2025Q3,0.03147499374055096
ICNTUSDT,2025-07-03,2025-07-04,2025-07-09,LINKUSDT,0.02251189852570588,2025H2,2025Q3,0.03147499374055096
ICNTUSDT,2025-07-03,2025-07-04,2025-07-09,LTCUSDT,-0.014138108029172024,2025H2,2025Q3,0.03147499374055096
ICNTUSDT,2025-07-03,2025-07-04,2025-07-09,BCHUSDT,0.009889452032441879,2025H2,2025Q3,0.03147499374055096
ICNTUSDT,2025-07-03,2025-07-04,2025-07-09,FILUSDT,-0.03525529700390064,2025H2,2025Q3,0.03147499374055096
ICNTUSDT,2025-07-03,2025-07-04,2025-07-09,NEARUSDT,-0.012834874134126694,2025H2,2025Q3,0.03147499374055096
ICNTUSDT,2025-07-03,2025-07-04,2025-07-09,WIFUSDT,-0.08375409320118292,2025H2,2025Q3,0.03147499374055096
MUSDT,2025-07-07,2025-07-08,2025-07-13,BTCUSDT,0.0817398405109492,2025H2,2025Q3,0.03024892005318125
MUSDT,2025-07-07,2025-07-08,2025-07-13,ETHUSDT,0.14605028876368625,2025H2,2025Q3,0.03024892005318125
MUSDT,2025-07-07,2025-07-08,2025-07-13,BNBUSDT,0.037310504021922014,2025H2,2025Q3,0.03024892005318125
MUSDT,2025-07-07,2025-07-08,2025-07-13,SOLUSDT,0.07593018251896753,2025H2,2025Q3,0.03024892005318125
MUSDT,2025-07-07,2025-07-08,2025-07-13,XRPUSDT,0.18650626126899683,2025H2,2025Q3,0.03024892005318125
MUSDT,2025-07-07,2025-07-08,2025-07-13,DOGEUSDT,0.16116545482680728,2025H2,2025Q3,0.03024892005318125
MUSDT,2025-07-07,2025-07-08,2025-07-13,ADAUSDT,0.19892996909283975,2025H2,2025Q3,0.03024892005318125
MUSDT,2025-07-07,2025-07-08,2025-07-13,AVAXUSDT,0.1391936746695116,2025H2,2025Q3,0.03024892005318125
MUSDT,2025-07-07,2025-07-08,2025-07-13,LINKUSDT,0.11743539094577286,2025H2,2025Q3,0.03024892005318125
MUSDT,2025-07-07,2025-07-08,2025-07-13,LTCUSDT,0.0755604052340367,2025H2,2025Q3,0.03024892005318125
MUSDT,2025-07-07,2025-07-08,2025-07-13,BCHUSDT,0.019160733085495693,2025H2,2025Q3,0.03024892005318125
MUSDT,2025-07-07,2025-07-08,2025-07-13,FILUSDT,0.10610650599454777,2025H2,2025Q3,0.03024892005318125
MUSDT,2025-07-07,2025-07-08,2025-07-13,NEARUSDT,0.1407491391190102,2025H2,2025Q3,0.03024892005318125
MUSDT,2025-07-07,2025-07-08,2025-07-13,WIFUSDT,0.126915759234124,2025H2,2025Q3,0.03024892005318125
AINUSDT,2025-07-10,2025-07-11,2025-07-16,BTCUSDT,0.014573507209887829,2025H2,2025Q3,0.08195211786372014
AINUSDT,2025-07-10,2025-07-11,2025-07-16,ETHUSDT,0.06014504466466736,2025H2,2025Q3,0.08195211786372014
AINUSDT,2025-07-10,2025-07-11,2025-07-16,BNBUSDT,0.0059273207212388115,2025H2,2025Q3,0.08195211786372014
AINUSDT,2025-07-10,2025-07-11,2025-07-16,SOLUSDT,-0.002986805426682512,2025H2,2025Q3,0.08195211786372014
AINUSDT,2025-07-10,2025-07-11,2025-07-16,XRPUSDT,0.13649197592358198,2025H2,2025Q3,0.08195211786372014
AINUSDT,2025-07-10,2025-07-11,2025-07-16,DOGEUSDT,0.01949993235355028,2025H2,2025Q3,0.08195211786372014
AINUSDT,2025-07-10,2025-07-11,2025-07-16,ADAUSDT,0.09497466562570353,2025H2,2025Q3,0.08195211786372014
AINUSDT,2025-07-10,2025-07-11,2025-07-16,AVAXUSDT,0.08337388018732167,2025H2,2025Q3,0.08195211786372014
AINUSDT,2025-07-10,2025-07-11,2025-07-16,LINKUSDT,0.052840551593323355,2025H2,2025Q3,0.08195211786372014
AINUSDT,2025-07-10,2025-07-11,2025-07-16,LTCUSDT,0.014549898171104778,2025H2,2025Q3,0.08195211786372014
AINUSDT,2025-07-10,2025-07-11,2025-07-16,BCHUSDT,-0.04152327712405402,2025H2,2025Q3,0.08195211786372014
AINUSDT,2025-07-10,2025-07-11,2025-07-16,FILUSDT,0.020650829461479392,2025H2,2025Q3,0.08195211786372014
AINUSDT,2025-07-10,2025-07-11,2025-07-16,NEARUSDT,0.05642918844384959,2025H2,2025Q3,0.08195211786372014
AINUSDT,2025-07-10,2025-07-11,2025-07-16,WIFUSDT,0.02094218598066566,2025H2,2025Q3,0.08195211786372014
CUSDT,2025-07-15,2025-07-16,2025-07-21,BTCUSDT,-0.005417293273096784,2025H2,2025Q3,0.11091886564977438
CUSDT,2025-07-15,2025-07-16,2025-07-21,ETHUSDT,0.17905632985898284,2025H2,2025Q3,0.11091886564977438
CUSDT,2025-07-15,2025-07-16,2025-07-21,BNBUSDT,0.0925581996297261,2025H2,2025Q3,0.11091886564977438
CUSDT,2025-07-15,2025-07-16,2025-07-21,SOLUSDT,0.10084395901452373,2025H2,2025Q3,0.11091886564977438
CUSDT,2025-07-15,2025-07-16,2025-07-21,XRPUSDT,0.1660209913267111,2025H2,2025Q3,0.11091886564977438
CUSDT,2025-07-15,2025-07-16,2025-07-21,DOGEUSDT,0.3161458180689818,2025H2,2025Q3,0.11091886564977438
CUSDT,2025-07-15,2025-07-16,2025-07-21,ADAUSDT,0.13707405867387165,2025H2,2025Q3,0.11091886564977438
CUSDT,2025-07-15,2025-07-16,2025-07-21,AVAXUSDT,0.10581808702806202,2025H2,2025Q3,0.11091886564977438
CUSDT,2025-07-15,2025-07-16,2025-07-21,LINKUSDT,0.17962725464593363,2025H2,2025Q3,0.11091886564977438
CUSDT,2025-07-15,2025-07-16,2025-07-21,LTCUSDT,0.18765186672079512,2025H2,2025Q3,0.11091886564977438
CUSDT,2025-07-15,2025-07-16,2025-07-21,BCHUSDT,0.09782596870236669,2025H2,2025Q3,0.11091886564977438
CUSDT,2025-07-15,2025-07-16,2025-07-21,FILUSDT,0.08612915372993875,2025H2,2025Q3,0.11091886564977438
CUSDT,2025-07-15,2025-07-16,2025-07-21,NEARUSDT,0.10577226165379904,2025H2,2025Q3,0.11091886564977438
CUSDT,2025-07-15,2025-07-16,2025-07-21,WIFUSDT,0.11804137618163162,2025H2,2025Q3,0.11091886564977438
TAUSDT,2025-07-21,2025-07-22,2025-07-27,BTCUSDT,0.0049472495962381915,2025H2,2025Q3,0.1891785020915775
TAUSDT,2025-07-21,2025-07-22,2025-07-27,ETHUSDT,-0.005401498674718181,2025H2,2025Q3,0.1891785020915775
TAUSDT,2025-07-21,2025-07-22,2025-07-27,BNBUSDT,0.03471876537036858,2025H2,2025Q3,0.1891785020915775
TAUSDT,2025-07-21,2025-07-22,2025-07-27,SOLUSDT,-0.05783477504260132,2025H2,2025Q3,0.1891785020915775
TAUSDT,2025-07-21,2025-07-22,2025-07-27,XRPUSDT,-0.11439071731513532,2025H2,2025Q3,0.1891785020915775
TAUSDT,2025-07-21,2025-07-22,2025-07-27,DOGEUSDT,-0.14213764347555133,2025H2,2025Q3,0.1891785020915775
TAUSDT,2025-07-21,2025-07-22,2025-07-27,ADAUSDT,-0.08174981697727084,2025H2,2025Q3,0.1891785020915775
TAUSDT,2025-07-21,2025-07-22,2025-07-27,AVAXUSDT,-0.019772748830767014,2025H2,2025Q3,0.1891785020915775
TAUSDT,2025-07-21,2025-07-22,2025-07-27,LINKUSDT,-0.05729717243340032,2025H2,2025Q3,0.1891785020915775
TAUSDT,2025-07-21,2025-07-22,2025-07-27,LTCUSDT,-0.01403623584745249,2025H2,2025Q3,0.1891785020915775
TAUSDT,2025-07-21,2025-07-22,2025-07-27,BCHUSDT,0.06793962499695402,2025H2,2025Q3,0.1891785020915775
TAUSDT,2025-07-21,2025-07-22,2025-07-27,FILUSDT,-0.09284830343268399,2025H2,2025Q3,0.1891785020915775
TAUSDT,2025-07-21,2025-07-22,2025-07-27,NEARUSDT,-0.047781407748156444,2025H2,2025Q3,0.1891785020915775
TAUSDT,2025-07-21,2025-07-22,2025-07-27,WIFUSDT,-0.156128919839364,2025H2,2025Q3,0.1891785020915775
TAGUSDT,2025-07-25,2025-07-26,2025-07-31,BTCUSDT,0.0016459859979235233,2025H2,2025Q3,0.10265756399787862
TAGUSDT,2025-07-25,2025-07-26,2025-07-31,ETHUSDT,0.021708428350768836,2025H2,2025Q3,0.10265756399787862
TAGUSDT,2025-07-25,2025-07-26,2025-07-31,BNBUSDT,0.010000969511209181,2025H2,2025Q3,0.10265756399787862
TAGUSDT,2025-07-25,2025-07-26,2025-07-31,SOLUSDT,-0.04974675203744183,2025H2,2025Q3,0.10265756399787862
TAGUSDT,2025-07-25,2025-07-26,2025-07-31,XRPUSDT,-0.015044148307379194,2025H2,2025Q3,0.10265756399787862
TAGUSDT,2025-07-25,2025-07-26,2025-07-31,DOGEUSDT,-0.0751032463102907,2025H2,2025Q3,0.10265756399787862
TAGUSDT,2025-07-25,2025-07-26,2025-07-31,ADAUSDT,-0.06757528796654241,2025H2,2025Q3,0.10265756399787862
TAGUSDT,2025-07-25,2025-07-26,2025-07-31,AVAXUSDT,-0.03114277489094053,2025H2,2025Q3,0.10265756399787862
TAGUSDT,2025-07-25,2025-07-26,2025-07-31,LINKUSDT,-0.03365073770761165,2025H2,2025Q3,0.10265756399787862
TAGUSDT,2025-07-25,2025-07-26,2025-07-31,LTCUSDT,-0.02953067076910614,2025H2,2025Q3,0.10265756399787862
TAGUSDT,2025-07-25,2025-07-26,2025-07-31,BCHUSDT,0.05765767616782311,2025H2,2025Q3,0.10265756399787862
TAGUSDT,2025-07-25,2025-07-26,2025-07-31,FILUSDT,-0.06308046512119779,2025H2,2025Q3,0.10265756399787862
TAGUSDT,2025-07-25,2025-07-26,2025-07-31,NEARUSDT,-0.07343414492447461,2025H2,2025Q3,0.10265756399787862
TAGUSDT,2025-07-25,2025-07-26,2025-07-31,WIFUSDT,-0.10497734016394207,2025H2,2025Q3,0.10265756399787862
ESPORTSUSDT,2025-07-29,2025-07-30,2025-08-04,BTCUSDT,-0.031487077358844616,2025H2,2025Q3,0.09976523848744123
ESPORTSUSDT,2025-07-29,2025-07-30,2025-08-04,ETHUSDT,-0.08061783577410749,2025H2,2025Q3,0.09976523848744123
ESPORTSUSDT,2025-07-29,2025-07-30,2025-08-04,BNBUSDT,-0.06950978122944194,2025H2,2025Q3,0.09976523848744123
ESPORTSUSDT,2025-07-29,2025-07-30,2025-08-04,SOLUSDT,-0.11410967163972804,2025H2,2025Q3,0.09976523848744123
ESPORTSUSDT,2025-07-29,2025-07-30,2025-08-04,XRPUSDT,-0.06010109402653312,2025H2,2025Q3,0.09976523848744123
ESPORTSUSDT,2025-07-29,2025-07-30,2025-08-04,DOGEUSDT,-0.11829699640556623,2025H2,2025Q3,0.09976523848744123
ESPORTSUSDT,2025-07-29,2025-07-30,2025-08-04,ADAUSDT,-0.07303675582776598,2025H2,2025Q3,0.09976523848744123
ESPORTSUSDT,2025-07-29,2025-07-30,2025-08-04,AVAXUSDT,-0.13118837374570805,2025H2,2025Q3,0.09976523848744123
ESPORTSUSDT,2025-07-29,2025-07-30,2025-08-04,LINKUSDT,-0.08974892185642351,2025H2,2025Q3,0.09976523848744123
ESPORTSUSDT,2025-07-29,2025-07-30,2025-08-04,LTCUSDT,0.017185066431370296,2025H2,2025Q3,0.09976523848744123
ESPORTSUSDT,2025-07-29,2025-07-30,2025-08-04,BCHUSDT,-0.035275594237572434,2025H2,2025Q3,0.09976523848744123
ESPORTSUSDT,2025-07-29,2025-07-30,2025-08-04,FILUSDT,-0.09293852961897274,2025H2,2025Q3,0.09976523848744123
ESPORTSUSDT,2025-07-29,2025-07-30,2025-08-04,NEARUSDT,-0.10777266752550578,2025H2,2025Q3,0.09976523848744123
ESPORTSUSDT,2025-07-29,2025-07-30,2025-08-04,WIFUSDT,-0.09141691509266742,2025H2,2025Q3,0.09976523848744123
PROVEUSDT,2025-08-05,2025-08-06,2025-08-11,BTCUSDT,0.04395956965162439,2025H2,2025Q3,0.06226300530757212
PROVEUSDT,2025-08-05,2025-08-06,2025-08-11,ETHUSDT,0.1617528869910248,2025H2,2025Q3,0.06226300530757212
PROVEUSDT,2025-08-05,2025-08-06,2025-08-11,BNBUSDT,0.0665210099458717,2025H2,2025Q3,0.06226300530757212
PROVEUSDT,2025-08-05,2025-08-06,2025-08-11,SOLUSDT,0.10584823132926315,2025H2,2025Q3,0.06226300530757212
PROVEUSDT,2025-08-05,2025-08-06,2025-08-11,XRPUSDT,0.07224132458549035,2025H2,2025Q3,0.06226300530757212
PROVEUSDT,2025-08-05,2025-08-06,2025-08-11,DOGEUSDT,0.15627293535868456,2025H2,2025Q3,0.06226300530757212
PROVEUSDT,2025-08-05,2025-08-06,2025-08-11,ADAUSDT,0.09726330542520685,2025H2,2025Q3,0.06226300530757212
PROVEUSDT,2025-08-05,2025-08-06,2025-08-11,AVAXUSDT,0.08354966204422756,2025H2,2025Q3,0.06226300530757212
PROVEUSDT,2025-08-05,2025-08-06,2025-08-11,LINKUSDT,0.2969216980891545,2025H2,2025Q3,0.06226300530757212
PROVEUSDT,2025-08-05,2025-08-06,2025-08-11,LTCUSDT,0.027322534823603004,2025H2,2025Q3,0.06226300530757212
PROVEUSDT,2025-08-05,2025-08-06,2025-08-11,BCHUSDT,0.03280737330255824,2025H2,2025Q3,0.06226300530757212
PROVEUSDT,2025-08-05,2025-08-06,2025-08-11,FILUSDT,0.11611330743408811,2025H2,2025Q3,0.06226300530757212
PROVEUSDT,2025-08-05,2025-08-06,2025-08-11,NEARUSDT,0.10827596961795033,2025H2,2025Q3,0.06226300530757212
PROVEUSDT,2025-08-05,2025-08-06,2025-08-11,WIFUSDT,0.1413410880220492,2025H2,2025Q3,0.06226300530757212
AIOUSDT,2025-08-13,2025-08-14,2025-08-19,BTCUSDT,-0.05976561770326589,2025H2,2025Q3,0.004278124827477914
AIOUSDT,2025-08-13,2025-08-14,2025-08-19,ETHUSDT,-0.09737660506234237,2025H2,2025Q3,0.004278124827477914
AIOUSDT,2025-08-13,2025-08-14,2025-08-19,BNBUSDT,-0.0007193523780546298,2025H2,2025Q3,0.004278124827477914
AIOUSDT,2025-08-13,2025-08-14,2025-08-19,SOLUSDT,-0.09807233802969365,2025H2,2025Q3,0.004278124827477914
AIOUSDT,2025-08-13,2025-08-14,2025-08-19,XRPUSDT,-0.06776796075008915,2025H2,2025Q3,0.004278124827477914
AIOUSDT,2025-08-13,2025-08-14,2025-08-19,DOGEUSDT,-0.09534286274709995,2025H2,2025Q3,0.004278124827477914
AIOUSDT,2025-08-13,2025-08-14,2025-08-19,ADAUSDT,0.019817805208414727,2025H2,2025Q3,0.004278124827477914
AIOUSDT,2025-08-13,2025-08-14,2025-08-19,AVAXUSDT,-0.07414117734520569,2025H2,2025Q3,0.004278124827477914
AIOUSDT,2025-08-13,2025-08-14,2025-08-19,LINKUSDT,0.07082712245978855,2025H2,2025Q3,0.004278124827477914
AIOUSDT,2025-08-13,2025-08-14,2025-08-19,LTCUSDT,-0.10630322691405691,2025H2,2025Q3,0.004278124827477914
AIOUSDT,2025-08-13,2025-08-14,2025-08-19,BCHUSDT,-0.08063382217149768,2025H2,2025Q3,0.004278124827477914
AIOUSDT,2025-08-13,2025-08-14,2025-08-19,FILUSDT,-0.1031683335596052,2025H2,2025Q3,0.004278124827477914
AIOUSDT,2025-08-13,2025-08-14,2025-08-19,NEARUSDT,-0.1544286815526595,2025H2,2025Q3,0.004278124827477914
AIOUSDT,2025-08-13,2025-08-14,2025-08-19,WIFUSDT,-0.17514643053630358,2025H2,2025Q3,0.004278124827477914
SAPIENUSDT,2025-08-20,2025-08-21,2025-08-26,BTCUSDT,-0.03835067006618508,2025H2,2025Q3,-0.06276579520424819
SAPIENUSDT,2025-08-20,2025-08-21,2025-08-26,ETHUSDT,0.007408181924052543,2025H2,2025Q3,-0.06276579520424819
SAPIENUSDT,2025-08-20,2025-08-21,2025-08-26,BNBUSDT,-0.036854935420520075,2025H2,2025Q3,-0.06276579520424819
SAPIENUSDT,2025-08-20,2025-08-21,2025-08-26,SOLUSDT,-0.006460764123816245,2025H2,2025Q3,-0.06276579520424819
SAPIENUSDT,2025-08-20,2025-08-21,2025-08-26,XRPUSDT,-0.033711057342311605,2025H2,2025Q3,-0.06276579520424819
SAPIENUSDT,2025-08-20,2025-08-21,2025-08-26,DOGEUSDT,-0.05849185716299143,2025H2,2025Q3,-0.06276579520424819
SAPIENUSDT,2025-08-20,2025-08-21,2025-08-26,ADAUSDT,-0.05317797073630599,2025H2,2025Q3,-0.06276579520424819
SAPIENUSDT,2025-08-20,2025-08-21,2025-08-26,AVAXUSDT,-0.00796441651082819,2025H2,2025Q3,-0.06276579520424819
SAPIENUSDT,2025-08-20,2025-08-21,2025-08-26,LINKUSDT,-0.1256220447747215,2025H2,2025Q3,-0.06276579520424819
SAPIENUSDT,2025-08-20,2025-08-21,2025-08-26,LTCUSDT,-0.06398125322953618,2025H2,2025Q3,-0.06276579520424819
SAPIENUSDT,2025-08-20,2025-08-21,2025-08-26,BCHUSDT,-0.0339605992385104,2025H2,2025Q3,-0.06276579520424819
SAPIENUSDT,2025-08-20,2025-08-21,2025-08-26,FILUSDT,-0.11291809199390586,2025H2,2025Q3,-0.06276579520424819
SAPIENUSDT,2025-08-20,2025-08-21,2025-08-26,NEARUSDT,-0.06451232632676167,2025H2,2025Q3,-0.06276579520424819
SAPIENUSDT,2025-08-20,2025-08-21,2025-08-26,WIFUSDT,-0.11708055184555148,2025H2,2025Q3,-0.06276579520424819
WLFIUSDT,2025-08-23,2025-08-24,2025-08-29,BTCUSDT,-0.026050323902311268,2025H2,2025Q3,-0.035185208809059065
WLFIUSDT,2025-08-23,2025-08-24,2025-08-29,ETHUSDT,-0.058233323430832436,2025H2,2025Q3,-0.035185208809059065
WLFIUSDT,2025-08-23,2025-08-24,2025-08-29,BNBUSDT,-0.007429302297149972,2025H2,2025Q3,-0.035185208809059065
WLFIUSDT,2025-08-23,2025-08-24,2025-08-29,SOLUSDT,0.04724535146824522,2025H2,2025Q3,-0.035185208809059065
WLFIUSDT,2025-08-23,2025-08-24,2025-08-29,XRPUSDT,-0.028589064570246764,2025H2,2025Q3,-0.035185208809059065
WLFIUSDT,2025-08-23,2025-08-24,2025-08-29,DOGEUSDT,-0.05261742291892546,2025H2,2025Q3,-0.035185208809059065
WLFIUSDT,2025-08-23,2025-08-24,2025-08-29,ADAUSDT,-0.0646187489847,2025H2,2025Q3,-0.035185208809059065
WLFIUSDT,2025-08-23,2025-08-24,2025-08-29,AVAXUSDT,-0.05273121007905684,2025H2,2025Q3,-0.035185208809059065
WLFIUSDT,2025-08-23,2025-08-24,2025-08-29,LINKUSDT,-0.04403667553496005,2025H2,2025Q3,-0.035185208809059065
WLFIUSDT,2025-08-23,2025-08-24,2025-08-29,LTCUSDT,-0.06708898204254936,2025H2,2025Q3,-0.035185208809059065
WLFIUSDT,2025-08-23,2025-08-24,2025-08-29,BCHUSDT,-0.05861399353603882,2025H2,2025Q3,-0.035185208809059065
WLFIUSDT,2025-08-23,2025-08-24,2025-08-29,FILUSDT,-0.058253079202953896,2025H2,2025Q3,-0.035185208809059065
WLFIUSDT,2025-08-23,2025-08-24,2025-08-29,NEARUSDT,-0.061087691979838266,2025H2,2025Q3,-0.035185208809059065
WLFIUSDT,2025-08-23,2025-08-24,2025-08-29,WIFUSDT,-0.061612242111846856,2025H2,2025Q3,-0.035185208809059065
BASUSDT,2025-08-26,2025-08-27,2025-09-01,BTCUSDT,-0.031727098841237075,2025H2,2025Q3,-0.05800083699447822
BASUSDT,2025-08-26,2025-08-27,2025-09-01,ETHUSDT,-0.04691359613495275,2025H2,2025Q3,-0.05800083699447822
BASUSDT,2025-08-26,2025-08-27,2025-09-01,BNBUSDT,-0.006955641013886935,2025H2,2025Q3,-0.05800083699447822
BASUSDT,2025-08-26,2025-08-27,2025-09-01,SOLUSDT,0.023174077572369986,2025H2,2025Q3,-0.05800083699447822
BASUSDT,2025-08-26,2025-08-27,2025-09-01,XRPUSDT,-0.0818652865447704,2025H2,2025Q3,-0.05800083699447822
BASUSDT,2025-08-26,2025-08-27,2025-09-01,DOGEUSDT,-0.022325043731403777,2025H2,2025Q3,-0.05800083699447822
BASUSDT,2025-08-26,2025-08-27,2025-09-01,ADAUSDT,-0.06611019436822703,2025H2,2025Q3,-0.05800083699447822
BASUSDT,2025-08-26,2025-08-27,2025-09-01,AVAXUSDT,-0.03438673919590205,2025H2,2025Q3,-0.05800083699447822
BASUSDT,2025-08-26,2025-08-27,2025-09-01,LINKUSDT,-0.04997885511736995,2025H2,2025Q3,-0.05800083699447822
BASUSDT,2025-08-26,2025-08-27,2025-09-01,LTCUSDT,-0.04103139667786259,2025H2,2025Q3,-0.05800083699447822
BASUSDT,2025-08-26,2025-08-27,2025-09-01,BCHUSDT,-0.013291479552591528,2025H2,2025Q3,-0.05800083699447822
BASUSDT,2025-08-26,2025-08-27,2025-09-01,FILUSDT,-0.02439145312415924,2025H2,2025Q3,-0.05800083699447822
BASUSDT,2025-08-26,2025-08-27,2025-09-01,NEARUSDT,-0.06630906452255231,2025H2,2025Q3,-0.05800083699447822
BASUSDT,2025-08-26,2025-08-27,2025-09-01,WIFUSDT,-0.03702035144571619,2025H2,2025Q3,-0.05800083699447822
HEMIUSDT,2025-08-29,2025-08-30,2025-09-04,BTCUSDT,0.0304315699416135,2025H2,2025Q3,-0.059978927771002555
HEMIUSDT,2025-08-29,2025-08-30,2025-09-04,ETHUSDT,0.020334895476107697,2025H2,2025Q3,-0.059978927771002555
HEMIUSDT,2025-08-29,2025-08-30,2025-09-04,BNBUSDT,-0.008484638396330372,2025H2,2025Q3,-0.059978927771002555
HEMIUSDT,2025-08-29,2025-08-30,2025-09-04,SOLUSDT,0.027856418375048285,2025H2,2025Q3,-0.059978927771002555
HEMIUSDT,2025-08-29,2025-08-30,2025-09-04,XRPUSDT,0.009043761078274997,2025H2,2025Q3,-0.059978927771002555
HEMIUSDT,2025-08-29,2025-08-30,2025-09-04,DOGEUSDT,0.030720632617944766,2025H2,2025Q3,-0.059978927771002555
HEMIUSDT,2025-08-29,2025-08-30,2025-09-04,ADAUSDT,0.012743620404931792,2025H2,2025Q3,-0.059978927771002555
HEMIUSDT,2025-08-29,2025-08-30,2025-09-04,AVAXUSDT,0.06834970538768263,2025H2,2025Q3,-0.059978927771002555
HEMIUSDT,2025-08-29,2025-08-30,2025-09-04,LINKUSDT,0.0116344567418093,2025H2,2025Q3,-0.059978927771002555
HEMIUSDT,2025-08-29,2025-08-30,2025-09-04,LTCUSDT,0.028178461659269877,2025H2,2025Q3,-0.059978927771002555
HEMIUSDT,2025-08-29,2025-08-30,2025-09-04,BCHUSDT,0.12894097907799512,2025H2,2025Q3,-0.059978927771002555
HEMIUSDT,2025-08-29,2025-08-30,2025-09-04,FILUSDT,0.02695815425591525,2025H2,2025Q3,-0.059978927771002555
HEMIUSDT,2025-08-29,2025-08-30,2025-09-04,NEARUSDT,0.016738500619850487,2025H2,2025Q3,-0.059978927771002555
HEMIUSDT,2025-08-29,2025-08-30,2025-09-04,WIFUSDT,0.030282780632084033,2025H2,2025Q3,-0.059978927771002555
LINEAUSDT,2025-09-01,2025-09-02,2025-09-07,BTCUSDT,0.008840000797885173,2025H2,2025Q3,-0.025955140042820624
LINEAUSDT,2025-09-01,2025-09-02,2025-09-07,ETHUSDT,-0.009081221042895854,2025H2,2025Q3,-0.025955140042820624
LINEAUSDT,2025-09-01,2025-09-02,2025-09-07,BNBUSDT,0.0192305740731414,2025H2,2025Q3,-0.025955140042820624
LINEAUSDT,2025-09-01,2025-09-02,2025-09-07,SOLUSDT,0.014847895896623236,2025H2,2025Q3,-0.025955140042820624
LINEAUSDT,2025-09-01,2025-09-02,2025-09-07,XRPUSDT,0.018574605771721455,2025H2,2025Q3,-0.025955140042820624
LINEAUSDT,2025-09-01,2025-09-02,2025-09-07,DOGEUSDT,0.026008354290789733,2025H2,2025Q3,-0.025955140042820624
LINEAUSDT,2025-09-01,2025-09-02,2025-09-07,ADAUSDT,0.02149026756905738,2025H2,2025Q3,-0.025955140042820624
LINEAUSDT,2025-09-01,2025-09-02,2025-09-07,AVAXUSDT,0.04927436407959007,2025H2,2025Q3,-0.025955140042820624
LINEAUSDT,2025-09-01,2025-09-02,2025-09-07,LINKUSDT,-0.013554525444366252,2025H2,2025Q3,-0.025955140042820624
LINEAUSDT,2025-09-01,2025-09-02,2025-09-07,LTCUSDT,0.031607793098984975,2025H2,2025Q3,-0.025955140042820624
LINEAUSDT,2025-09-01,2025-09-02,2025-09-07,BCHUSDT,0.0879896352788999,2025H2,2025Q3,-0.025955140042820624
LINEAUSDT,2025-09-01,2025-09-02,2025-09-07,FILUSDT,0.018221762302708958,2025H2,2025Q3,-0.025955140042820624
LINEAUSDT,2025-09-01,2025-09-02,2025-09-07,NEARUSDT,0.02699446915228988,2025H2,2025Q3,-0.025955140042820624
LINEAUSDT,2025-09-01,2025-09-02,2025-09-07,WIFUSDT,0.0694309108298879,2025H2,2025Q3,-0.025955140042820624
OPENUSDT,2025-09-08,2025-09-09,2025-09-14,BTCUSDT,0.03404819096121575,2025H2,2025Q3,-0.06503191053143975
OPENUSDT,2025-09-08,2025-09-09,2025-09-14,ETHUSDT,0.0805414071966884,2025H2,2025Q3,-0.06503191053143975
OPENUSDT,2025-09-08,2025-09-09,2025-09-14,BNBUSDT,0.061364881181957515,2025H2,2025Q3,-0.06503191053143975
OPENUSDT,2025-09-08,2025-09-09,2025-09-14,SOLUSDT,0.12439601556087171,2025H2,2025Q3,-0.06503191053143975
OPENUSDT,2025-09-08,2025-09-09,2025-09-14,XRPUSDT,0.048907252018333146,2025H2,2025Q3,-0.06503191053143975
OPENUSDT,2025-09-08,2025-09-09,2025-09-14,DOGEUSDT,0.17930879867273167,2025H2,2025Q3,-0.06503191053143975
OPENUSDT,2025-09-08,2025-09-09,2025-09-14,ADAUSDT,0.07126363162751007,2025H2,2025Q3,-0.06503191053143975
OPENUSDT,2025-09-08,2025-09-09,2025-09-14,AVAXUSDT,0.17326902441816625,2025H2,2025Q3,-0.06503191053143975
OPENUSDT,2025-09-08,2025-09-09,2025-09-14,LINKUSDT,0.07669087256859783,2025H2,2025Q3,-0.06503191053143975
OPENUSDT,2025-09-08,2025-09-09,2025-09-14,LTCUSDT,0.056413714853782715,2025H2,2025Q3,-0.06503191053143975
OPENUSDT,2025-09-08,2025-09-09,2025-09-14,BCHUSDT,0.017801623122245695,2025H2,2025Q3,-0.06503191053143975
OPENUSDT,2025-09-08,2025-09-09,2025-09-14,FILUSDT,0.07199628671392566,2025H2,2025Q3,-0.06503191053143975
OPENUSDT,2025-09-08,2025-09-09,2025-09-14,NEARUSDT,0.08620261645187861,2025H2,2025Q3,-0.06503191053143975
OPENUSDT,2025-09-08,2025-09-09,2025-09-14,WIFUSDT,0.11583900271180533,2025H2,2025Q3,-0.06503191053143975
HOLOUSDT,2025-09-11,2025-09-12,2025-09-17,BTCUSDT,0.01127839276616117,2025H2,2025Q3,-0.05956266384699149
HOLOUSDT,2025-09-11,2025-09-12,2025-09-17,ETHUSDT,0.009995048889462592,2025H2,2025Q3,-0.05956266384699149
HOLOUSDT,2025-09-11,2025-09-12,2025-09-17,BNBUSDT,0.058187636093386966,2025H2,2025Q3,-0.05956266384699149
HOLOUSDT,2025-09-11,2025-09-12,2025-09-17,SOLUSDT,0.03481826826241977,2025H2,2025Q3,-0.05956266384699149
HOLOUSDT,2025-09-11,2025-09-12,2025-09-17,XRPUSDT,-0.0008889035795763168,2025H2,2025Q3,-0.05956266384699149
HOLOUSDT,2025-09-11,2025-09-12,2025-09-17,DOGEUSDT,0.052778982953271124,2025H2,2025Q3,-0.05956266384699149
HOLOUSDT,2025-09-11,2025-09-12,2025-09-17,ADAUSDT,-0.015561883735831242,2025H2,2025Q3,-0.05956266384699149
HOLOUSDT,2025-09-11,2025-09-12,2025-09-17,AVAXUSDT,0.031491216315440634,2025H2,2025Q3,-0.05956266384699149
HOLOUSDT,2025-09-11,2025-09-12,2025-09-17,LINKUSDT,-0.04120206292009806,2025H2,2025Q3,-0.05956266384699149
HOLOUSDT,2025-09-11,2025-09-12,2025-09-17,LTCUSDT,-0.006760882128083545,2025H2,2025Q3,-0.05956266384699149
HOLOUSDT,2025-09-11,2025-09-12,2025-09-17,BCHUSDT,0.002763103465225365,2025H2,2025Q3,-0.05956266384699149
HOLOUSDT,2025-09-11,2025-09-12,2025-09-17,FILUSDT,0.009024977874326353,2025H2,2025Q3,-0.05956266384699149
HOLOUSDT,2025-09-11,2025-09-12,2025-09-17,NEARUSDT,-0.013201511858535955,2025H2,2025Q3,-0.05956266384699149
HOLOUSDT,2025-09-11,2025-09-12,2025-09-17,WIFUSDT,0.055385613023534036,2025H2,2025Q3,-0.05956266384699149
ZKCUSDT,2025-09-15,2025-09-16,2025-09-21,BTCUSDT,0.0028095671882964707,2025H2,2025Q3,-0.005168132604142395
ZKCUSDT,2025-09-15,2025-09-16,2025-09-21,ETHUSDT,-0.009798955836424324,2025H2,2025Q3,-0.005168132604142395
ZKCUSDT,2025-09-15,2025-09-16,2025-09-21,BNBUSDT,0.1259862350787891,2025H2,2025Q3,-0.005168132604142395
ZKCUSDT,2025-09-15,2025-09-16,2025-09-21,SOLUSDT,0.021627030887389247,2025H2,2025Q3,-0.005168132604142395
ZKCUSDT,2025-09-15,2025-09-16,2025-09-21,XRPUSDT,-0.0074718479328164545,2025H2,2025Q3,-0.005168132604142395
ZKCUSDT,2025-09-15,2025-09-16,2025-09-21,DOGEUSDT,-0.002538830515434608,2025H2,2025Q3,-0.005168132604142395
ZKCUSDT,2025-09-15,2025-09-16,2025-09-21,ADAUSDT,0.033623316611631295,2025H2,2025Q3,-0.005168132604142395
ZKCUSDT,2025-09-15,2025-09-16,2025-09-21,AVAXUSDT,0.10646754540908568,2025H2,2025Q3,-0.005168132604142395
ZKCUSDT,2025-09-15,2025-09-16,2025-09-21,LINKUSDT,-0.009771995233552357,2025H2,2025Q3,-0.005168132604142395
ZKCUSDT,2025-09-15,2025-09-16,2025-09-21,LTCUSDT,0.0013188554248230945,2025H2,2025Q3,-0.005168132604142395
ZKCUSDT,2025-09-15,2025-09-16,2025-09-21,BCHUSDT,0.0008254786981435402,2025H2,2025Q3,-0.005168132604142395
ZKCUSDT,2025-09-15,2025-09-16,2025-09-21,FILUSDT,0.012775776489479099,2025H2,2025Q3,-0.005168132604142395
ZKCUSDT,2025-09-15,2025-09-16,2025-09-21,NEARUSDT,0.18390759994958933,2025H2,2025Q3,-0.005168132604142395
ZKCUSDT,2025-09-15,2025-09-16,2025-09-21,WIFUSDT,0.021496522991727073,2025H2,2025Q3,-0.005168132604142395
BARDUSDT,2025-09-18,2025-09-19,2025-09-24,BTCUSDT,-0.04471356899194779,2025H2,2025Q3,0.011810489360491339
BARDUSDT,2025-09-18,2025-09-19,2025-09-24,ETHUSDT,-0.09697710095852806,2025H2,2025Q3,0.011810489360491339
BARDUSDT,2025-09-18,2025-09-19,2025-09-24,BNBUSDT,0.03521564641953693,2025H2,2025Q3,0.011810489360491339
BARDUSDT,2025-09-18,2025-09-19,2025-09-24,SOLUSDT,-0.14768286026018418,2025H2,2025Q3,0.011810489360491339
BARDUSDT,2025-09-18,2025-09-19,2025-09-24,XRPUSDT,-0.08473834979727154,2025H2,2025Q3,0.011810489360491339
BARDUSDT,2025-09-18,2025-09-19,2025-09-24,DOGEUSDT,-0.1615600574294937,2025H2,2025Q3,0.011810489360491339
BARDUSDT,2025-09-18,2025-09-19,2025-09-24,ADAUSDT,-0.13758945001881218,2025H2,2025Q3,0.011810489360491339
BARDUSDT,2025-09-18,2025-09-19,2025-09-24,AVAXUSDT,-0.04718460014177971,2025H2,2025Q3,0.011810489360491339
BARDUSDT,2025-09-18,2025-09-19,2025-09-24,LINKUSDT,-0.1350641735279758,2025H2,2025Q3,0.011810489360491339
BARDUSDT,2025-09-18,2025-09-19,2025-09-24,LTCUSDT,-0.10851590952084977,2025H2,2025Q3,0.011810489360491339
BARDUSDT,2025-09-18,2025-09-19,2025-09-24,BCHUSDT,-0.11498687165715366,2025H2,2025Q3,0.011810489360491339
BARDUSDT,2025-09-18,2025-09-19,2025-09-24,FILUSDT,-0.14238470360469585,2025H2,2025Q3,0.011810489360491339
BARDUSDT,2025-09-18,2025-09-19,2025-09-24,NEARUSDT,-0.08306659869861344,2025H2,2025Q3,0.011810489360491339
BARDUSDT,2025-09-18,2025-09-19,2025-09-24,WIFUSDT,-0.19919433726437977,2025H2,2025Q3,0.011810489360491339
BLESSUSDT,2025-09-23,2025-09-24,2025-09-29,BTCUSDT,0.0013149363195463757,2025H2,2025Q3,0.028983137083878452
BLESSUSDT,2025-09-23,2025-09-24,2025-09-29,ETHUSDT,-0.006566046590408472,2025H2,2025Q3,0.028983137083878452
BLESSUSDT,2025-09-23,2025-09-24,2025-09-29,BNBUSDT,-0.023613154897633833,2025H2,2025Q3,0.028983137083878452
BLESSUSDT,2025-09-23,2025-09-24,2025-09-29,SOLUSDT,-0.013221459949862686,2025H2,2025Q3,0.028983137083878452
BLESSUSDT,2025-09-23,2025-09-24,2025-09-29,XRPUSDT,0.013334234543853567,2025H2,2025Q3,0.028983137083878452
BLESSUSDT,2025-09-23,2025-09-24,2025-09-29,DOGEUSDT,-0.0014357504261042647,2025H2,2025Q3,0.028983137083878452
BLESSUSDT,2025-09-23,2025-09-24,2025-09-29,ADAUSDT,0.0017365422374316978,2025H2,2025Q3,0.028983137083878452
BLESSUSDT,2025-09-23,2025-09-24,2025-09-29,AVAXUSDT,-0.11397557326843721,2025H2,2025Q3,0.028983137083878452
BLESSUSDT,2025-09-23,2025-09-24,2025-09-29,LINKUSDT,0.005840921482552264,2025H2,2025Q3,0.028983137083878452
BLESSUSDT,2025-09-23,2025-09-24,2025-09-29,LTCUSDT,0.006861896549073914,2025H2,2025Q3,0.028983137083878452
BLESSUSDT,2025-09-23,2025-09-24,2025-09-29,BCHUSDT,-0.00039545585790008725,2025H2,2025Q3,0.028983137083878452
BLESSUSDT,2025-09-23,2025-09-24,2025-09-29,FILUSDT,-0.01214316697833112,2025H2,2025Q3,0.028983137083878452
BLESSUSDT,2025-09-23,2025-09-24,2025-09-29,NEARUSDT,-0.04235103588077118,2025H2,2025Q3,0.028983137083878452
BLESSUSDT,2025-09-23,2025-09-24,2025-09-29,WIFUSDT,-0.049404084839470154,2025H2,2025Q3,0.028983137083878452
AKEUSDT,2025-09-26,2025-09-27,2025-10-02,BTCUSDT,0.07956689887650416,2025H2,2025Q3,-0.026042754559037484
AKEUSDT,2025-09-26,2025-09-27,2025-10-02,ETHUSDT,0.0747084400193154,2025H2,2025Q3,-0.026042754559037484
AKEUSDT,2025-09-26,2025-09-27,2025-10-02,BNBUSDT,0.06586920715692586,2025H2,2025Q3,-0.026042754559037484
AKEUSDT,2025-09-26,2025-09-27,2025-10-02,SOLUSDT,0.0775028997242983,2025H2,2025Q3,-0.026042754559037484
AKEUSDT,2025-09-26,2025-09-27,2025-10-02,XRPUSDT,0.056932755711054855,2025H2,2025Q3,-0.026042754559037484
AKEUSDT,2025-09-26,2025-09-27,2025-10-02,DOGEUSDT,0.06909617193640016,2025H2,2025Q3,-0.026042754559037484
AKEUSDT,2025-09-26,2025-09-27,2025-10-02,ADAUSDT,0.07189453251484967,2025H2,2025Q3,-0.026042754559037484
AKEUSDT,2025-09-26,2025-09-27,2025-10-02,AVAXUSDT,0.053004288108724644,2025H2,2025Q3,-0.026042754559037484
AKEUSDT,2025-09-26,2025-09-27,2025-10-02,LINKUSDT,0.06853692710426647,2025H2,2025Q3,-0.026042754559037484
AKEUSDT,2025-09-26,2025-09-27,2025-10-02,LTCUSDT,0.09946815385920306,2025H2,2025Q3,-0.026042754559037484
AKEUSDT,2025-09-26,2025-09-27,2025-10-02,BCHUSDT,0.07727266564531511,2025H2,2025Q3,-0.026042754559037484
AKEUSDT,2025-09-26,2025-09-27,2025-10-02,FILUSDT,0.045442116604281525,2025H2,2025Q3,-0.026042754559037484
AKEUSDT,2025-09-26,2025-09-27,2025-10-02,NEARUSDT,0.02174386147148323,2025H2,2025Q3,-0.026042754559037484
AKEUSDT,2025-09-26,2025-09-27,2025-10-02,WIFUSDT,0.01514681575998572,2025H2,2025Q3,-0.026042754559037484
FFUSDT,2025-09-29,2025-09-30,2025-10-05,BTCUSDT,0.06845995445166733,2025H2,2025Q3,0.0534191430609825
FFUSDT,2025-09-29,2025-09-30,2025-10-05,ETHUSDT,0.06288467588305822,2025H2,2025Q3,0.0534191430609825
FFUSDT,2025-09-29,2025-09-30,2025-10-05,BNBUSDT,0.11050723032620532,2025H2,2025Q3,0.0534191430609825
FFUSDT,2025-09-29,2025-09-30,2025-10-05,SOLUSDT,0.06967313615807556,2025H2,2025Q3,0.0534191430609825
FFUSDT,2025-09-29,2025-09-30,2025-10-05,XRPUSDT,0.03031260788304406,2025H2,2025Q3,0.0534191430609825
FFUSDT,2025-09-29,2025-09-30,2025-10-05,DOGEUSDT,0.06647279631451661,2025H2,2025Q3,0.0534191430609825
FFUSDT,2025-09-29,2025-09-30,2025-10-05,ADAUSDT,0.040980869684429475,2025H2,2025Q3,0.0534191430609825
FFUSDT,2025-09-29,2025-09-30,2025-10-05,AVAXUSDT,-0.009986195017485112,2025H2,2025Q3,0.0534191430609825
FFUSDT,2025-09-29,2025-09-30,2025-10-05,LINKUSDT,0.013489927229376546,2025H2,2025Q3,0.0534191430609825
FFUSDT,2025-09-29,2025-09-30,2025-10-05,LTCUSDT,0.12135817976787144,2025H2,2025Q3,0.0534191430609825
FFUSDT,2025-09-29,2025-09-30,2025-10-05,BCHUSDT,0.05018051394153892,2025H2,2025Q3,0.0534191430609825
FFUSDT,2025-09-29,2025-09-30,2025-10-05,FILUSDT,0.04557302637215087,2025H2,2025Q3,0.0534191430609825
FFUSDT,2025-09-29,2025-09-30,2025-10-05,NEARUSDT,0.06458359765496717,2025H2,2025Q3,0.0534191430609825
FFUSDT,2025-09-29,2025-09-30,2025-10-05,WIFUSDT,0.03589644614118828,2025H2,2025Q3,0.0534191430609825
2ZUSDT,2025-10-02,2025-10-03,2025-10-08,BTCUSDT,0.00747934891949624,2025H2,2025Q4,0.09424072047415444
2ZUSDT,2025-10-02,2025-10-03,2025-10-08,ETHUSDT,-0.007293867287787455,2025H2,2025Q4,0.09424072047415444
2ZUSDT,2025-10-02,2025-10-03,2025-10-08,BNBUSDT,0.1793134283006022,2025H2,2025Q4,0.09424072047415444
2ZUSDT,2025-10-02,2025-10-03,2025-10-08,SOLUSDT,-0.06484261806441487,2025H2,2025Q4,0.09424072047415444
2ZUSDT,2025-10-02,2025-10-03,2025-10-08,XRPUSDT,-0.06315242225700611,2025H2,2025Q4,0.09424072047415444
2ZUSDT,2025-10-02,2025-10-03,2025-10-08,DOGEUSDT,-0.058979355162532415,2025H2,2025Q4,0.09424072047415444
2ZUSDT,2025-10-02,2025-10-03,2025-10-08,ADAUSDT,-0.05977757172523078,2025H2,2025Q4,0.09424072047415444
2ZUSDT,2025-10-02,2025-10-03,2025-10-08,AVAXUSDT,-0.10384019179423612,2025H2,2025Q4,0.09424072047415444
2ZUSDT,2025-10-02,2025-10-03,2025-10-08,LINKUSDT,-0.04285761210578834,2025H2,2025Q4,0.09424072047415444
2ZUSDT,2025-10-02,2025-10-03,2025-10-08,LTCUSDT,-0.021056970140698718,2025H2,2025Q4,0.09424072047415444
2ZUSDT,2025-10-02,2025-10-03,2025-10-08,BCHUSDT,-0.030026435724102265,2025H2,2025Q4,0.09424072047415444
2ZUSDT,2025-10-02,2025-10-03,2025-10-08,FILUSDT,-0.045481884178112816,2025H2,2025Q4,0.09424072047415444
2ZUSDT,2025-10-02,2025-10-03,2025-10-08,NEARUSDT,-0.007779508201583997,2025H2,2025Q4,0.09424072047415444
2ZUSDT,2025-10-02,2025-10-03,2025-10-08,WIFUSDT,-0.06880255842138508,2025H2,2025Q4,0.09424072047415444
LYNUSDT,2025-10-06,2025-10-07,2025-10-12,BTCUSDT,-0.12002670974308964,2025H2,2025Q4,0.09192354784111778
LYNUSDT,2025-10-06,2025-10-07,2025-10-12,ETHUSDT,-0.22383413786752723,2025H2,2025Q4,0.09192354784111778
LYNUSDT,2025-10-06,2025-10-07,2025-10-12,BNBUSDT,-0.07385723919840023,2025H2,2025Q4,0.09192354784111778
LYNUSDT,2025-10-06,2025-10-07,2025-10-12,SOLUSDT,-0.2730510355397338,2025H2,2025Q4,0.09192354784111778
LYNUSDT,2025-10-06,2025-10-07,2025-10-12,XRPUSDT,-0.2272182427567473,2025H2,2025Q4,0.09192354784111778
LYNUSDT,2025-10-06,2025-10-07,2025-10-12,DOGEUSDT,-0.36344838378156247,2025H2,2025Q4,0.09192354784111778
LYNUSDT,2025-10-06,2025-10-07,2025-10-12,ADAUSDT,-0.3239760645267956,2025H2,2025Q4,0.09192354784111778
LYNUSDT,2025-10-06,2025-10-07,2025-10-12,AVAXUSDT,-0.3562829664070918,2025H2,2025Q4,0.09192354784111778
LYNUSDT,2025-10-06,2025-10-07,2025-10-12,LINKUSDT,-0.3085379308240141,2025H2,2025Q4,0.09192354784111778
LYNUSDT,2025-10-06,2025-10-07,2025-10-12,LTCUSDT,-0.23644515738431082,2025H2,2025Q4,0.09192354784111778
LYNUSDT,2025-10-06,2025-10-07,2025-10-12,BCHUSDT,-0.18233492184701422,2025H2,2025Q4,0.09192354784111778
LYNUSDT,2025-10-06,2025-10-07,2025-10-12,FILUSDT,-0.431998566134993,2025H2,2025Q4,0.09192354784111778
LYNUSDT,2025-10-06,2025-10-07,2025-10-12,NEARUSDT,-0.28495266413035025,2025H2,2025Q4,0.09192354784111778
LYNUSDT,2025-10-06,2025-10-07,2025-10-12,WIFUSDT,-0.5157384110315767,2025H2,2025Q4,0.09192354784111778
GIGGLEUSDT,2025-10-09,2025-10-10,2025-10-15,BTCUSDT,-0.07346561014205731,2025H2,2025Q4,-0.01037693771905801
GIGGLEUSDT,2025-10-09,2025-10-10,2025-10-15,ETHUSDT,-0.05734854467573404,2025H2,2025Q4,-0.01037693771905801
GIGGLEUSDT,2025-10-09,2025-10-10,2025-10-15,BNBUSDT,-0.03769532003066908,2025H2,2025Q4,-0.01037693771905801
GIGGLEUSDT,2025-10-09,2025-10-10,2025-10-15,SOLUSDT,-0.08685905688658097,2025H2,2025Q4,-0.01037693771905801
GIGGLEUSDT,2025-10-09,2025-10-10,2025-10-15,XRPUSDT,-0.11284185227469017,2025H2,2025Q4,-0.01037693771905801
GIGGLEUSDT,2025-10-09,2025-10-10,2025-10-15,DOGEUSDT,-0.19532690570343214,2025H2,2025Q4,-0.01037693771905801
GIGGLEUSDT,2025-10-09,2025-10-10,2025-10-15,ADAUSDT,-0.15425293454384614,2025H2,2025Q4,-0.01037693771905801
GIGGLEUSDT,2025-10-09,2025-10-10,2025-10-15,AVAXUSDT,-0.22243895378638065,2025H2,2025Q4,-0.01037693771905801
GIGGLEUSDT,2025-10-09,2025-10-10,2025-10-15,LINKUSDT,-0.14056049637515722,2025H2,2025Q4,-0.01037693771905801
GIGGLEUSDT,2025-10-09,2025-10-10,2025-10-15,LTCUSDT,-0.2575439846282368,2025H2,2025Q4,-0.01037693771905801
GIGGLEUSDT,2025-10-09,2025-10-10,2025-10-15,BCHUSDT,-0.0745792710555571,2025H2,2025Q4,-0.01037693771905801
GIGGLEUSDT,2025-10-09,2025-10-10,2025-10-15,FILUSDT,-0.31638795163967764,2025H2,2025Q4,-0.01037693771905801
GIGGLEUSDT,2025-10-09,2025-10-10,2025-10-15,NEARUSDT,-0.15768824839598333,2025H2,2025Q4,-0.01037693771905801
GIGGLEUSDT,2025-10-09,2025-10-10,2025-10-15,WIFUSDT,-0.19248780555835213,2025H2,2025Q4,-0.01037693771905801
EULUSDT,2025-10-13,2025-10-14,2025-10-19,BTCUSDT,-0.07193159452809555,2025H2,2025Q4,-0.019322975436160017
EULUSDT,2025-10-13,2025-10-14,2025-10-19,ETHUSDT,-0.08663363430422401,2025H2,2025Q4,-0.019322975436160017
EULUSDT,2025-10-13,2025-10-14,2025-10-19,BNBUSDT,-0.16960534876725644,2025H2,2025Q4,-0.019322975436160017
EULUSDT,2025-10-13,2025-10-14,2025-10-19,SOLUSDT,-0.10601062412094264,2025H2,2025Q4,-0.019322975436160017
EULUSDT,2025-10-13,2025-10-14,2025-10-19,XRPUSDT,-0.09914210329961046,2025H2,2025Q4,-0.019322975436160017
EULUSDT,2025-10-13,2025-10-14,2025-10-19,DOGEUSDT,-0.11991435870271219,2025H2,2025Q4,-0.019322975436160017
EULUSDT,2025-10-13,2025-10-14,2025-10-19,ADAUSDT,-0.13838944696343938,2025H2,2025Q4,-0.019322975436160017
EULUSDT,2025-10-13,2025-10-14,2025-10-19,AVAXUSDT,-0.1635155132518642,2025H2,2025Q4,-0.019322975436160017
EULUSDT,2025-10-13,2025-10-14,2025-10-19,LINKUSDT,-0.1655567802177646,2025H2,2025Q4,-0.019322975436160017
EULUSDT,2025-10-13,2025-10-14,2025-10-19,LTCUSDT,-0.08160312376545764,2025H2,2025Q4,-0.019322975436160017
EULUSDT,2025-10-13,2025-10-14,2025-10-19,BCHUSDT,-0.1540255808539747,2025H2,2025Q4,-0.019322975436160017
EULUSDT,2025-10-13,2025-10-14,2025-10-19,FILUSDT,-0.14483846353921406,2025H2,2025Q4,-0.019322975436160017
EULUSDT,2025-10-13,2025-10-14,2025-10-19,NEARUSDT,-0.18991041694677605,2025H2,2025Q4,-0.019322975436160017
EULUSDT,2025-10-13,2025-10-14,2025-10-19,WIFUSDT,-0.15862570179760446,2025H2,2025Q4,-0.019322975436160017
LABUSDT,2025-10-17,2025-10-18,2025-10-23,BTCUSDT,0.010368281890959086,2025H2,2025Q4,-0.08459960125485932
LABUSDT,2025-10-17,2025-10-18,2025-10-23,ETHUSDT,-0.007227097052831784,2025H2,2025Q4,-0.08459960125485932
LABUSDT,2025-10-17,2025-10-18,2025-10-23,BNBUSDT,0.001353843487756551,2025H2,2025Q4,-0.08459960125485932
LABUSDT,2025-10-17,2025-10-18,2025-10-23,SOLUSDT,-0.011000967795261543,2025H2,2025Q4,-0.08459960125485932
LABUSDT,2025-10-17,2025-10-18,2025-10-23,XRPUSDT,0.030500646102671267,2025H2,2025Q4,-0.08459960125485932
LABUSDT,2025-10-17,2025-10-18,2025-10-23,DOGEUSDT,0.026772284815173183,2025H2,2025Q4,-0.08459960125485932
LABUSDT,2025-10-17,2025-10-18,2025-10-23,ADAUSDT,-0.002084503280245193,2025H2,2025Q4,-0.08459960125485932
LABUSDT,2025-10-17,2025-10-18,2025-10-23,AVAXUSDT,-0.0480157949972403,2025H2,2025Q4,-0.08459960125485932
LABUSDT,2025-10-17,2025-10-18,2025-10-23,LINKUSDT,0.03540297509811564,2025H2,2025Q4,-0.08459960125485932
LABUSDT,2025-10-17,2025-10-18,2025-10-23,LTCUSDT,0.018805194839619337,2025H2,2025Q4,-0.08459960125485932
LABUSDT,2025-10-17,2025-10-18,2025-10-23,BCHUSDT,0.0068348033092576225,2025H2,2025Q4,-0.08459960125485932
LABUSDT,2025-10-17,2025-10-18,2025-10-23,FILUSDT,0.03756310157564852,2025H2,2025Q4,-0.08459960125485932
LABUSDT,2025-10-17,2025-10-18,2025-10-23,NEARUSDT,0.0055684598643754865,2025H2,2025Q4,-0.08459960125485932
LABUSDT,2025-10-17,2025-10-18,2025-10-23,WIFUSDT,-0.03151289359803067,2025H2,2025Q4,-0.08459960125485932
币安人生USDT,2025-10-20,2025-10-21,2025-10-26,BTCUSDT,0.009842782671463587,2025H2,2025Q4,-0.060166394782604105
币安人生USDT,2025-10-20,2025-10-21,2025-10-26,ETHUSDT,-0.006659392878627428,2025H2,2025Q4,-0.060166394782604105
币安人生USDT,2025-10-20,2025-10-21,2025-10-26,BNBUSDT,0.01529530226611502,2025H2,2025Q4,-0.060166394782604105
币安人生USDT,2025-10-20,2025-10-21,2025-10-26,SOLUSDT,0.02128739015416826,2025H2,2025Q4,-0.060166394782604105
币安人生USDT,2025-10-20,2025-10-21,2025-10-26,XRPUSDT,0.03854647972109422,2025H2,2025Q4,-0.060166394782604105
币安人生USDT,2025-10-20,2025-10-21,2025-10-26,DOGEUSDT,-0.018223163985236098,2025H2,2025Q4,-0.060166394782604105
币安人生USDT,2025-10-20,2025-10-21,2025-10-26,ADAUSDT,-0.013072081567352888,2025H2,2025Q4,-0.060166394782604105
币安人生USDT,2025-10-20,2025-10-21,2025-10-26,AVAXUSDT,-0.03117135490293951,2025H2,2025Q4,-0.060166394782604105
币安人生USDT,2025-10-20,2025-10-21,2025-10-26,LINKUSDT,-0.03492661018821687,2025H2,2025Q4,-0.060166394782604105
币安人生USDT,2025-10-20,2025-10-21,2025-10-26,LTCUSDT,0.030603939454124783,2025H2,2025Q4,-0.060166394782604105
币安人生USDT,2025-10-20,2025-10-21,2025-10-26,BCHUSDT,0.06053732997208091,2025H2,2025Q4,-0.060166394782604105
币安人生USDT,2025-10-20,2025-10-21,2025-10-26,FILUSDT,-0.01210591401205931,2025H2,2025Q4,-0.060166394782604105
币安人生USDT,2025-10-20,2025-10-21,2025-10-26,NEARUSDT,0.009257284536076863,2025H2,2025Q4,-0.060166394782604105
币安人生USDT,2025-10-20,2025-10-21,2025-10-26,WIFUSDT,0.011579947430959418,2025H2,2025Q4,-0.060166394782604105
APRUSDT,2025-10-23,2025-10-24,2025-10-29,BTCUSDT,0.02445095536157133,2025H2,2025Q4,-0.02020767478411367
APRUSDT,2025-10-23,2025-10-24,2025-10-29,ETHUSDT,0.030599189697573564,2025H2,2025Q4,-0.02020767478411367
APRUSDT,2025-10-23,2025-10-24,2025-10-29,BNBUSDT,-0.022787684220189817,2025H2,2025Q4,-0.02020767478411367
APRUSDT,2025-10-23,2025-10-24,2025-10-29,SOLUSDT,0.013811226805706789,2025H2,2025Q4,-0.02020767478411367
APRUSDT,2025-10-23,2025-10-24,2025-10-29,XRPUSDT,0.08259754495671372,2025H2,2025Q4,-0.02020767478411367
APRUSDT,2025-10-23,2025-10-24,2025-10-29,DOGEUSDT,-0.008970519503873281,2025H2,2025Q4,-0.02020767478411367
APRUSDT,2025-10-23,2025-10-24,2025-10-29,ADAUSDT,0.002331546871086943,2025H2,2025Q4,-0.02020767478411367
APRUSDT,2025-10-23,2025-10-24,2025-10-29,AVAXUSDT,0.01639210892040129,2025H2,2025Q4,-0.02020767478411367
APRUSDT,2025-10-23,2025-10-24,2025-10-29,LINKUSDT,0.021182540503027238,2025H2,2025Q4,-0.02020767478411367
APRUSDT,2025-10-23,2025-10-24,2025-10-29,LTCUSDT,0.025634348281315483,2025H2,2025Q4,-0.02020767478411367
APRUSDT,2025-10-23,2025-10-24,2025-10-29,BCHUSDT,0.14902339706118503,2025H2,2025Q4,-0.02020767478411367
APRUSDT,2025-10-23,2025-10-24,2025-10-29,FILUSDT,-0.0012870014646474486,2025H2,2025Q4,-0.02020767478411367
APRUSDT,2025-10-23,2025-10-24,2025-10-29,NEARUSDT,0.013089782927702779,2025H2,2025Q4,-0.02020767478411367
APRUSDT,2025-10-23,2025-10-24,2025-10-29,WIFUSDT,0.011166956205458108,2025H2,2025Q4,-0.02020767478411367
ATUSDT,2025-10-29,2025-10-30,2025-11-04,BTCUSDT,-0.032790550191201785,2025H2,2025Q4,-0.05022686439369484
ATUSDT,2025-10-29,2025-10-30,2025-11-04,ETHUSDT,-0.08054299773893799,2025H2,2025Q4,-0.05022686439369484
ATUSDT,2025-10-29,2025-10-30,2025-11-04,BNBUSDT,-0.10996625426929489,2025H2,2025Q4,-0.05022686439369484
ATUSDT,2025-10-29,2025-10-30,2025-11-04,SOLUSDT,-0.1567684823693372,2025H2,2025Q4,-0.05022686439369484
ATUSDT,2025-10-29,2025-10-30,2025-11-04,XRPUSDT,-0.09941053602501516,2025H2,2025Q4,-0.05022686439369484
ATUSDT,2025-10-29,2025-10-30,2025-11-04,DOGEUSDT,-0.14065947422299438,2025H2,2025Q4,-0.05022686439369484
ATUSDT,2025-10-29,2025-10-30,2025-11-04,ADAUSDT,-0.14869512892572134,2025H2,2025Q4,-0.05022686439369484
ATUSDT,2025-10-29,2025-10-30,2025-11-04,AVAXUSDT,-0.16750287928701435,2025H2,2025Q4,-0.05022686439369484
ATUSDT,2025-10-29,2025-10-30,2025-11-04,LINKUSDT,-0.17529680947242182,2025H2,2025Q4,-0.05022686439369484
ATUSDT,2025-10-29,2025-10-30,2025-11-04,LTCUSDT,-0.12153447863730396,2025H2,2025Q4,-0.05022686439369484
ATUSDT,2025-10-29,2025-10-30,2025-11-04,BCHUSDT,-0.09633009711005718,2025H2,2025Q4,-0.05022686439369484
ATUSDT,2025-10-29,2025-10-30,2025-11-04,FILUSDT,-0.09746031027284265,2025H2,2025Q4,-0.05022686439369484
ATUSDT,2025-10-29,2025-10-30,2025-11-04,NEARUSDT,-0.17644872578463167,2025H2,2025Q4,-0.05022686439369484
ATUSDT,2025-10-29,2025-10-30,2025-11-04,WIFUSDT,-0.2014355612861661,2025H2,2025Q4,-0.05022686439369484
MMTUSDT,2025-11-04,2025-11-05,2025-11-10,BTCUSDT,0.030457916209929627,2025H2,2025Q4,-0.1668278122580309
MMTUSDT,2025-11-04,2025-11-05,2025-11-10,ETHUSDT,0.0856315475588372,2025H2,2025Q4,-0.1668278122580309
MMTUSDT,2025-11-04,2025-11-05,2025-11-10,BNBUSDT,0.06033020034778157,2025H2,2025Q4,-0.1668278122580309
MMTUSDT,2025-11-04,2025-11-05,2025-11-10,SOLUSDT,0.0591999983883225,2025H2,2025Q4,-0.1668278122580309
MMTUSDT,2025-11-04,2025-11-05,2025-11-10,XRPUSDT,0.06775193245151101,2025H2,2025Q4,-0.1668278122580309
MMTUSDT,2025-11-04,2025-11-05,2025-11-10,DOGEUSDT,0.09891402929904838,2025H2,2025Q4,-0.1668278122580309
MMTUSDT,2025-11-04,2025-11-05,2025-11-10,ADAUSDT,0.10424579547166987,2025H2,2025Q4,-0.1668278122580309
MMTUSDT,2025-11-04,2025-11-05,2025-11-10,AVAXUSDT,0.10549817827200632,2025H2,2025Q4,-0.1668278122580309
MMTUSDT,2025-11-04,2025-11-05,2025-11-10,LINKUSDT,0.07954461483446451,2025H2,2025Q4,-0.1668278122580309
MMTUSDT,2025-11-04,2025-11-05,2025-11-10,LTCUSDT,0.2609630392964197,2025H2,2025Q4,-0.1668278122580309
MMTUSDT,2025-11-04,2025-11-05,2025-11-10,BCHUSDT,0.04786361888044049,2025H2,2025Q4,-0.1668278122580309
MMTUSDT,2025-11-04,2025-11-05,2025-11-10,FILUSDT,0.7026190182225116,2025H2,2025Q4,-0.1668278122580309
MMTUSDT,2025-11-04,2025-11-05,2025-11-10,NEARUSDT,0.5137720983154368,2025H2,2025Q4,-0.1668278122580309
MMTUSDT,2025-11-04,2025-11-05,2025-11-10,WIFUSDT,0.1770046048314104,2025H2,2025Q4,-0.1668278122580309
JCTUSDT,2025-11-10,2025-11-11,2025-11-16,BTCUSDT,-0.10326110940404926,2025H2,2025Q4,-0.1034741466947039
JCTUSDT,2025-11-10,2025-11-11,2025-11-16,ETHUSDT,-0.11898104547633176,2025H2,2025Q4,-0.1034741466947039
JCTUSDT,2025-11-10,2025-11-11,2025-11-16,BNBUSDT,-0.06160399792560884,2025H2,2025Q4,-0.1034741466947039
JCTUSDT,2025-11-10,2025-11-11,2025-11-16,SOLUSDT,-0.18179550527659888,2025H2,2025Q4,-0.1034741466947039
JCTUSDT,2025-11-10,2025-11-11,2025-11-16,XRPUSDT,-0.12172628776942673,2025H2,2025Q4,-0.1034741466947039
JCTUSDT,2025-11-10,2025-11-11,2025-11-16,DOGEUSDT,-0.10786458071275429,2025H2,2025Q4,-0.1034741466947039
JCTUSDT,2025-11-10,2025-11-11,2025-11-16,ADAUSDT,-0.16319437700741304,2025H2,2025Q4,-0.1034741466947039
JCTUSDT,2025-11-10,2025-11-11,2025-11-16,AVAXUSDT,-0.1573202545885375,2025H2,2025Q4,-0.1034741466947039
JCTUSDT,2025-11-10,2025-11-11,2025-11-16,LINKUSDT,-0.14633647511513562,2025H2,2025Q4,-0.1034741466947039
JCTUSDT,2025-11-10,2025-11-11,2025-11-16,LTCUSDT,-0.024774181985579586,2025H2,2025Q4,-0.1034741466947039
JCTUSDT,2025-11-10,2025-11-11,2025-11-16,BCHUSDT,-0.029260042093925527,2025H2,2025Q4,-0.1034741466947039
JCTUSDT,2025-11-10,2025-11-11,2025-11-16,FILUSDT,-0.23011769676666988,2025H2,2025Q4,-0.1034741466947039
JCTUSDT,2025-11-10,2025-11-11,2025-11-16,NEARUSDT,-0.1470569717998895,2025H2,2025Q4,-0.1034741466947039
JCTUSDT,2025-11-10,2025-11-11,2025-11-16,WIFUSDT,-0.16036010787095845,2025H2,2025Q4,-0.1034741466947039
PIEVERSEUSDT,2025-11-14,2025-11-15,2025-11-20,BTCUSDT,-0.032953391646136435,2025H2,2025Q4,-0.11624128127965194
PIEVERSEUSDT,2025-11-14,2025-11-15,2025-11-20,ETHUSDT,-0.029000299195096866,2025H2,2025Q4,-0.11624128127965194
PIEVERSEUSDT,2025-11-14,2025-11-15,2025-11-20,BNBUSDT,-0.02077787609413248,2025H2,2025Q4,-0.11624128127965194
PIEVERSEUSDT,2025-11-14,2025-11-15,2025-11-20,SOLUSDT,-0.014582911601866689,2025H2,2025Q4,-0.11624128127965194
PIEVERSEUSDT,2025-11-14,2025-11-15,2025-11-20,XRPUSDT,-0.06411360436880574,2025H2,2025Q4,-0.11624128127965194
PIEVERSEUSDT,2025-11-14,2025-11-15,2025-11-20,DOGEUSDT,-0.02058358715453693,2025H2,2025Q4,-0.11624128127965194
PIEVERSEUSDT,2025-11-14,2025-11-15,2025-11-20,ADAUSDT,-0.07285784659253143,2025H2,2025Q4,-0.11624128127965194
PIEVERSEUSDT,2025-11-14,2025-11-15,2025-11-20,AVAXUSDT,-0.057613970766159844,2025H2,2025Q4,-0.11624128127965194
PIEVERSEUSDT,2025-11-14,2025-11-15,2025-11-20,LINKUSDT,-0.02138492331835865,2025H2,2025Q4,-0.11624128127965194
PIEVERSEUSDT,2025-11-14,2025-11-15,2025-11-20,LTCUSDT,-0.05127712175003551,2025H2,2025Q4,-0.11624128127965194
PIEVERSEUSDT,2025-11-14,2025-11-15,2025-11-20,BCHUSDT,0.012337260063243805,2025H2,2025Q4,-0.11624128127965194
PIEVERSEUSDT,2025-11-14,2025-11-15,2025-11-20,FILUSDT,-0.06250420384964539,2025H2,2025Q4,-0.11624128127965194
PIEVERSEUSDT,2025-11-14,2025-11-15,2025-11-20,NEARUSDT,0.008460287349391402,2025H2,2025Q4,-0.11624128127965194
PIEVERSEUSDT,2025-11-14,2025-11-15,2025-11-20,WIFUSDT,-0.01599634209030277,2025H2,2025Q4,-0.11624128127965194
GAIBUSDT,2025-11-20,2025-11-21,2025-11-26,BTCUSDT,0.008206287672336847,2025H2,2025Q4,-0.20866811739761182
GAIBUSDT,2025-11-20,2025-11-21,2025-11-26,ETHUSDT,0.043191262848060775,2025H2,2025Q4,-0.20866811739761182
GAIBUSDT,2025-11-20,2025-11-21,2025-11-26,BNBUSDT,-0.004103411584592342,2025H2,2025Q4,-0.20866811739761182
GAIBUSDT,2025-11-20,2025-11-21,2025-11-26,SOLUSDT,0.03904510055996761,2025H2,2025Q4,-0.20866811739761182
GAIBUSDT,2025-11-20,2025-11-21,2025-11-26,XRPUSDT,0.09549662861443488,2025H2,2025Q4,-0.20866811739761182
GAIBUSDT,2025-11-20,2025-11-21,2025-11-26,DOGEUSDT,0.027562364871941247,2025H2,2025Q4,-0.20866811739761182
GAIBUSDT,2025-11-20,2025-11-21,2025-11-26,ADAUSDT,-0.02341479014943447,2025H2,2025Q4,-0.20866811739761182
GAIBUSDT,2025-11-20,2025-11-21,2025-11-26,AVAXUSDT,0.02751647609765563,2025H2,2025Q4,-0.20866811739761182
GAIBUSDT,2025-11-20,2025-11-21,2025-11-26,LINKUSDT,0.010997995876823288,2025H2,2025Q4,-0.20866811739761182
GAIBUSDT,2025-11-20,2025-11-21,2025-11-26,LTCUSDT,-0.02261883820930727,2025H2,2025Q4,-0.20866811739761182
GAIBUSDT,2025-11-20,2025-11-21,2025-11-26,BCHUSDT,0.092942785418514,2025H2,2025Q4,-0.20866811739761182
GAIBUSDT,2025-11-20,2025-11-21,2025-11-26,FILUSDT,-0.086611856409006,2025H2,2025Q4,-0.20866811739761182
GAIBUSDT,2025-11-20,2025-11-21,2025-11-26,NEARUSDT,-0.08132929517812597,2025H2,2025Q4,-0.20866811739761182
GAIBUSDT,2025-11-20,2025-11-21,2025-11-26,WIFUSDT,-0.03167199780022305,2025H2,2025Q4,-0.20866811739761182
IRYSUSDT,2025-11-26,2025-11-27,2025-12-02,BTCUSDT,-0.0470667115354915,2025H2,2025Q4,-0.1909122733939832
IRYSUSDT,2025-11-26,2025-11-27,2025-12-02,ETHUSDT,-0.07847397670375986,2025H2,2025Q4,-0.1909122733939832
IRYSUSDT,2025-11-26,2025-11-27,2025-12-02,BNBUSDT,-0.07645358642745013,2025H2,2025Q4,-0.1909122733939832
IRYSUSDT,2025-11-26,2025-11-27,2025-12-02,SOLUSDT,-0.12130444365234024,2025H2,2025Q4,-0.1909122733939832
IRYSUSDT,2025-11-26,2025-11-27,2025-12-02,XRPUSDT,-0.0912139855084965,2025H2,2025Q4,-0.1909122733939832
IRYSUSDT,2025-11-26,2025-11-27,2025-12-02,DOGEUSDT,-0.13299579870271477,2025H2,2025Q4,-0.1909122733939832
IRYSUSDT,2025-11-26,2025-11-27,2025-12-02,ADAUSDT,-0.12143493107837536,2025H2,2025Q4,-0.1909122733939832
IRYSUSDT,2025-11-26,2025-11-27,2025-12-02,AVAXUSDT,-0.16042702659818936,2025H2,2025Q4,-0.1909122733939832
IRYSUSDT,2025-11-26,2025-11-27,2025-12-02,LINKUSDT,-0.10852169702931948,2025H2,2025Q4,-0.1909122733939832
IRYSUSDT,2025-11-26,2025-11-27,2025-12-02,LTCUSDT,-0.11319966137288429,2025H2,2025Q4,-0.1909122733939832
IRYSUSDT,2025-11-26,2025-11-27,2025-12-02,BCHUSDT,-0.03970749619353396,2025H2,2025Q4,-0.1909122733939832
IRYSUSDT,2025-11-26,2025-11-27,2025-12-02,FILUSDT,-0.12047482732209479,2025H2,2025Q4,-0.1909122733939832
IRYSUSDT,2025-11-26,2025-11-27,2025-12-02,NEARUSDT,-0.1745009777287665,2025H2,2025Q4,-0.1909122733939832
IRYSUSDT,2025-11-26,2025-11-27,2025-12-02,WIFUSDT,-0.11072338639524001,2025H2,2025Q4,-0.1909122733939832
POWERUSDT,2025-12-06,2025-12-07,2025-12-12,BTCUSDT,0.03644984237593736,2025H2,2025Q4,-0.12545157455771838
POWERUSDT,2025-12-06,2025-12-07,2025-12-12,ETHUSDT,0.06326405158548837,2025H2,2025Q4,-0.12545157455771838
POWERUSDT,2025-12-06,2025-12-07,2025-12-12,BNBUSDT,-0.004975246642706384,2025H2,2025Q4,-0.12545157455771838
POWERUSDT,2025-12-06,2025-12-07,2025-12-12,SOLUSDT,0.033270660710564115,2025H2,2025Q4,-0.12545157455771838
POWERUSDT,2025-12-06,2025-12-07,2025-12-12,XRPUSDT,0.0013292964072481536,2025H2,2025Q4,-0.12545157455771838
POWERUSDT,2025-12-06,2025-12-07,2025-12-12,DOGEUSDT,0.0042860269912212935,2025H2,2025Q4,-0.12545157455771838
POWERUSDT,2025-12-06,2025-12-07,2025-12-12,ADAUSDT,0.028607433549682926,2025H2,2025Q4,-0.12545157455771838
POWERUSDT,2025-12-06,2025-12-07,2025-12-12,AVAXUSDT,0.0007463800913744174,2025H2,2025Q4,-0.12545157455771838
POWERUSDT,2025-12-06,2025-12-07,2025-12-12,LINKUSDT,0.010866563890839193,2025H2,2025Q4,-0.12545157455771838
POWERUSDT,2025-12-06,2025-12-07,2025-12-12,LTCUSDT,0.0156775405214685,2025H2,2025Q4,-0.12545157455771838
POWERUSDT,2025-12-06,2025-12-07,2025-12-12,BCHUSDT,-0.016930651451394996,2025H2,2025Q4,-0.12545157455771838
POWERUSDT,2025-12-06,2025-12-07,2025-12-12,FILUSDT,-0.07959538044621593,2025H2,2025Q4,-0.12545157455771838
POWERUSDT,2025-12-06,2025-12-07,2025-12-12,NEARUSDT,-0.021302580703868264,2025H2,2025Q4,-0.12545157455771838
POWERUSDT,2025-12-06,2025-12-07,2025-12-12,WIFUSDT,0.05856204596793447,2025H2,2025Q4,-0.12545157455771838
NIGHTUSDT,2025-12-10,2025-12-11,2025-12-16,BTCUSDT,-0.06342242182137868,2025H2,2025Q4,-0.10221074929761242
NIGHTUSDT,2025-12-10,2025-12-11,2025-12-16,ETHUSDT,-0.11519294754532258,2025H2,2025Q4,-0.10221074929761242
NIGHTUSDT,2025-12-10,2025-12-11,2025-12-16,BNBUSDT,-0.04096743848822291,2025H2,2025Q4,-0.10221074929761242
NIGHTUSDT,2025-12-10,2025-12-11,2025-12-16,SOLUSDT,-0.06531230650462204,2025H2,2025Q4,-0.10221074929761242
NIGHTUSDT,2025-12-10,2025-12-11,2025-12-16,XRPUSDT,-0.07423614779977061,2025H2,2025Q4,-0.10221074929761242
NIGHTUSDT,2025-12-10,2025-12-11,2025-12-16,DOGEUSDT,-0.10030026948951264,2025H2,2025Q4,-0.10221074929761242
NIGHTUSDT,2025-12-10,2025-12-11,2025-12-16,ADAUSDT,-0.15554881832353007,2025H2,2025Q4,-0.10221074929761242
NIGHTUSDT,2025-12-10,2025-12-11,2025-12-16,AVAXUSDT,-0.13480826021660505,2025H2,2025Q4,-0.10221074929761242
NIGHTUSDT,2025-12-10,2025-12-11,2025-12-16,LINKUSDT,-0.09299174509111553,2025H2,2025Q4,-0.10221074929761242
NIGHTUSDT,2025-12-10,2025-12-11,2025-12-16,LTCUSDT,-0.0843829148493823,2025H2,2025Q4,-0.10221074929761242
NIGHTUSDT,2025-12-10,2025-12-11,2025-12-16,BCHUSDT,-0.06597107174766358,2025H2,2025Q4,-0.10221074929761242
NIGHTUSDT,2025-12-10,2025-12-11,2025-12-16,FILUSDT,-0.14825630773979398,2025H2,2025Q4,-0.10221074929761242
NIGHTUSDT,2025-12-10,2025-12-11,2025-12-16,NEARUSDT,-0.13109652412184744,2025H2,2025Q4,-0.10221074929761242
NIGHTUSDT,2025-12-10,2025-12-11,2025-12-16,WIFUSDT,-0.048470522165751664,2025H2,2025Q4,-0.10221074929761242
RAVEUSDT,2025-12-14,2025-12-15,2025-12-20,BTCUSDT,-0.0002474238985518131,2025H2,2025Q4,-0.09596453757470425
RAVEUSDT,2025-12-14,2025-12-15,2025-12-20,ETHUSDT,-0.027913656062203383,2025H2,2025Q4,-0.09596453757470425
RAVEUSDT,2025-12-14,2025-12-15,2025-12-20,BNBUSDT,-0.024033076258078944,2025H2,2025Q4,-0.09596453757470425
RAVEUSDT,2025-12-14,2025-12-15,2025-12-20,SOLUSDT,-0.024027765210196183,2025H2,2025Q4,-0.09596453757470425
RAVEUSDT,2025-12-14,2025-12-15,2025-12-20,XRPUSDT,-0.03505157985508723,2025H2,2025Q4,-0.09596453757470425
RAVEUSDT,2025-12-14,2025-12-15,2025-12-20,DOGEUSDT,-0.014054569777927782,2025H2,2025Q4,-0.09596453757470425
RAVEUSDT,2025-12-14,2025-12-15,2025-12-20,ADAUSDT,-0.05129329438755058,2025H2,2025Q4,-0.09596453757470425
RAVEUSDT,2025-12-14,2025-12-15,2025-12-20,AVAXUSDT,-0.04913604306474643,2025H2,2025Q4,-0.09596453757470425
RAVEUSDT,2025-12-14,2025-12-15,2025-12-20,LINKUSDT,-0.0576329454706205,2025H2,2025Q4,-0.09596453757470425
RAVEUSDT,2025-12-14,2025-12-15,2025-12-20,LTCUSDT,-0.01918953600491255,2025H2,2025Q4,-0.09596453757470425
RAVEUSDT,2025-12-14,2025-12-15,2025-12-20,BCHUSDT,0.11356553608891788,2025H2,2025Q4,-0.09596453757470425
RAVEUSDT,2025-12-14,2025-12-15,2025-12-20,FILUSDT,-0.0053455644664196925,2025H2,2025Q4,-0.09596453757470425
RAVEUSDT,2025-12-14,2025-12-15,2025-12-20,NEARUSDT,-0.03387987827219756,2025H2,2025Q4,-0.09596453757470425
RAVEUSDT,2025-12-14,2025-12-15,2025-12-20,WIFUSDT,-0.06125196405218779,2025H2,2025Q4,-0.09596453757470425
GUAUSDT,2025-12-21,2025-12-22,2025-12-27,BTCUSDT,-0.014766363804532848,2025H2,2025Q4,0.045957345311219644
GUAUSDT,2025-12-21,2025-12-22,2025-12-27,ETHUSDT,-0.024530158821649203,2025H2,2025Q4,0.045957345311219644
GUAUSDT,2025-12-21,2025-12-22,2025-12-27,BNBUSDT,-0.028117335862828975,2025H2,2025Q4,0.045957345311219644
GUAUSDT,2025-12-21,2025-12-22,2025-12-27,SOLUSDT,-0.030384736626716626,2025H2,2025Q4,0.045957345311219644
GUAUSDT,2025-12-21,2025-12-22,2025-12-27,XRPUSDT,-0.04215234326561202,2025H2,2025Q4,0.045957345311219644
GUAUSDT,2025-12-21,2025-12-22,2025-12-27,DOGEUSDT,-0.07122443677238172,2025H2,2025Q4,0.045957345311219644
GUAUSDT,2025-12-21,2025-12-22,2025-12-27,ADAUSDT,-0.047288149822734035,2025H2,2025Q4,0.045957345311219644
GUAUSDT,2025-12-21,2025-12-22,2025-12-27,AVAXUSDT,0.01585259541948184,2025H2,2025Q4,0.045957345311219644
GUAUSDT,2025-12-21,2025-12-22,2025-12-27,LINKUSDT,-0.020728236553966176,2025H2,2025Q4,0.045957345311219644
GUAUSDT,2025-12-21,2025-12-22,2025-12-27,LTCUSDT,0.0011721040607372475,2025H2,2025Q4,0.045957345311219644
GUAUSDT,2025-12-21,2025-12-22,2025-12-27,BCHUSDT,0.004610521150000807,2025H2,2025Q4,0.045957345311219644
GUAUSDT,2025-12-21,2025-12-22,2025-12-27,FILUSDT,-0.04075673953638249,2025H2,2025Q4,0.045957345311219644
GUAUSDT,2025-12-21,2025-12-22,2025-12-27,NEARUSDT,0.0052875205806834176,2025H2,2025Q4,0.045957345311219644
GUAUSDT,2025-12-21,2025-12-22,2025-12-27,WIFUSDT,-0.07854960382126612,2025H2,2025Q4,0.045957345311219644
BREVUSDT,2025-12-30,2025-12-31,2026-01-05,BTCUSDT,0.03457473560669708,2025H2,2025Q4,0.01584618096139212
BREVUSDT,2025-12-30,2025-12-31,2026-01-05,ETHUSDT,0.056498197672308,2025H2,2025Q4,0.01584618096139212
BREVUSDT,2025-12-30,2025-12-31,2026-01-05,BNBUSDT,0.03976081506325675,2025H2,2025Q4,0.01584618096139212
BREVUSDT,2025-12-30,2025-12-31,2026-01-05,SOLUSDT,0.07105589847026104,2025H2,2025Q4,0.01584618096139212
BREVUSDT,2025-12-30,2025-12-31,2026-01-05,XRPUSDT,0.10789925675266133,2025H2,2025Q4,0.01584618096139212
BREVUSDT,2025-12-30,2025-12-31,2026-01-05,DOGEUSDT,0.1930673346917395,2025H2,2025Q4,0.01584618096139212
BREVUSDT,2025-12-30,2025-12-31,2026-01-05,ADAUSDT,0.13142804253266213,2025H2,2025Q4,0.01584618096139212
BREVUSDT,2025-12-30,2025-12-31,2026-01-05,AVAXUSDT,0.12469525196406872,2025H2,2025Q4,0.01584618096139212
BREVUSDT,2025-12-30,2025-12-31,2026-01-05,LINKUSDT,0.07862213393236782,2025H2,2025Q4,0.01584618096139212
BREVUSDT,2025-12-30,2025-12-31,2026-01-05,LTCUSDT,0.04209971669828467,2025H2,2025Q4,0.01584618096139212
BREVUSDT,2025-12-30,2025-12-31,2026-01-05,BCHUSDT,0.07036987463695692,2025H2,2025Q4,0.01584618096139212
BREVUSDT,2025-12-30,2025-12-31,2026-01-05,FILUSDT,0.12306806117043728,2025H2,2025Q4,0.01584618096139212
BREVUSDT,2025-12-30,2025-12-31,2026-01-05,NEARUSDT,0.1322095153666068,2025H2,2025Q4,0.01584618096139212
BREVUSDT,2025-12-30,2025-12-31,2026-01-05,WIFUSDT,0.38167624614414963,2025H2,2025Q4,0.01584618096139212
XAGUSDT,2026-01-07,2026-01-08,2026-01-13,BTCUSDT,-0.0008270316008579525,2026H1,2026Q1,-0.017040449748700226
XAGUSDT,2026-01-07,2026-01-08,2026-01-13,ETHUSDT,-0.02389144159929337,2026H1,2026Q1,-0.017040449748700226
XAGUSDT,2026-01-07,2026-01-08,2026-01-13,BNBUSDT,0.006439785024054049,2026H1,2026Q1,-0.017040449748700226
XAGUSDT,2026-01-07,2026-01-08,2026-01-13,SOLUSDT,0.02004569990776778,2026H1,2026Q1,-0.017040449748700226
XAGUSDT,2026-01-07,2026-01-08,2026-01-13,XRPUSDT,-0.05346178256527583,2026H1,2026Q1,-0.017040449748700226
XAGUSDT,2026-01-07,2026-01-08,2026-01-13,DOGEUSDT,-0.07012598287776169,2026H1,2026Q1,-0.017040449748700226
XAGUSDT,2026-01-07,2026-01-08,2026-01-13,ADAUSDT,-0.0411329881473925,2026H1,2026Q1,-0.017040449748700226
XAGUSDT,2026-01-07,2026-01-08,2026-01-13,AVAXUSDT,-0.04514768821220531,2026H1,2026Q1,-0.017040449748700226
XAGUSDT,2026-01-07,2026-01-08,2026-01-13,LINKUSDT,-0.029138534937919167,2026H1,2026Q1,-0.017040449748700226
XAGUSDT,2026-01-07,2026-01-08,2026-01-13,LTCUSDT,-0.07169937531348054,2026H1,2026Q1,-0.017040449748700226
XAGUSDT,2026-01-07,2026-01-08,2026-01-13,BCHUSDT,-0.012930662819091238,2026H1,2026Q1,-0.017040449748700226
XAGUSDT,2026-01-07,2026-01-08,2026-01-13,FILUSDT,-0.03827254620487576,2026H1,2026Q1,-0.017040449748700226
XAGUSDT,2026-01-07,2026-01-08,2026-01-13,NEARUSDT,-0.02828709522471548,2026H1,2026Q1,-0.017040449748700226
XAGUSDT,2026-01-07,2026-01-08,2026-01-13,WIFUSDT,-0.055951267387228255,2026H1,2026Q1,-0.017040449748700226
FOGOUSDT,2026-01-10,2026-01-11,2026-01-16,BTCUSDT,0.05440441021529021,2026H1,2026Q1,0.008143669039871515
FOGOUSDT,2026-01-10,2026-01-11,2026-01-16,ETHUSDT,0.07229646686508473,2026H1,2026Q1,0.008143669039871515
FOGOUSDT,2026-01-10,2026-01-11,2026-01-16,BNBUSDT,0.02494897999982725,2026H1,2026Q1,0.008143669039871515
FOGOUSDT,2026-01-10,2026-01-11,2026-01-16,SOLUSDT,0.04591394993690322,2026H1,2026Q1,0.008143669039871515
FOGOUSDT,2026-01-10,2026-01-11,2026-01-16,XRPUSDT,-0.006577865513363107,2026H1,2026Q1,0.008143669039871515
FOGOUSDT,2026-01-10,2026-01-11,2026-01-16,DOGEUSDT,0.001574803475066391,2026H1,2026Q1,0.008143669039871515
FOGOUSDT,2026-01-10,2026-01-11,2026-01-16,ADAUSDT,0.011525290849053977,2026H1,2026Q1,0.008143669039871515
FOGOUSDT,2026-01-10,2026-01-11,2026-01-16,AVAXUSDT,0.004723674347776266,2026H1,2026Q1,0.008143669039871515
FOGOUSDT,2026-01-10,2026-01-11,2026-01-16,LINKUSDT,0.047658154295848444,2026H1,2026Q1,0.008143669039871515
FOGOUSDT,2026-01-10,2026-01-11,2026-01-16,LTCUSDT,-0.11576695248341153,2026H1,2026Q1,0.008143669039871515
FOGOUSDT,2026-01-10,2026-01-11,2026-01-16,BCHUSDT,-0.08651560901583173,2026H1,2026Q1,0.008143669039871515
FOGOUSDT,2026-01-10,2026-01-11,2026-01-16,FILUSDT,0.014080018056281169,2026H1,2026Q1,0.008143669039871515
FOGOUSDT,2026-01-10,2026-01-11,2026-01-16,NEARUSDT,0.018198330226947005,2026H1,2026Q1,0.008143669039871515
FOGOUSDT,2026-01-10,2026-01-11,2026-01-16,WIFUSDT,0.01571535747962818,2026H1,2026Q1,0.008143669039871515
FRAXUSDT,2026-01-15,2026-01-16,2026-01-21,BTCUSDT,-0.07683033564836458,2026H1,2026Q1,0.10791099005122873
FRAXUSDT,2026-01-15,2026-01-16,2026-01-21,ETHUSDT,-0.11946820513406049,2026H1,2026Q1,0.10791099005122873
FRAXUSDT,2026-01-15,2026-01-16,2026-01-21,BNBUSDT,-0.05324275330494339,2026H1,2026Q1,0.10791099005122873
FRAXUSDT,2026-01-15,2026-01-16,2026-01-21,SOLUSDT,-0.12194576635999577,2026H1,2026Q1,0.10791099005122873
FRAXUSDT,2026-01-15,2026-01-16,2026-01-21,XRPUSDT,-0.09406420560653683,2026H1,2026Q1,0.10791099005122873
FRAXUSDT,2026-01-15,2026-01-16,2026-01-21,DOGEUSDT,-0.12590638236847274,2026H1,2026Q1,0.10791099005122873
FRAXUSDT,2026-01-15,2026-01-16,2026-01-21,ADAUSDT,-0.11350159626337723,2026H1,2026Q1,0.10791099005122873
FRAXUSDT,2026-01-15,2026-01-16,2026-01-21,AVAXUSDT,-0.13351071587449348,2026H1,2026Q1,0.10791099005122873
FRAXUSDT,2026-01-15,2026-01-16,2026-01-21,LINKUSDT,-0.1279191198122859,2026H1,2026Q1,0.10791099005122873
FRAXUSDT,2026-01-15,2026-01-16,2026-01-21,LTCUSDT,-0.07195695278512154,2026H1,2026Q1,0.10791099005122873
FRAXUSDT,2026-01-15,2026-01-16,2026-01-21,BCHUSDT,-0.029514255654233233,2026H1,2026Q1,0.10791099005122873
FRAXUSDT,2026-01-15,2026-01-16,2026-01-21,FILUSDT,-0.1352448628200457,2026H1,2026Q1,0.10791099005122873
FRAXUSDT,2026-01-15,2026-01-16,2026-01-21,NEARUSDT,-0.13344838785170057,2026H1,2026Q1,0.10791099005122873
FRAXUSDT,2026-01-15,2026-01-16,2026-01-21,WIFUSDT,-0.15479923033964663,2026H1,2026Q1,0.10791099005122873
AIAUSDT,2026-01-20,2026-01-21,2026-01-26,BTCUSDT,-0.020182920594610687,2026H1,2026Q1,0.009368773389477392
AIAUSDT,2026-01-20,2026-01-21,2026-01-26,ETHUSDT,-0.04416359914816218,2026H1,2026Q1,0.009368773389477392
AIAUSDT,2026-01-20,2026-01-21,2026-01-26,BNBUSDT,-0.02175613410803518,2026H1,2026Q1,0.009368773389477392
AIAUSDT,2026-01-20,2026-01-21,2026-01-26,SOLUSDT,-0.05889111883795776,2026H1,2026Q1,0.009368773389477392
AIAUSDT,2026-01-20,2026-01-21,2026-01-26,XRPUSDT,-0.030422640751644584,2026H1,2026Q1,0.009368773389477392
AIAUSDT,2026-01-20,2026-01-21,2026-01-26,DOGEUSDT,-0.03373654924921194,2026H1,2026Q1,0.009368773389477392
AIAUSDT,2026-01-20,2026-01-21,2026-01-26,ADAUSDT,-0.0345412367756097,2026H1,2026Q1,0.009368773389477392
AIAUSDT,2026-01-20,2026-01-21,2026-01-26,AVAXUSDT,-0.05326778359072632,2026H1,2026Q1,0.009368773389477392
AIAUSDT,2026-01-20,2026-01-21,2026-01-26,LINKUSDT,-0.05207084704727327,2026H1,2026Q1,0.009368773389477392
AIAUSDT,2026-01-20,2026-01-21,2026-01-26,LTCUSDT,0.0005961252039428245,2026H1,2026Q1,0.009368773389477392
AIAUSDT,2026-01-20,2026-01-21,2026-01-26,BCHUSDT,-0.0030257738365033716,2026H1,2026Q1,0.009368773389477392
AIAUSDT,2026-01-20,2026-01-21,2026-01-26,FILUSDT,-0.047646653467352994,2026H1,2026Q1,0.009368773389477392
AIAUSDT,2026-01-20,2026-01-21,2026-01-26,NEARUSDT,-0.04972082966238509,2026H1,2026Q1,0.009368773389477392
AIAUSDT,2026-01-20,2026-01-21,2026-01-26,WIFUSDT,-0.037716989943007886,2026H1,2026Q1,0.009368773389477392
FIGHTUSDT,2026-01-23,2026-01-24,2026-01-29,BTCUSDT,-0.003102216757648772,2026H1,2026Q1,0.022916217419032048
FIGHTUSDT,2026-01-23,2026-01-24,2026-01-29,ETHUSDT,0.01854059338998585,2026H1,2026Q1,0.022916217419032048
FIGHTUSDT,2026-01-23,2026-01-24,2026-01-29,BNBUSDT,0.013914778021617896,2026H1,2026Q1,0.022916217419032048
FIGHTUSDT,2026-01-23,2026-01-24,2026-01-29,SOLUSDT,-0.015986411997365797,2026H1,2026Q1,0.022916217419032048
FIGHTUSDT,2026-01-23,2026-01-24,2026-01-29,XRPUSDT,-0.003811915531974128,2026H1,2026Q1,0.022916217419032048
FIGHTUSDT,2026-01-23,2026-01-24,2026-01-29,DOGEUSDT,0.0031226255406592456,2026H1,2026Q1,0.022916217419032048
FIGHTUSDT,2026-01-23,2026-01-24,2026-01-29,ADAUSDT,-0.0041753714104806215,2026H1,2026Q1,0.022916217419032048
FIGHTUSDT,2026-01-23,2026-01-24,2026-01-29,AVAXUSDT,-0.0034713647554589634,2026H1,2026Q1,0.022916217419032048
FIGHTUSDT,2026-01-23,2026-01-24,2026-01-29,LINKUSDT,-0.029843035916301726,2026H1,2026Q1,0.022916217419032048
FIGHTUSDT,2026-01-23,2026-01-24,2026-01-29,LTCUSDT,0.02037619616394496,2026H1,2026Q1,0.022916217419032048
FIGHTUSDT,2026-01-23,2026-01-24,2026-01-29,BCHUSDT,-0.006962677644164848,2026H1,2026Q1,0.022916217419032048
FIGHTUSDT,2026-01-23,2026-01-24,2026-01-29,FILUSDT,-0.023149181866965636,2026H1,2026Q1,0.022916217419032048
FIGHTUSDT,2026-01-23,2026-01-24,2026-01-29,NEARUSDT,-0.010003417862789266,2026H1,2026Q1,0.022916217419032048
FIGHTUSDT,2026-01-23,2026-01-24,2026-01-29,WIFUSDT,-0.04270243168434755,2026H1,2026Q1,0.022916217419032048
TSLAUSDT,2026-01-28,2026-01-29,2026-02-03,BTCUSDT,-0.12632459871983542,2026H1,2026Q1,-0.04353159166268161
TSLAUSDT,2026-01-28,2026-01-29,2026-02-03,ETHUSDT,-0.24986855985348888,2026H1,2026Q1,-0.04353159166268161
TSLAUSDT,2026-01-28,2026-01-29,2026-02-03,BNBUSDT,-0.1545695280009209,2026H1,2026Q1,-0.04353159166268161
TSLAUSDT,2026-01-28,2026-01-29,2026-02-03,SOLUSDT,-0.18220982227505497,2026H1,2026Q1,-0.04353159166268161
TSLAUSDT,2026-01-28,2026-01-29,2026-02-03,XRPUSDT,-0.1651428381582222,2026H1,2026Q1,-0.04353159166268161
TSLAUSDT,2026-01-28,2026-01-29,2026-02-03,DOGEUSDT,-0.1467888138272869,2026H1,2026Q1,-0.04353159166268161
TSLAUSDT,2026-01-28,2026-01-29,2026-02-03,ADAUSDT,-0.18031352399070924,2026H1,2026Q1,-0.04353159166268161
TSLAUSDT,2026-01-28,2026-01-29,2026-02-03,AVAXUSDT,-0.1735763480190366,2026H1,2026Q1,-0.04353159166268161
TSLAUSDT,2026-01-28,2026-01-29,2026-02-03,LINKUSDT,-0.18815129130892178,2026H1,2026Q1,-0.04353159166268161
TSLAUSDT,2026-01-28,2026-01-29,2026-02-03,LTCUSDT,-0.14510993517510937,2026H1,2026Q1,-0.04353159166268161
TSLAUSDT,2026-01-28,2026-01-29,2026-02-03,BCHUSDT,-0.09026765721606636,2026H1,2026Q1,-0.04353159166268161
TSLAUSDT,2026-01-28,2026-01-29,2026-02-03,FILUSDT,-0.16712510991267227,2026H1,2026Q1,-0.04353159166268161
TSLAUSDT,2026-01-28,2026-01-29,2026-02-03,NEARUSDT,-0.21495021060402542,2026H1,2026Q1,-0.04353159166268161
TSLAUSDT,2026-01-28,2026-01-29,2026-02-03,WIFUSDT,-0.22673927159576515,2026H1,2026Q1,-0.04353159166268161
HOODUSDT,2026-02-02,2026-02-03,2026-02-08,BTCUSDT,-0.1287796756850783,2026H1,2026Q1,-0.17229726406629298
HOODUSDT,2026-02-02,2026-02-03,2026-02-08,ETHUSDT,-0.11717515670626386,2026H1,2026Q1,-0.17229726406629298
HOODUSDT,2026-02-02,2026-02-03,2026-02-08,BNBUSDT,-0.17984986516255522,2026H1,2026Q1,-0.17229726406629298
HOODUSDT,2026-02-02,2026-02-03,2026-02-08,SOLUSDT,-0.17851908920996365,2026H1,2026Q1,-0.17229726406629298
HOODUSDT,2026-02-02,2026-02-03,2026-02-08,XRPUSDT,-0.130174960502494,2026H1,2026Q1,-0.17229726406629298
HOODUSDT,2026-02-02,2026-02-03,2026-02-08,DOGEUSDT,-0.09404070313073547,2026H1,2026Q1,-0.17229726406629298
HOODUSDT,2026-02-02,2026-02-03,2026-02-08,ADAUSDT,-0.09537707167364305,2026H1,2026Q1,-0.17229726406629298
HOODUSDT,2026-02-02,2026-02-03,2026-02-08,AVAXUSDT,-0.09597108250306431,2026H1,2026Q1,-0.17229726406629298
HOODUSDT,2026-02-02,2026-02-03,2026-02-08,LINKUSDT,-0.09620845069338027,2026H1,2026Q1,-0.17229726406629298
HOODUSDT,2026-02-02,2026-02-03,2026-02-08,LTCUSDT,-0.08413576772521228,2026H1,2026Q1,-0.17229726406629298
HOODUSDT,2026-02-02,2026-02-03,2026-02-08,BCHUSDT,-0.027254764713302022,2026H1,2026Q1,-0.17229726406629298
HOODUSDT,2026-02-02,2026-02-03,2026-02-08,FILUSDT,-0.10515515576389178,2026H1,2026Q1,-0.17229726406629298
HOODUSDT,2026-02-02,2026-02-03,2026-02-08,NEARUSDT,-0.11093156070728154,2026H1,2026Q1,-0.17229726406629298
HOODUSDT,2026-02-02,2026-02-03,2026-02-08,WIFUSDT,-0.08933044612038134,2026H1,2026Q1,-0.17229726406629298
TRIAUSDT,2026-02-06,2026-02-07,2026-02-12,BTCUSDT,-0.051085533724102676,2026H1,2026Q1,-0.23946461556032417
TRIAUSDT,2026-02-06,2026-02-07,2026-02-12,ETHUSDT,-0.06071401758443821,2026H1,2026Q1,-0.23946461556032417
TRIAUSDT,2026-02-06,2026-02-07,2026-02-12,BNBUSDT,-0.07688554816394023,2026H1,2026Q1,-0.23946461556032417
TRIAUSDT,2026-02-06,2026-02-07,2026-02-12,SOLUSDT,-0.09800227983500656,2026H1,2026Q1,-0.23946461556032417
TRIAUSDT,2026-02-06,2026-02-07,2026-02-12,XRPUSDT,-0.07082855187349332,2026H1,2026Q1,-0.23946461556032417
TRIAUSDT,2026-02-06,2026-02-07,2026-02-12,DOGEUSDT,-0.07749760688440145,2026H1,2026Q1,-0.23946461556032417
TRIAUSDT,2026-02-06,2026-02-07,2026-02-12,ADAUSDT,-0.07564259207849794,2026H1,2026Q1,-0.23946461556032417
TRIAUSDT,2026-02-06,2026-02-07,2026-02-12,AVAXUSDT,-0.07143898304395949,2026H1,2026Q1,-0.23946461556032417
TRIAUSDT,2026-02-06,2026-02-07,2026-02-12,LINKUSDT,-0.06491405157872625,2026H1,2026Q1,-0.23946461556032417
TRIAUSDT,2026-02-06,2026-02-07,2026-02-12,LTCUSDT,-0.05014562784995121,2026H1,2026Q1,-0.23946461556032417
TRIAUSDT,2026-02-06,2026-02-07,2026-02-12,BCHUSDT,-0.014349382856378292,2026H1,2026Q1,-0.23946461556032417
TRIAUSDT,2026-02-06,2026-02-07,2026-02-12,FILUSDT,-0.10479087736273048,2026H1,2026Q1,-0.23946461556032417
TRIAUSDT,2026-02-06,2026-02-07,2026-02-12,NEARUSDT,-0.122162436455503,2026H1,2026Q1,-0.23946461556032417
TRIAUSDT,2026-02-06,2026-02-07,2026-02-12,WIFUSDT,-0.12312093666220779,2026H1,2026Q1,-0.23946461556032417
AMZNUSDT,2026-02-09,2026-02-10,2026-02-15,BTCUSDT,-0.00445001409782932,2026H1,2026Q1,-0.24360189260853693
AMZNUSDT,2026-02-09,2026-02-10,2026-02-15,ETHUSDT,-0.009071612873441486,2026H1,2026Q1,-0.24360189260853693
AMZNUSDT,2026-02-09,2026-02-10,2026-02-15,BNBUSDT,-0.005309231133932663,2026H1,2026Q1,-0.24360189260853693
AMZNUSDT,2026-02-09,2026-02-10,2026-02-15,SOLUSDT,0.014767597089137361,2026H1,2026Q1,-0.24360189260853693
AMZNUSDT,2026-02-09,2026-02-10,2026-02-15,XRPUSDT,0.048909503032274274,2026H1,2026Q1,-0.24360189260853693
AMZNUSDT,2026-02-09,2026-02-10,2026-02-15,DOGEUSDT,0.1449175005218159,2026H1,2026Q1,-0.24360189260853693
AMZNUSDT,2026-02-09,2026-02-10,2026-02-15,ADAUSDT,0.08997214895266206,2026H1,2026Q1,-0.24360189260853693
AMZNUSDT,2026-02-09,2026-02-10,2026-02-15,AVAXUSDT,0.05850248769016259,2026H1,2026Q1,-0.24360189260853693
AMZNUSDT,2026-02-09,2026-02-10,2026-02-15,LINKUSDT,0.028570183373638168,2026H1,2026Q1,-0.24360189260853693
AMZNUSDT,2026-02-09,2026-02-10,2026-02-15,LTCUSDT,0.02826787240543439,2026H1,2026Q1,-0.24360189260853693
AMZNUSDT,2026-02-09,2026-02-10,2026-02-15,BCHUSDT,0.05459569959594943,2026H1,2026Q1,-0.24360189260853693
AMZNUSDT,2026-02-09,2026-02-10,2026-02-15,FILUSDT,0.08102841499829559,2026H1,2026Q1,-0.24360189260853693
AMZNUSDT,2026-02-09,2026-02-10,2026-02-15,NEARUSDT,0.05202118475087845,2026H1,2026Q1,-0.24360189260853693
AMZNUSDT,2026-02-09,2026-02-10,2026-02-15,WIFUSDT,0.11699748966154956,2026H1,2026Q1,-0.24360189260853693
OPNUSDT,2026-02-21,2026-02-22,2026-02-27,BTCUSDT,-0.0077507797032168495,2026H1,2026Q1,-0.24503705390989372
OPNUSDT,2026-02-21,2026-02-22,2026-02-27,ETHUSDT,0.02638097263749044,2026H1,2026Q1,-0.24503705390989372
OPNUSDT,2026-02-21,2026-02-22,2026-02-27,BNBUSDT,-7.989709258738494e-05,2026H1,2026Q1,-0.24503705390989372
OPNUSDT,2026-02-21,2026-02-22,2026-02-27,SOLUSDT,0.008306570136794186,2026H1,2026Q1,-0.24503705390989372
OPNUSDT,2026-02-21,2026-02-22,2026-02-27,XRPUSDT,-0.020709649219269346,2026H1,2026Q1,-0.24503705390989372
OPNUSDT,2026-02-21,2026-02-22,2026-02-27,DOGEUSDT,-0.01516111810315513,2026H1,2026Q1,-0.24503705390989372
OPNUSDT,2026-02-21,2026-02-22,2026-02-27,ADAUSDT,0.02366347392341335,2026H1,2026Q1,-0.24503705390989372
OPNUSDT,2026-02-21,2026-02-22,2026-02-27,AVAXUSDT,0.02063944652860849,2026H1,2026Q1,-0.24503705390989372
OPNUSDT,2026-02-21,2026-02-22,2026-02-27,LINKUSDT,0.024508300315339848,2026H1,2026Q1,-0.24503705390989372
OPNUSDT,2026-02-21,2026-02-22,2026-02-27,LTCUSDT,0.01285900178237272,2026H1,2026Q1,-0.24503705390989372
OPNUSDT,2026-02-21,2026-02-22,2026-02-27,BCHUSDT,-0.16491011927935367,2026H1,2026Q1,-0.24503705390989372
OPNUSDT,2026-02-21,2026-02-22,2026-02-27,FILUSDT,0.05520719370868699,2026H1,2026Q1,-0.24503705390989372
OPNUSDT,2026-02-21,2026-02-22,2026-02-27,NEARUSDT,0.06323682282939798,2026H1,2026Q1,-0.24503705390989372
OPNUSDT,2026-02-21,2026-02-22,2026-02-27,WIFUSDT,-0.058142391048520294,2026H1,2026Q1,-0.24503705390989372
ROBOUSDT,2026-02-27,2026-02-28,2026-03-05,BTCUSDT,0.09902051371787024,2026H1,2026Q1,-0.2088252780282891
ROBOUSDT,2026-02-27,2026-02-28,2026-03-05,ETHUSDT,0.09703823589384844,2026H1,2026Q1,-0.2088252780282891
ROBOUSDT,2026-02-27,2026-02-28,2026-03-05,BNBUSDT,0.06984480126784104,2026H1,2026Q1,-0.2088252780282891
ROBOUSDT,2026-02-27,2026-02-28,2026-03-05,SOLUSDT,0.10548275757473181,2026H1,2026Q1,-0.2088252780282891
ROBOUSDT,2026-02-27,2026-02-28,2026-03-05,XRPUSDT,0.05526267867504952,2026H1,2026Q1,-0.2088252780282891
ROBOUSDT,2026-02-27,2026-02-28,2026-03-05,DOGEUSDT,0.060202158090011636,2026H1,2026Q1,-0.2088252780282891
ROBOUSDT,2026-02-27,2026-02-28,2026-03-05,ADAUSDT,-0.005057814250380515,2026H1,2026Q1,-0.2088252780282891
ROBOUSDT,2026-02-27,2026-02-28,2026-03-05,AVAXUSDT,0.05976945425015904,2026H1,2026Q1,-0.2088252780282891
ROBOUSDT,2026-02-27,2026-02-28,2026-03-05,LINKUSDT,0.07105087105808201,2026H1,2026Q1,-0.2088252780282891
ROBOUSDT,2026-02-27,2026-02-28,2026-03-05,LTCUSDT,0.03991182255237337,2026H1,2026Q1,-0.2088252780282891
ROBOUSDT,2026-02-27,2026-02-28,2026-03-05,BCHUSDT,0.01106246523671255,2026H1,2026Q1,-0.2088252780282891
ROBOUSDT,2026-02-27,2026-02-28,2026-03-05,FILUSDT,0.0307411415542805,2026H1,2026Q1,-0.2088252780282891
ROBOUSDT,2026-02-27,2026-02-28,2026-03-05,NEARUSDT,0.17880822544768332,2026H1,2026Q1,-0.2088252780282891
ROBOUSDT,2026-02-27,2026-02-28,2026-03-05,WIFUSDT,0.04974722489912174,2026H1,2026Q1,-0.2088252780282891
KATUSDT,2026-03-02,2026-03-03,2026-03-08,BTCUSDT,-0.022344597084551346,2026H1,2026Q1,-0.1122583077153051
KATUSDT,2026-03-02,2026-03-03,2026-03-08,ETHUSDT,-0.028573443953532823,2026H1,2026Q1,-0.1122583077153051
KATUSDT,2026-03-02,2026-03-03,2026-03-08,BNBUSDT,-0.02701578570694824,2026H1,2026Q1,-0.1122583077153051
KATUSDT,2026-03-02,2026-03-03,2026-03-08,SOLUSDT,-0.03957647570170604,2026H1,2026Q1,-0.1122583077153051
KATUSDT,2026-03-02,2026-03-03,2026-03-08,XRPUSDT,-0.024111595290111344,2026H1,2026Q1,-0.1122583077153051
KATUSDT,2026-03-02,2026-03-03,2026-03-08,DOGEUSDT,-0.04003370393424502,2026H1,2026Q1,-0.1122583077153051
KATUSDT,2026-03-02,2026-03-03,2026-03-08,ADAUSDT,-0.08517386498816087,2026H1,2026Q1,-0.1122583077153051
KATUSDT,2026-03-02,2026-03-03,2026-03-08,AVAXUSDT,-0.029661315674710927,2026H1,2026Q1,-0.1122583077153051
KATUSDT,2026-03-02,2026-03-03,2026-03-08,LINKUSDT,-0.027998428485252663,2026H1,2026Q1,-0.1122583077153051
KATUSDT,2026-03-02,2026-03-03,2026-03-08,LTCUSDT,-0.018871975443000306,2026H1,2026Q1,-0.1122583077153051
KATUSDT,2026-03-02,2026-03-03,2026-03-08,BCHUSDT,0.011779699675240353,2026H1,2026Q1,-0.1122583077153051
KATUSDT,2026-03-02,2026-03-03,2026-03-08,FILUSDT,-0.03715597688809128,2026H1,2026Q1,-0.1122583077153051
KATUSDT,2026-03-02,2026-03-03,2026-03-08,NEARUSDT,-0.11209233649919793,2026H1,2026Q1,-0.1122583077153051
KATUSDT,2026-03-02,2026-03-03,2026-03-08,WIFUSDT,-0.12744976720429965,2026H1,2026Q1,-0.1122583077153051
COPPERUSDT,2026-03-06,2026-03-07,2026-03-12,BTCUSDT,0.030337245962249876,2026H1,2026Q1,0.06941517240062933
COPPERUSDT,2026-03-06,2026-03-07,2026-03-12,ETHUSDT,0.036978569351543755,2026H1,2026Q1,0.06941517240062933
COPPERUSDT,2026-03-06,2026-03-07,2026-03-12,BNBUSDT,0.038684644096713676,2026H1,2026Q1,0.06941517240062933
COPPERUSDT,2026-03-06,2026-03-07,2026-03-12,SOLUSDT,0.02242822664853794,2026H1,2026Q1,0.06941517240062933
COPPERUSDT,2026-03-06,2026-03-07,2026-03-12,XRPUSDT,0.015873349156290163,2026H1,2026Q1,0.06941517240062933
COPPERUSDT,2026-03-06,2026-03-07,2026-03-12,DOGEUSDT,0.018249474536238496,2026H1,2026Q1,0.06941517240062933
COPPERUSDT,2026-03-06,2026-03-07,2026-03-12,ADAUSDT,0.014957134064748778,2026H1,2026Q1,0.06941517240062933
COPPERUSDT,2026-03-06,2026-03-07,2026-03-12,AVAXUSDT,0.058291935393497446,2026H1,2026Q1,0.06941517240062933
COPPERUSDT,2026-03-06,2026-03-07,2026-03-12,LINKUSDT,0.02382670594316558,2026H1,2026Q1,0.06941517240062933
COPPERUSDT,2026-03-06,2026-03-07,2026-03-12,LTCUSDT,0.019521798594370345,2026H1,2026Q1,0.06941517240062933
COPPERUSDT,2026-03-06,2026-03-07,2026-03-12,BCHUSDT,0.013353871807165456,2026H1,2026Q1,0.06941517240062933
COPPERUSDT,2026-03-06,2026-03-07,2026-03-12,FILUSDT,-0.10581599277797579,2026H1,2026Q1,0.06941517240062933
COPPERUSDT,2026-03-06,2026-03-07,2026-03-12,NEARUSDT,0.05860742695347147,2026H1,2026Q1,0.06941517240062933
COPPERUSDT,2026-03-06,2026-03-07,2026-03-12,WIFUSDT,-0.12636506617562257,2026H1,2026Q1,0.06941517240062933
龙虾USDT,2026-03-11,2026-03-12,2026-03-17,BTCUSDT,0.06190676459482608,2026H1,2026Q1,0.024341148138297575
龙虾USDT,2026-03-11,2026-03-12,2026-03-17,ETHUSDT,0.13254235187066857,2026H1,2026Q1,0.024341148138297575
龙虾USDT,2026-03-11,2026-03-12,2026-03-17,BNBUSDT,0.039384170036581394,2026H1,2026Q1,0.024341148138297575
龙虾USDT,2026-03-11,2026-03-12,2026-03-17,SOLUSDT,0.10146946016485985,2026H1,2026Q1,0.024341148138297575
龙虾USDT,2026-03-11,2026-03-12,2026-03-17,XRPUSDT,0.10413867124396786,2026H1,2026Q1,0.024341148138297575
龙虾USDT,2026-03-11,2026-03-12,2026-03-17,DOGEUSDT,0.09987311854928119,2026H1,2026Q1,0.024341148138297575
龙虾USDT,2026-03-11,2026-03-12,2026-03-17,ADAUSDT,0.09686740825293112,2026H1,2026Q1,0.024341148138297575
龙虾USDT,2026-03-11,2026-03-12,2026-03-17,AVAXUSDT,0.059465715989596754,2026H1,2026Q1,0.024341148138297575
龙虾USDT,2026-03-11,2026-03-12,2026-03-17,LINKUSDT,0.09477426598261747,2026H1,2026Q1,0.024341148138297575
龙虾USDT,2026-03-11,2026-03-12,2026-03-17,LTCUSDT,0.065188638352647,2026H1,2026Q1,0.024341148138297575
龙虾USDT,2026-03-11,2026-03-12,2026-03-17,BCHUSDT,0.04746799331203734,2026H1,2026Q1,0.024341148138297575
龙虾USDT,2026-03-11,2026-03-12,2026-03-17,FILUSDT,0.11625980611586202,2026H1,2026Q1,0.024341148138297575
龙虾USDT,2026-03-11,2026-03-12,2026-03-17,NEARUSDT,0.13795150167546946,2026H1,2026Q1,0.024341148138297575
龙虾USDT,2026-03-11,2026-03-12,2026-03-17,WIFUSDT,0.12817066401796134,2026H1,2026Q1,0.024341148138297575
CFGUSDT,2026-03-16,2026-03-17,2026-03-22,BTCUSDT,-0.08513001847868787,2026H1,2026Q1,0.07377512649552531
CFGUSDT,2026-03-16,2026-03-17,2026-03-22,ETHUSDT,-0.12424987927371454,2026H1,2026Q1,0.07377512649552531
CFGUSDT,2026-03-16,2026-03-17,2026-03-22,BNBUSDT,-0.0777269662783421,2026H1,2026Q1,0.07377512649552531
CFGUSDT,2026-03-16,2026-03-17,2026-03-22,SOLUSDT,-0.09496698927301493,2026H1,2026Q1,0.07377512649552531
CFGUSDT,2026-03-16,2026-03-17,2026-03-22,XRPUSDT,-0.09274571052597291,2026H1,2026Q1,0.07377512649552531
CFGUSDT,2026-03-16,2026-03-17,2026-03-22,DOGEUSDT,-0.12257699035208264,2026H1,2026Q1,0.07377512649552531
CFGUSDT,2026-03-16,2026-03-17,2026-03-22,ADAUSDT,-0.12422170708006226,2026H1,2026Q1,0.07377512649552531
CFGUSDT,2026-03-16,2026-03-17,2026-03-22,AVAXUSDT,-0.09805583342398816,2026H1,2026Q1,0.07377512649552531
CFGUSDT,2026-03-16,2026-03-17,2026-03-22,LINKUSDT,-0.11959956658278113,2026H1,2026Q1,0.07377512649552531
CFGUSDT,2026-03-16,2026-03-17,2026-03-22,LTCUSDT,-0.070979308315221,2026H1,2026Q1,0.07377512649552531
CFGUSDT,2026-03-16,2026-03-17,2026-03-22,BCHUSDT,-0.03779497946713066,2026H1,2026Q1,0.07377512649552531
CFGUSDT,2026-03-16,2026-03-17,2026-03-22,FILUSDT,-0.11904773798759548,2026H1,2026Q1,0.07377512649552531
CFGUSDT,2026-03-16,2026-03-17,2026-03-22,NEARUSDT,-0.1550459350347696,2026H1,2026Q1,0.07377512649552531
CFGUSDT,2026-03-16,2026-03-17,2026-03-22,WIFUSDT,-0.09099688081263382,2026H1,2026Q1,0.07377512649552531
EDGEUSDT,2026-03-19,2026-03-20,2026-03-25,BTCUSDT,0.008635131505414936,2026H1,2026Q1,0.0609715338708996
EDGEUSDT,2026-03-19,2026-03-20,2026-03-25,ETHUSDT,0.008236292099657445,2026H1,2026Q1,0.0609715338708996
EDGEUSDT,2026-03-19,2026-03-20,2026-03-25,BNBUSDT,-0.0005323646510350962,2026H1,2026Q1,0.0609715338708996
EDGEUSDT,2026-03-19,2026-03-20,2026-03-25,SOLUSDT,0.0214918355123092,2026H1,2026Q1,0.0609715338708996
EDGEUSDT,2026-03-19,2026-03-20,2026-03-25,XRPUSDT,-0.02236604274661739,2026H1,2026Q1,0.0609715338708996
EDGEUSDT,2026-03-19,2026-03-20,2026-03-25,DOGEUSDT,0.017917256413594883,2026H1,2026Q1,0.0609715338708996
EDGEUSDT,2026-03-19,2026-03-20,2026-03-25,ADAUSDT,-0.0018716082573643478,2026H1,2026Q1,0.0609715338708996
EDGEUSDT,2026-03-19,2026-03-20,2026-03-25,AVAXUSDT,0.01800718673408482,2026H1,2026Q1,0.0609715338708996
EDGEUSDT,2026-03-19,2026-03-20,2026-03-25,LINKUSDT,0.022421237810804386,2026H1,2026Q1,0.0609715338708996
EDGEUSDT,2026-03-19,2026-03-20,2026-03-25,LTCUSDT,0.015908817066701983,2026H1,2026Q1,0.0609715338708996
EDGEUSDT,2026-03-19,2026-03-20,2026-03-25,BCHUSDT,0.047124815126374266,2026H1,2026Q1,0.0609715338708996
EDGEUSDT,2026-03-19,2026-03-20,2026-03-25,FILUSDT,0.03628765376968027,2026H1,2026Q1,0.0609715338708996
EDGEUSDT,2026-03-19,2026-03-20,2026-03-25,NEARUSDT,-0.0335397291198512,2026H1,2026Q1,0.0609715338708996
EDGEUSDT,2026-03-19,2026-03-20,2026-03-25,WIFUSDT,0.10391102997137314,2026H1,2026Q1,0.0609715338708996
PAYPUSDT,2026-03-23,2026-03-24,2026-03-29,BTCUSDT,-0.0659781405103578,2026H1,2026Q1,0.04304465824132753
PAYPUSDT,2026-03-23,2026-03-24,2026-03-29,ETHUSDT,-0.0760509951026166,2026H1,2026Q1,0.04304465824132753
PAYPUSDT,2026-03-23,2026-03-24,2026-03-29,BNBUSDT,-0.045735238775761446,2026H1,2026Q1,0.04304465824132753
PAYPUSDT,2026-03-23,2026-03-24,2026-03-29,SOLUSDT,-0.10816044444544583,2026H1,2026Q1,0.04304465824132753
PAYPUSDT,2026-03-23,2026-03-24,2026-03-29,XRPUSDT,-0.07181087257234615,2026H1,2026Q1,0.04304465824132753
PAYPUSDT,2026-03-23,2026-03-24,2026-03-29,DOGEUSDT,-0.034605529177475496,2026H1,2026Q1,0.04304465824132753
PAYPUSDT,2026-03-23,2026-03-24,2026-03-29,ADAUSDT,-0.06395233224053402,2026H1,2026Q1,0.04304465824132753
PAYPUSDT,2026-03-23,2026-03-24,2026-03-29,AVAXUSDT,-0.08829582535300809,2026H1,2026Q1,0.04304465824132753
PAYPUSDT,2026-03-23,2026-03-24,2026-03-29,LINKUSDT,-0.07728186596632688,2026H1,2026Q1,0.04304465824132753
PAYPUSDT,2026-03-23,2026-03-24,2026-03-29,LTCUSDT,-0.03434127410024884,2026H1,2026Q1,0.04304465824132753
PAYPUSDT,2026-03-23,2026-03-24,2026-03-29,BCHUSDT,0.006136140973826615,2026H1,2026Q1,0.04304465824132753
PAYPUSDT,2026-03-23,2026-03-24,2026-03-29,FILUSDT,-0.14318427779031911,2026H1,2026Q1,0.04304465824132753
PAYPUSDT,2026-03-23,2026-03-24,2026-03-29,NEARUSDT,-0.11046256754172172,2026H1,2026Q1,0.04304465824132753
PAYPUSDT,2026-03-23,2026-03-24,2026-03-29,WIFUSDT,-0.05968622105047459,2026H1,2026Q1,0.04304465824132753
GOOGLUSDT,2026-03-26,2026-03-27,2026-04-01,BTCUSDT,-0.009011510386396426,2026H1,2026Q1,-0.02337368014421848
GOOGLUSDT,2026-03-26,2026-03-27,2026-04-01,ETHUSDT,0.021156903778951495,2026H1,2026Q1,-0.02337368014421848
GOOGLUSDT,2026-03-26,2026-03-27,2026-04-01,BNBUSDT,-0.018573005856976754,2026H1,2026Q1,-0.02337368014421848
GOOGLUSDT,2026-03-26,2026-03-27,2026-04-01,SOLUSDT,-0.03963250140740382,2026H1,2026Q1,-0.02337368014421848
GOOGLUSDT,2026-03-26,2026-03-27,2026-04-01,XRPUSDT,-0.015114757630249984,2026H1,2026Q1,-0.02337368014421848
GOOGLUSDT,2026-03-26,2026-03-27,2026-04-01,DOGEUSDT,0.002822101080634173,2026H1,2026Q1,-0.02337368014421848
GOOGLUSDT,2026-03-26,2026-03-27,2026-04-01,ADAUSDT,-0.04994997204656466,2026H1,2026Q1,-0.02337368014421848
GOOGLUSDT,2026-03-26,2026-03-27,2026-04-01,AVAXUSDT,-0.02066281023157882,2026H1,2026Q1,-0.02337368014421848
GOOGLUSDT,2026-03-26,2026-03-27,2026-04-01,LINKUSDT,-0.01493071509780286,2026H1,2026Q1,-0.02337368014421848
GOOGLUSDT,2026-03-26,2026-03-27,2026-04-01,LTCUSDT,-0.011985024071629454,2026H1,2026Q1,-0.02337368014421848
GOOGLUSDT,2026-03-26,2026-03-27,2026-04-01,BCHUSDT,0.009484669407644268,2026H1,2026Q1,-0.02337368014421848
GOOGLUSDT,2026-03-26,2026-03-27,2026-04-01,FILUSDT,-0.04235927383914162,2026H1,2026Q1,-0.02337368014421848
GOOGLUSDT,2026-03-26,2026-03-27,2026-04-01,NEARUSDT,-0.028194238996390574,2026H1,2026Q1,-0.02337368014421848
GOOGLUSDT,2026-03-26,2026-03-27,2026-04-01,WIFUSDT,-0.04430585172210351,2026H1,2026Q1,-0.02337368014421848
BASEDUSDT,2026-03-30,2026-03-31,2026-04-05,BTCUSDT,0.007349611098188482,2026H1,2026Q1,0.03789353612167301
BASEDUSDT,2026-03-30,2026-03-31,2026-04-05,ETHUSDT,0.018643405858195815,2026H1,2026Q1,0.03789353612167301
BASEDUSDT,2026-03-30,2026-03-31,2026-04-05,BNBUSDT,-0.025998804791235577,2026H1,2026Q1,0.03789353612167301
BASEDUSDT,2026-03-30,2026-03-31,2026-04-05,SOLUSDT,-0.021066302624634603,2026H1,2026Q1,0.03789353612167301
BASEDUSDT,2026-03-30,2026-03-31,2026-04-05,XRPUSDT,-0.0070516272033883205,2026H1,2026Q1,0.03789353612167301
BASEDUSDT,2026-03-30,2026-03-31,2026-04-05,DOGEUSDT,0.014217212349609923,2026H1,2026Q1,0.03789353612167301
BASEDUSDT,2026-03-30,2026-03-31,2026-04-05,ADAUSDT,0.01751215594188703,2026H1,2026Q1,0.03789353612167301
BASEDUSDT,2026-03-30,2026-03-31,2026-04-05,AVAXUSDT,0.021233174273746734,2026H1,2026Q1,0.03789353612167301
BASEDUSDT,2026-03-30,2026-03-31,2026-04-05,LINKUSDT,0.008086920227535219,2026H1,2026Q1,0.03789353612167301
BASEDUSDT,2026-03-30,2026-03-31,2026-04-05,LTCUSDT,0.004118313570620311,2026H1,2026Q1,0.03789353612167301
BASEDUSDT,2026-03-30,2026-03-31,2026-04-05,BCHUSDT,-0.04250478835447117,2026H1,2026Q1,0.03789353612167301
BASEDUSDT,2026-03-30,2026-03-31,2026-04-05,FILUSDT,0.02902259322634352,2026H1,2026Q1,0.03789353612167301
BASEDUSDT,2026-03-30,2026-03-31,2026-04-05,NEARUSDT,0.07944622689235578,2026H1,2026Q1,0.03789353612167301
BASEDUSDT,2026-03-30,2026-03-31,2026-04-05,WIFUSDT,0.027322580577638807,2026H1,2026Q1,0.03789353612167301
AAPLUSDT,2026-04-06,2026-04-07,2026-04-12,BTCUSDT,0.058613290795268384,2026H1,2026Q2,0.0903308293255558
AAPLUSDT,2026-04-06,2026-04-07,2026-04-12,ETHUSDT,0.0806334793122114,2026H1,2026Q2,0.0903308293255558
AAPLUSDT,2026-04-06,2026-04-07,2026-04-12,BNBUSDT,0.011541105193686382,2026H1,2026Q2,0.0903308293255558
AAPLUSDT,2026-04-06,2026-04-07,2026-04-12,SOLUSDT,0.05912274418744415,2026H1,2026Q2,0.0903308293255558
AAPLUSDT,2026-04-06,2026-04-07,2026-04-12,XRPUSDT,0.0249087263668033,2026H1,2026Q2,0.0903308293255558
AAPLUSDT,2026-04-06,2026-04-07,2026-04-12,DOGEUSDT,0.027025726767026595,2026H1,2026Q2,0.0903308293255558
AAPLUSDT,2026-04-06,2026-04-07,2026-04-12,ADAUSDT,0.013336225136200346,2026H1,2026Q2,0.0903308293255558
AAPLUSDT,2026-04-06,2026-04-07,2026-04-12,AVAXUSDT,0.05278790339856435,2026H1,2026Q2,0.0903308293255558
AAPLUSDT,2026-04-06,2026-04-07,2026-04-12,LINKUSDT,0.03013052031402625,2026H1,2026Q2,0.0903308293255558
AAPLUSDT,2026-04-06,2026-04-07,2026-04-12,LTCUSDT,0.02838900326268611,2026H1,2026Q2,0.0903308293255558
AAPLUSDT,2026-04-06,2026-04-07,2026-04-12,BCHUSDT,0.005664438211546957,2026H1,2026Q2,0.0903308293255558
AAPLUSDT,2026-04-06,2026-04-07,2026-04-12,FILUSDT,0.04673214970441981,2026H1,2026Q2,0.0903308293255558
AAPLUSDT,2026-04-06,2026-04-07,2026-04-12,NEARUSDT,0.11564399740763413,2026H1,2026Q2,0.0903308293255558
AAPLUSDT,2026-04-06,2026-04-07,2026-04-12,WIFUSDT,0.10782522674197764,2026H1,2026Q2,0.0903308293255558
CHIPUSDT,2026-04-16,2026-04-17,2026-04-22,BTCUSDT,0.008366274703139408,2026H1,2026Q2,0.08184638547025491
CHIPUSDT,2026-04-16,2026-04-17,2026-04-22,ETHUSDT,-0.020742594178804214,2026H1,2026Q2,0.08184638547025491
CHIPUSDT,2026-04-16,2026-04-17,2026-04-22,BNBUSDT,-0.005722543933593632,2026H1,2026Q2,0.08184638547025491
CHIPUSDT,2026-04-16,2026-04-17,2026-04-22,SOLUSDT,-0.0341649909544514,2026H1,2026Q2,0.08184638547025491
CHIPUSDT,2026-04-16,2026-04-17,2026-04-22,XRPUSDT,-0.013659425412414182,2026H1,2026Q2,0.08184638547025491
CHIPUSDT,2026-04-16,2026-04-17,2026-04-22,DOGEUSDT,-0.04137669562623103,2026H1,2026Q2,0.08184638547025491
CHIPUSDT,2026-04-16,2026-04-17,2026-04-22,ADAUSDT,-0.036167464008060465,2026H1,2026Q2,0.08184638547025491
CHIPUSDT,2026-04-16,2026-04-17,2026-04-22,AVAXUSDT,-0.03473879336813641,2026H1,2026Q2,0.08184638547025491
CHIPUSDT,2026-04-16,2026-04-17,2026-04-22,LINKUSDT,-0.020106998781840215,2026H1,2026Q2,0.08184638547025491
CHIPUSDT,2026-04-16,2026-04-17,2026-04-22,LTCUSDT,-0.01340862138038408,2026H1,2026Q2,0.08184638547025491
CHIPUSDT,2026-04-16,2026-04-17,2026-04-22,BCHUSDT,-0.012972819851603284,2026H1,2026Q2,0.08184638547025491
CHIPUSDT,2026-04-16,2026-04-17,2026-04-22,FILUSDT,-0.07387653531565891,2026H1,2026Q2,0.08184638547025491
CHIPUSDT,2026-04-16,2026-04-17,2026-04-22,NEARUSDT,-0.03267336093501208,2026H1,2026Q2,0.08184638547025491
CHIPUSDT,2026-04-16,2026-04-17,2026-04-22,WIFUSDT,-0.10480027728721787,2026H1,2026Q2,0.08184638547025491
AVGOUSDT,2026-04-20,2026-04-21,2026-04-26,BTCUSDT,0.03426481853517491,2026H1,2026Q2,0.11496728615108798
AVGOUSDT,2026-04-20,2026-04-21,2026-04-26,ETHUSDT,0.010885915117452473,2026H1,2026Q2,0.11496728615108798
AVGOUSDT,2026-04-20,2026-04-21,2026-04-26,BNBUSDT,-0.0009534858573533972,2026H1,2026Q2,0.11496728615108798
AVGOUSDT,2026-04-20,2026-04-21,2026-04-26,SOLUSDT,0.010037432544447585,2026H1,2026Q2,0.11496728615108798
AVGOUSDT,2026-04-20,2026-04-21,2026-04-26,XRPUSDT,-0.0008432296192139823,2026H1,2026Q2,0.11496728615108798
AVGOUSDT,2026-04-20,2026-04-21,2026-04-26,DOGEUSDT,0.028900452532012837,2026H1,2026Q2,0.11496728615108798
AVGOUSDT,2026-04-20,2026-04-21,2026-04-26,ADAUSDT,0.008438868645864604,2026H1,2026Q2,0.11496728615108798
AVGOUSDT,2026-04-20,2026-04-21,2026-04-26,AVAXUSDT,0.00880779055961409,2026H1,2026Q2,0.11496728615108798
AVGOUSDT,2026-04-20,2026-04-21,2026-04-26,LINKUSDT,0.006015701888533078,2026H1,2026Q2,0.11496728615108798
AVGOUSDT,2026-04-20,2026-04-21,2026-04-26,LTCUSDT,0.018200340215425898,2026H1,2026Q2,0.11496728615108798
AVGOUSDT,2026-04-20,2026-04-21,2026-04-26,BCHUSDT,0.021422218289280624,2026H1,2026Q2,0.11496728615108798
AVGOUSDT,2026-04-20,2026-04-21,2026-04-26,FILUSDT,0.015070252920998173,2026H1,2026Q2,0.11496728615108798
AVGOUSDT,2026-04-20,2026-04-21,2026-04-26,NEARUSDT,0.028252512951883947,2026H1,2026Q2,0.11496728615108798
AVGOUSDT,2026-04-20,2026-04-21,2026-04-26,WIFUSDT,-0.11202366077806547,2026H1,2026Q2,0.11496728615108798
AIGENSYNUSDT,2026-04-29,2026-04-30,2026-05-05,BTCUSDT,0.047060227452735894,2026H1,2026Q2,0.11816709773378364
AIGENSYNUSDT,2026-04-29,2026-04-30,2026-05-05,ETHUSDT,0.02031670159443414,2026H1,2026Q2,0.11816709773378364
AIGENSYNUSDT,2026-04-29,2026-04-30,2026-05-05,BNBUSDT,0.008769158005741698,2026H1,2026Q2,0.11816709773378364
AIGENSYNUSDT,2026-04-29,2026-04-30,2026-05-05,SOLUSDT,0.011854296751863202,2026H1,2026Q2,0.11816709773378364
AIGENSYNUSDT,2026-04-29,2026-04-30,2026-05-05,XRPUSDT,0.016091968003831378,2026H1,2026Q2,0.11816709773378364
AIGENSYNUSDT,2026-04-29,2026-04-30,2026-05-05,DOGEUSDT,0.056169867536894874,2026H1,2026Q2,0.11816709773378364
AIGENSYNUSDT,2026-04-29,2026-04-30,2026-05-05,ADAUSDT,0.021845528925980073,2026H1,2026Q2,0.11816709773378364
AIGENSYNUSDT,2026-04-29,2026-04-30,2026-05-05,AVAXUSDT,0.0066670556808705395,2026H1,2026Q2,0.11816709773378364
AIGENSYNUSDT,2026-04-29,2026-04-30,2026-05-05,LINKUSDT,0.02740194190381925,2026H1,2026Q2,0.11816709773378364
AIGENSYNUSDT,2026-04-29,2026-04-30,2026-05-05,LTCUSDT,-0.006715698168633243,2026H1,2026Q2,0.11816709773378364
AIGENSYNUSDT,2026-04-29,2026-04-30,2026-05-05,BCHUSDT,-0.008194834872501567,2026H1,2026Q2,0.11816709773378364
AIGENSYNUSDT,2026-04-29,2026-04-30,2026-05-05,FILUSDT,0.02269141120207067,2026H1,2026Q2,0.11816709773378364
AIGENSYNUSDT,2026-04-29,2026-04-30,2026-05-05,NEARUSDT,-0.04943091198171649,2026H1,2026Q2,0.11816709773378364
AIGENSYNUSDT,2026-04-29,2026-04-30,2026-05-05,WIFUSDT,0.06674567953004669,2026H1,2026Q2,0.11816709773378364
AMDUSDT,2026-05-06,2026-05-07,2026-05-12,BTCUSDT,0.0019631736625739097,2026H1,2026Q2,0.11238249441509418
AMDUSDT,2026-05-06,2026-05-07,2026-05-12,ETHUSDT,-0.005595082741985036,2026H1,2026Q2,0.11238249441509418
AMDUSDT,2026-05-06,2026-05-07,2026-05-12,BNBUSDT,0.03487209414523905,2026H1,2026Q2,0.11238249441509418
AMDUSDT,2026-05-06,2026-05-07,2026-05-12,SOLUSDT,0.08648754250934335,2026H1,2026Q2,0.11238249441509418
AMDUSDT,2026-05-06,2026-05-07,2026-05-12,XRPUSDT,0.03545688015761217,2026H1,2026Q2,0.11238249441509418
AMDUSDT,2026-05-06,2026-05-07,2026-05-12,DOGEUSDT,-0.01172430309157697,2026H1,2026Q2,0.11238249441509418
AMDUSDT,2026-05-06,2026-05-07,2026-05-12,ADAUSDT,0.04721828616644547,2026H1,2026Q2,0.11238249441509418
AMDUSDT,2026-05-06,2026-05-07,2026-05-12,AVAXUSDT,0.051116379675590365,2026H1,2026Q2,0.11238249441509418
AMDUSDT,2026-05-06,2026-05-07,2026-05-12,LINKUSDT,0.05584565429801098,2026H1,2026Q2,0.11238249441509418
AMDUSDT,2026-05-06,2026-05-07,2026-05-12,LTCUSDT,0.029702574342473583,2026H1,2026Q2,0.11238249441509418
AMDUSDT,2026-05-06,2026-05-07,2026-05-12,BCHUSDT,-0.035202585458116394,2026H1,2026Q2,0.11238249441509418
AMDUSDT,2026-05-06,2026-05-07,2026-05-12,FILUSDT,0.005366739177940881,2026H1,2026Q2,0.11238249441509418
AMDUSDT,2026-05-06,2026-05-07,2026-05-12,NEARUSDT,0.037615784124566454,2026H1,2026Q2,0.11238249441509418
AMDUSDT,2026-05-06,2026-05-07,2026-05-12,WIFUSDT,0.039446727393140334,2026H1,2026Q2,0.11238249441509418
