funding_time,pc1_dominance,z_pc1
2024-02-19 16:00:00.000,,
2024-02-20 00:00:00.000,,
2024-02-20 08:00:00.000,,
2024-02-20 16:00:00.000,,
2024-02-21 00:00:00.000,,
2024-02-21 08:00:00.000,,
2024-02-21 16:00:00.000,,
2024-02-22 00:00:00.001,,
2024-02-22 08:00:00.001,,
2024-02-22 16:00:00.000,,
2024-02-23 00:00:00.000,,
2024-02-23 08:00:00.000,,
2024-02-23 16:00:00.000,,
2024-02-24 00:00:00.000,,
2024-02-24 08:00:00.001,,
2024-02-24 16:00:00.000,,
2024-02-25 00:00:00.001,,
2024-02-25 08:00:00.000,,
2024-02-25 16:00:00.000,,
2024-02-26 00:00:00.000,,
2024-02-26 08:00:00.000,,
2024-02-26 16:00:00.000,,
2024-02-27 00:00:00.000,,
2024-02-27 08:00:00.000,,
2024-02-27 16:00:00.000,,
2024-02-28 00:00:00.000,,
2024-02-28 08:00:00.000,,
2024-02-28 16:00:00.000,,
2024-02-29 00:00:00.000,,
2024-02-29 08:00:00.000,,
2024-02-29 16:00:00.000,,
2024-03-01 00:00:00.000,,
2024-03-01 08:00:00.000,,
2024-03-01 16:00:00.000,,
2024-03-02 00:00:00.000,,
2024-03-02 08:00:00.001,,
2024-03-02 16:00:00.000,,
2024-03-03 00:00:00.000,,
2024-03-03 08:00:00.000,,
2024-03-03 16:00:00.000,,
2024-03-04 00:00:00.000,,
2024-03-04 08:00:00.000,,
2024-03-04 16:00:00.000,,
2024-03-05 00:00:00.000,,
2024-03-05 08:00:00.000,,
2024-03-05 16:00:00.000,,
2024-03-06 00:00:00.000,,
2024-03-06 08:00:00.001,,
2024-03-06 16:00:00.000,,
2024-03-07 00:00:00.000,,
2024-03-07 08:00:00.000,,
2024-03-07 16:00:00.000,,
2024-03-08 00:00:00.000,,
2024-03-08 08:00:00.000,,
2024-03-08 16:00:00.000,,
2024-03-09 00:00:00.000,,
2024-03-09 08:00:00.001,,
2024-03-09 16:00:00.000,,
2024-03-10 00:00:00.000,,
2024-03-10 08:00:00.000,,
2024-03-10 16:00:00.000,,
2024-03-11 00:00:00.000,,
2024-03-11 08:00:00.000,,
2024-03-11 16:00:00.000,,
2024-03-12 00:00:00.000,,
2024-03-12 08:00:00.000,,
2024-03-12 16:00:00.000,,
2024-03-13 00:00:00.000,,
2024-03-13 08:00:00.001,,
2024-03-13 16:00:00.000,,
2024-03-14 00:00:00.001,,
2024-03-14 08:00:00.000,,
2024-03-14 16:00:00.000,,
2024-03-15 00:00:00.000,,
2024-03-15 08:00:00.000,,
2024-03-15 16:00:00.000,,
2024-03-16 00:00:00.000,,
2024-03-16 08:00:00.000,,
2024-03-16 16:00:00.000,,
2024-03-17 00:00:00.000,,
2024-03-17 08:00:00.000,,
2024-03-17 16:00:00.000,,
2024-03-18 00:00:00.000,,
2024-03-18 08:00:00.000,,
2024-03-18 16:00:00.001,,
2024-03-19 00:00:00.000,,
2024-03-19 08:00:00.000,,
2024-03-19 16:00:00.001,,
2024-03-20 00:00:00.000,,
2024-03-20 08:00:00.004,0.7958738409528291,
2024-03-20 16:00:00.000,0.7976336776038689,
2024-03-21 00:00:00.000,0.8006125811546146,
2024-03-21 08:00:00.000,0.8028456961439512,
2024-03-21 16:00:00.000,0.8040960110850611,
2024-03-22 00:00:00.000,0.8026423943945081,
2024-03-22 08:00:00.000,0.8024332041401914,
2024-03-22 16:00:00.000,0.8002066046821898,
2024-03-23 00:00:00.000,0.7976182736925463,
2024-03-23 08:00:00.000,0.7963268320795989,
2024-03-23 16:00:00.000,0.7960760716853895,
2024-03-24 00:00:00.000,0.7958254114142715,
2024-03-24 08:00:00.000,0.7960362501236089,
2024-03-24 16:00:00.000,0.7954856649547759,
2024-03-25 00:00:00.000,0.7951889646929594,
2024-03-25 08:00:00.001,0.796262033386905,
2024-03-25 16:00:00.000,0.7961390504944076,
2024-03-26 00:00:00.000,0.7964812229892264,
2024-03-26 08:00:00.000,0.7972810570314506,
2024-03-26 16:00:00.000,0.7967904805403405,
2024-03-27 00:00:00.000,0.799373440711992,
2024-03-27 08:00:00.001,0.8001827686222223,
2024-03-27 16:00:00.000,0.8005529624861674,
2024-03-28 00:00:00.000,0.8001463593878608,
2024-03-28 08:00:00.000,0.8030490813860459,
2024-03-28 16:00:00.000,0.8040271577208294,
2024-03-29 00:00:00.000,0.8052931992483158,
2024-03-29 08:00:00.000,0.808468321519575,
2024-03-29 16:00:00.000,0.8102183152803133,
2024-03-30 00:00:00.000,0.8150663602279912,
2024-03-30 08:00:00.000,0.8105441436210695,
2024-03-30 16:00:00.000,0.8031765712782437,
2024-03-31 00:00:00.000,0.8031776075265734,
2024-03-31 08:00:00.000,0.7972555298796985,
2024-03-31 16:00:00.001,0.7955120641509539,
2024-04-01 00:00:00.000,0.7947558692568071,
2024-04-01 08:00:00.000,0.7897404902609383,
2024-04-01 16:00:00.000,0.7857851449300687,
2024-04-02 00:00:00.007,0.7856273880531216,
2024-04-02 08:00:00.015,0.7862188503611274,
2024-04-02 16:00:00.000,0.7878835255496841,
2024-04-03 00:00:00.000,0.789580452991898,
2024-04-03 08:00:00.000,0.7910470592387991,
2024-04-03 16:00:00.000,0.7904780252281302,
2024-04-04 00:00:00.000,0.7919662226025209,
2024-04-04 08:00:00.000,0.7729235971432293,
2024-04-04 16:00:00.000,0.7604146434451147,
2024-04-05 00:00:00.000,0.7628782363682908,
2024-04-05 08:00:00.000,0.7680102117501837,
2024-04-05 16:00:00.000,0.7710966718938913,
2024-04-06 00:00:00.000,0.77406037894224,
2024-04-06 08:00:00.000,0.776011601157875,
2024-04-06 16:00:00.000,0.7772574641888511,
2024-04-07 00:00:00.000,0.7794973521325832,
2024-04-07 08:00:00.000,0.7833277812223953,
2024-04-07 16:00:00.000,0.7845533381136435,
2024-04-08 00:00:00.001,0.7878237572361578,
2024-04-08 08:00:00.000,0.7901408566831633,
2024-04-08 16:00:00.006,0.7934945423723506,
2024-04-09 00:00:00.000,0.7953299757122914,
2024-04-09 08:00:00.001,0.791439394756616,
2024-04-09 16:00:00.001,0.7930037045766879,
2024-04-10 00:00:00.000,0.7955279709094121,
2024-04-10 08:00:00.001,0.7972761180387671,
2024-04-10 16:00:00.000,0.7922124513756722,
2024-04-11 00:00:00.000,0.7841379943873065,
2024-04-11 08:00:00.000,0.7799942618171523,
2024-04-11 16:00:00.000,0.7798623268397167,
2024-04-12 00:00:00.000,0.7752580027904368,
2024-04-12 08:00:00.001,0.7593985634441811,
2024-04-12 16:00:00.000,0.750171975197588,
2024-04-13 00:00:00.000,0.750706927747962,
2024-04-13 08:00:00.000,0.7423704178890708,
2024-04-13 16:00:00.001,0.7362879874675077,
2024-04-14 00:00:00.000,0.7175051156482948,
2024-04-14 08:00:00.000,0.7312732898994339,
2024-04-14 16:00:00.000,0.7351782799272629,
2024-04-15 00:00:00.000,0.7396253364865835,
2024-04-15 08:00:00.001,0.7432113209671118,
2024-04-15 16:00:00.000,0.7487470115895384,
2024-04-16 00:00:00.001,0.7507430601596111,
2024-04-16 08:00:00.000,0.7531184214102729,
2024-04-16 16:00:00.000,0.7576941789491597,
2024-04-17 00:00:00.000,0.7605832077694888,
2024-04-17 08:00:00.000,0.766895704831196,
2024-04-17 16:00:00.000,0.7701458025871903,
2024-04-18 00:00:00.000,0.7725342282775388,
2024-04-18 08:00:00.000,0.7752832563180523,
2024-04-18 16:00:00.000,0.7778411458661609,
2024-04-19 00:00:00.001,0.7787306045124149,
2024-04-19 08:00:00.000,0.7799897183992017,
2024-04-19 16:00:00.000,0.7800659196108315,
2024-04-20 00:00:00.000,0.7811886951798942,
2024-04-20 08:00:00.000,0.7818346704758644,
2024-04-20 16:00:00.000,0.7826835746402712,
2024-04-21 00:00:00.000,0.7848269277504712,
2024-04-21 08:00:00.000,0.7866840577057631,
2024-04-21 16:00:00.000,0.7872291794598183,
2024-04-22 00:00:00.000,0.7882243720006901,
2024-04-22 08:00:00.000,0.7893330867690299,
2024-04-22 16:00:00.000,0.7900499309443649,
2024-04-23 00:00:00.000,0.7907427517646635,
2024-04-23 08:00:00.000,0.7917199624259743,
2024-04-23 16:00:00.001,0.7937312304042646,
2024-04-24 00:00:00.000,0.795509740791542,
2024-04-24 08:00:00.000,0.7980440617034292,
2024-04-24 16:00:00.000,0.7997651151196841,
2024-04-25 00:00:00.000,0.7985847927231777,
2024-04-25 08:00:00.000,0.7990566637111909,
2024-04-25 16:00:00.010,0.799397776105764,
2024-04-26 00:00:00.001,0.7991084300814416,
2024-04-26 08:00:00.000,0.8004201704201975,
2024-04-26 16:00:00.000,0.8002854461249446,
2024-04-27 00:00:00.000,0.7999545352973703,
2024-04-27 08:00:00.001,0.7956429410266743,
2024-04-27 16:00:00.000,0.791379860844392,
2024-04-28 00:00:00.000,0.7890609080476713,
2024-04-28 08:00:00.000,0.7861401805977273,
2024-04-28 16:00:00.000,0.7794951028160533,
2024-04-29 00:00:00.000,0.7779396537255219,
2024-04-29 08:00:00.000,0.7738415357797533,
2024-04-29 16:00:00.000,0.7637448690886363,
2024-04-30 00:00:00.000,0.7571607850563908,
2024-04-30 08:00:00.000,0.7395616976501819,
2024-04-30 16:00:00.000,0.7076843543838217,
2024-05-01 00:00:00.000,0.6157608590088591,
2024-05-01 08:00:00.000,0.5673230195320416,
2024-05-01 16:00:00.000,0.5489566475063498,
2024-05-02 00:00:00.000,0.544648234799465,
2024-05-02 08:00:00.000,0.5438915203580488,
2024-05-02 16:00:00.002,0.5403878945020648,
2024-05-03 00:00:00.000,0.5379597925147386,
2024-05-03 08:00:00.000,0.5343165080762837,
2024-05-03 16:00:00.000,0.5324407775089937,
2024-05-04 00:00:00.000,0.530251457023289,-3.639184271371846
2024-05-04 08:00:00.000,0.5255035151556442,-3.5233280163455865
2024-05-04 16:00:00.000,0.5227465529473503,-3.395977331702384
2024-05-05 00:00:00.000,0.5219372922656963,-3.2598188309763705
2024-05-05 08:00:00.000,0.5193612642561601,-3.16115610041858
2024-05-05 16:00:00.000,0.5176631310628725,-3.0625322745545223
2024-05-06 00:00:00.000,0.515035889932647,-2.9846606593816976
2024-05-06 08:00:00.000,0.5113143275549077,-2.9263521037792573
2024-05-06 16:00:00.000,0.5102644044023458,-2.84357102927996
2024-05-07 00:00:00.000,0.5088642458669842,-2.771955249441797
2024-05-07 08:00:00.000,0.5064828531075414,-2.716707587508534
2024-05-07 16:00:00.000,0.5063683945042924,-2.642254011078593
2024-05-08 00:00:00.000,0.5038872637605853,-2.5977791637924588
2024-05-08 08:00:00.000,0.501235754701884,-2.5581073600787247
2024-05-08 16:00:00.000,0.46722064081952125,-2.8266168579715476
2024-05-09 00:00:00.000,0.4382858735185719,-3.016454790755017
2024-05-09 08:00:00.000,0.42280368397274215,-3.05979533079322
2024-05-09 16:00:00.000,0.4040051348004572,-3.124687596454513
2024-05-10 00:00:00.000,0.3857904747215115,-3.173981844975172
2024-05-10 08:00:00.000,0.3782075677514915,-3.127001229514393
2024-05-10 16:00:00.000,0.368280808778476,-3.1021822315686975
2024-05-11 00:00:00.000,0.35495605138150194,-3.1045734309709796
2024-05-11 08:00:00.000,0.34031909373133556,-3.1143726877272435
2024-05-11 16:00:00.000,0.3225883819568243,-3.1434562535077553
2024-05-12 00:00:00.000,0.30482949588742203,-3.166845866352095
2024-05-12 08:00:00.000,0.27461133265426063,-3.2706996302915883
2024-05-12 16:00:00.000,0.26126552949092685,-3.2459446466985358
2024-05-13 00:00:00.001,0.25635785804660494,-3.1669264529010928
2024-05-13 08:00:00.001,0.25263074604810076,-3.0874984410920288
2024-05-13 16:00:00.000,0.24970189447696045,-3.0100649859864257
2024-05-14 00:00:00.000,0.2627601284081857,-2.8417735563856343
2024-05-14 08:00:00.000,0.26041662169324453,-2.780420279828675
2024-05-14 16:00:00.000,0.2567433447364453,-2.7313972546481984
2024-05-15 00:00:00.000,0.2541904560172525,-2.6792247100749025
2024-05-15 08:00:00.000,0.2589953818151998,-2.5886172954439766
2024-05-15 16:00:00.000,0.2617777212513911,-2.5156773210136683
2024-05-16 00:00:00.004,0.2674948638827966,-2.4311407068333435
2024-05-16 08:00:00.000,0.27432847160377166,-2.345682397497785
2024-05-16 16:00:00.000,0.27708972644526086,-2.2873637851104593
2024-05-17 00:00:00.000,0.2808508819253269,-2.2268210659235295
2024-05-17 08:00:00.000,0.27665214005121086,-2.211909618365048
2024-05-17 16:00:00.000,0.2779752504786622,-2.1684623851079943
2024-05-18 00:00:00.000,0.2772864519898497,-2.1376473102577136
2024-05-18 08:00:00.000,0.2794567813360562,-2.093412642735301
2024-05-18 16:00:00.000,0.280974941199357,-2.0545425679255267
2024-05-19 00:00:00.000,0.28331623335011036,-2.0131622809165286
2024-05-19 08:00:00.000,0.28273066118935813,-1.9883654431780287
2024-05-19 16:00:00.000,0.2861495946213876,-1.9444056662756168
2024-05-20 00:00:00.000,0.28597002176551073,-1.920180251623336
2024-05-20 08:00:00.000,0.27753116359296703,-1.937877296756218
2024-05-20 16:00:00.003,0.27663643108980296,-1.9176444494826448
2024-05-21 00:00:00.000,0.28389945582953796,-1.8582016299723436
2024-05-21 08:00:00.001,0.28748340045484,-1.8188196769932137
2024-05-21 16:00:00.000,0.29495163115698536,-1.7619409001244006
2024-05-22 00:00:00.000,0.3016508272533616,-1.7106028427842135
2024-05-22 08:00:00.000,0.30978443996588856,-1.653911563586866
2024-05-22 16:00:00.000,0.315015934034778,-1.612750968597656
2024-05-23 00:00:00.000,0.31911992985343246,-1.5780981511961691
2024-05-23 08:00:00.000,0.3264576148159783,-1.528921900526943
2024-05-23 16:00:00.000,0.3304567525912494,-1.4968191436077685
2024-05-24 00:00:00.000,0.3354134234047454,-1.4609242426948394
2024-05-24 08:00:00.000,0.3395419248927315,-1.4297493799304737
2024-05-24 16:00:00.000,0.3434174212542812,-1.400436953314554
2024-05-25 00:00:00.000,0.3492824605467693,-1.3623365922833433
2024-05-25 08:00:00.000,0.3516066129539473,-1.34165162469032
2024-05-25 16:00:00.000,0.3565523986414834,-1.3090292272517299
2024-05-26 00:00:00.000,0.3548894125728906,-1.308039798757752
2024-05-26 08:00:00.000,0.3523682612322102,-1.3111196804066856
2024-05-26 16:00:00.000,0.35364331319622705,-1.2964022453389634
2024-05-27 00:00:00.000,0.3580567449631353,-1.2672765945452347
2024-05-27 08:00:00.000,0.36205846215649384,-1.2405532698149475
2024-05-27 16:00:00.000,0.3655496993801652,-1.2166355950982202
2024-05-28 00:00:00.000,0.3650075596734627,-1.211899024708153
2024-05-28 08:00:00.000,0.36168678434605817,-1.2202014247422073
2024-05-28 16:00:00.000,0.3647472486644459,-1.198715178155958
2024-05-29 00:00:00.001,0.37493127142269256,-1.1443999529353341
2024-05-29 08:00:00.000,0.3783120700718105,-1.1224261255813546
2024-05-29 16:00:00.000,0.38566161907113783,-1.0822715815124393
2024-05-30 00:00:00.000,0.3873531770751919,-1.068900370977086
2024-05-30 08:00:00.000,0.39271461556024645,-1.0386209527574433
2024-05-30 16:00:00.000,0.38791681026207914,-1.0559308604655893
2024-05-31 00:00:00.000,0.35816646578954475,-1.1889757581237115
2024-05-31 08:00:00.000,0.364428027096001,-1.1533445371440973
2024-05-31 16:00:00.000,0.37447926335581144,-1.1005857432608677
2024-06-01 00:00:00.000,0.3821549060624313,-1.0594390105831097
2024-06-01 08:00:00.000,0.39517143348000344,-0.9939303700790114
2024-06-01 16:00:00.001,0.4005320236944228,-0.9645736203224362
2024-06-02 00:00:00.000,0.40808258507733225,-0.9252990073870454
2024-06-02 08:00:00.000,0.42312131229903305,-0.8514922553861256
2024-06-02 16:00:00.000,0.4264329110865523,-0.8327954824005088
2024-06-03 00:00:00.000,0.4265589191283716,-0.8290801932868289
2024-06-03 08:00:00.000,0.44592369772291196,-0.7356061087604849
2024-06-03 16:00:00.000,0.4451292396540357,-0.7368278388912681
2024-06-04 00:00:00.000,0.4461567063391861,-0.7295316032698999
2024-06-04 08:00:00.000,0.4476202779795878,-0.7202392139220792
2024-06-04 16:00:00.000,0.4400796486974922,-0.753226898325346
2024-06-05 00:00:00.000,0.4499412207961231,-0.7043835616248664
2024-06-05 08:00:00.000,0.45846076273470776,-0.6620621346222776
2024-06-05 16:00:00.000,0.46397444668712556,-0.6340601885803293
2024-06-06 00:00:00.000,0.46664173568368383,-0.619586296923043
2024-06-06 08:00:00.008,0.47363319815084093,-0.5847450139152623
2024-06-06 16:00:00.000,0.48197654681942304,-0.5436129738075582
2024-06-07 00:00:00.000,0.4839805835203098,-0.5326330325977394
2024-06-07 08:00:00.000,0.4842552366590994,-0.5298960843274323
2024-06-07 16:00:00.000,0.49588713484130287,-0.4731713757303149
2024-06-08 00:00:00.000,0.49359284919996477,-0.48289627136680785
2024-06-08 08:00:00.000,0.4960824978141553,-0.46978507606412157
2024-06-08 16:00:00.000,0.4813412772621577,-0.5390389569627843
2024-06-09 00:00:00.000,0.4806493347427205,-0.5409210030802643
2024-06-09 08:00:00.000,0.47820988945893195,-0.5511788550724215
2024-06-09 16:00:00.001,0.47347755116346363,-0.5724187979970986
2024-06-10 00:00:00.000,0.47136584873208054,-0.5810212979173767
2024-06-10 08:00:00.000,0.47059301929682534,-0.5831686720805096
2024-06-10 16:00:00.001,0.4704022160006481,-0.5825152797918933
2024-06-11 00:00:00.001,0.46602716769069535,-0.6020519042722705
2024-06-11 08:00:00.000,0.45947029210442525,-0.6320727290149343
2024-06-11 16:00:00.000,0.45894922306396546,-0.6328325962597283
2024-06-12 00:00:00.000,0.4562038268930991,-0.6443631344774934
2024-06-12 08:00:00.000,0.45750329605355117,-0.6362685340225959
2024-06-12 16:00:00.000,0.4499892303541866,-0.6709571702849649
2024-06-13 00:00:00.000,0.4508304158902522,-0.6649688252849189
2024-06-13 08:00:00.001,0.4519393790291367,-0.6577088586174136
2024-06-13 16:00:00.000,0.4552127877573353,-0.6399485025401215
2024-06-14 00:00:00.000,0.4441683690466579,-0.692008952641106
2024-06-14 08:00:00.000,0.41069482069977836,-0.8531308985498351
2024-06-14 16:00:00.000,0.4176350429216252,-0.8164867832850115
2024-06-15 00:00:00.000,0.4284518842892364,-0.7611245887617629
2024-06-15 08:00:00.000,0.42871640375958614,-0.7575429360738197
2024-06-15 16:00:00.000,0.4266775309450021,-0.7652438736255424
2024-06-16 00:00:00.001,0.4342129888250388,-0.7260901195843726
2024-06-16 08:00:00.000,0.4349799619649441,-0.7202456863700079
2024-06-16 16:00:00.000,0.43397393267857237,-0.7231241285411417
2024-06-17 00:00:00.000,0.4326431258409979,-0.7275941422762986
2024-06-17 08:00:00.000,0.432805521515043,-0.7247241949793101
2024-06-17 16:00:00.000,0.4338521996530951,-0.7175287723866218
2024-06-18 00:00:00.000,0.43401344753730653,-0.7147260412069565
2024-06-18 08:00:00.000,0.4564121584629199,-0.5985847153396591
2024-06-18 16:00:00.000,0.4602455313950155,-0.5743262168208226
2024-06-19 00:00:00.001,0.4692059954995872,-0.5247150066703535
2024-06-19 08:00:00.001,0.4838870609831224,-0.4467581352552952
2024-06-19 16:00:00.000,0.4820579885130135,-0.45086850365045195
2024-06-20 00:00:00.000,0.4817933849654117,-0.4471943972646428
2024-06-20 08:00:00.000,0.4977488464246921,-0.36254504703442647
2024-06-20 16:00:00.000,0.4966008985229946,-0.3634775833613117
2024-06-21 00:00:00.000,0.5014157562835291,-0.3345238069824121
2024-06-21 08:00:00.000,0.5047306894615889,-0.3131053067107739
2024-06-21 16:00:00.000,0.504692846618397,-0.30856606949216564
2024-06-22 00:00:00.000,0.5048676107673321,-0.3029446732198923
2024-06-22 08:00:00.000,0.5051636747775881,-0.2966939948304808
2024-06-22 16:00:00.000,0.5088876752834323,-0.2730347570128196
2024-06-23 00:00:00.000,0.5091503279094877,-0.26696276374983263
2024-06-23 08:00:00.000,0.509829767653914,-0.2587344079285936
2024-06-23 16:00:00.000,0.5091826923705134,-0.2572743860227379
2024-06-24 00:00:00.002,0.5057748018586771,-0.269959678092703
2024-06-24 08:00:00.000,0.5048055490564552,-0.27010094958095976
2024-06-24 16:00:00.000,0.5051162542094254,-0.26363880090753977
2024-06-25 00:00:00.000,0.506658405570184,-0.2507549755099142
2024-06-25 08:00:00.000,0.5060766278061408,-0.24884500597216855
2024-06-25 16:00:00.000,0.5053966167124258,-0.2474282575206821
2024-06-26 00:00:00.002,0.5024362863484092,-0.257904158552506
2024-06-26 08:00:00.000,0.5014498128341887,-0.2580245003619274
2024-06-26 16:00:00.000,0.5014368522327368,-0.2530118504524752
2024-06-27 00:00:00.000,0.5037613139245061,-0.2356460232938224
2024-06-27 08:00:00.001,0.5026405081746544,-0.23639525225670405
2024-06-27 16:00:00.000,0.5023918685380915,-0.23248720014970722
2024-06-28 00:00:00.000,0.5019098938834131,-0.2297357490154253
2024-06-28 08:00:00.000,0.4980965374484927,-0.24483350138568824
2024-06-28 16:00:00.000,0.495401431195963,-0.25406935139283926
2024-06-29 00:00:00.001,0.5027786336042566,-0.20910256167489982
2024-06-29 08:00:00.000,0.5032089888084467,-0.2015954441860343
2024-06-29 16:00:00.000,0.504084069775228,-0.1916680481400424
2024-06-30 00:00:00.000,0.5025574314935843,-0.19477695234642312
2024-06-30 08:00:00.000,0.5020510360831802,-0.1923883918692733
2024-06-30 16:00:00.000,0.5012818173038169,-0.1914805860503547
2024-07-01 00:00:00.000,0.5012493298928464,-0.1865110380721394
2024-07-01 08:00:00.000,0.4985632908851441,-0.19614555049700558
2024-07-01 16:00:00.001,0.496423454582556,-0.20275203882154358
2024-07-02 00:00:00.000,0.49301748473837287,-0.21638318913854312
2024-07-02 08:00:00.000,0.4872011344185867,-0.24348056067051352
2024-07-02 16:00:00.000,0.48530723431476164,-0.248713009945575
2024-07-03 00:00:00.000,0.48491690318466346,-0.24548536022044062
2024-07-03 08:00:00.001,0.47032119069302947,-0.32262999204776543
2024-07-03 16:00:00.000,0.46829328780337637,-0.3289929760410755
2024-07-04 00:00:00.000,0.4666630329661497,-0.3330782723111628
2024-07-04 08:00:00.000,0.4665134823337948,-0.3286779175482433
2024-07-04 16:00:00.000,0.4678001357261265,-0.3160177168740582
2024-07-05 00:00:00.000,0.45478247742886957,-0.3853254003370988
2024-07-05 08:00:00.000,0.4748476457961382,-0.2643639373351872
2024-07-05 16:00:00.000,0.4897290101787715,-0.17286735375191123
2024-07-06 00:00:00.000,0.48181173865717203,-0.21332029917256815
2024-07-06 08:00:00.000,0.4653405845590705,-0.3037800598481381
2024-07-06 16:00:00.000,0.4558579665677867,-0.3537099554766638
2024-07-07 00:00:00.001,0.44789609255000146,-0.3948982275431978
2024-07-07 08:00:00.000,0.4416517684921842,-0.42612428249191636
2024-07-07 16:00:00.000,0.4176829326241701,-0.5626786734308784
2024-07-08 00:00:00.000,0.4154908042587772,-0.5700573349885788
2024-07-08 08:00:00.000,0.41569386730341046,-0.5631531271244258
2024-07-08 16:00:00.000,0.42118888615040717,-0.5243877809392083
2024-07-09 00:00:00.000,0.41951410188303173,-0.5288139767348706
2024-07-09 08:00:00.001,0.4368314783381491,-0.4177258222710488
2024-07-09 16:00:00.000,0.4366892280617637,-0.4127936143767142
2024-07-10 00:00:00.000,0.43231154166263047,-0.43395032406904244
2024-07-10 08:00:00.000,0.42483108967578986,-0.47445309414285
2024-07-10 16:00:00.000,0.4209318235008855,-0.49295220369393583
2024-07-11 00:00:00.002,0.4143139549611944,-0.5285667007225997
2024-07-11 08:00:00.002,0.4101950236074485,-0.5487357628600994
2024-07-11 16:00:00.004,0.4014372934054522,-0.5982309036226683
2024-07-12 00:00:00.000,0.39600676621904374,-0.6268695794531619
2024-07-12 08:00:00.000,0.39153398041496107,-0.6495329603148843
2024-07-12 16:00:00.000,0.39141505974054713,-0.6445398441339165
2024-07-13 00:00:00.000,0.38434278019951845,-0.6839869034790421
2024-07-13 08:00:00.000,0.3824947553236919,-0.6900235580472173
2024-07-13 16:00:00.000,0.3800683980562054,-0.6998266041261236
2024-07-14 00:00:00.000,0.37879999047696333,-0.7022164119739706
2024-07-14 08:00:00.000,0.37501834570008535,-0.7209631658848721
2024-07-14 16:00:00.000,0.37167970722661836,-0.7369513868538423
2024-07-15 00:00:00.000,0.37317359448095044,-0.72142104076297
2024-07-15 08:00:00.000,0.3684365564334063,-0.7468823188547901
2024-07-15 16:00:00.000,0.3674115924791795,-0.7480031907309466
2024-07-16 00:00:00.000,0.358156640564782,-0.8039225398449982
2024-07-16 08:00:00.000,0.3575846441154379,-0.8022415796481221
2024-07-16 16:00:00.000,0.3626462586451966,-0.7627840327247639
2024-07-17 00:00:00.000,0.36233930442315876,-0.7595199953804839
2024-07-17 08:00:00.001,0.3607506606742955,-0.7650943842414563
2024-07-17 16:00:00.000,0.3610605277793801,-0.757809365136868
2024-07-18 00:00:00.000,0.3664381026106482,-0.7155030581009134
2024-07-18 08:00:00.000,0.3631363571450361,-0.7334360509460238
2024-07-18 16:00:00.000,0.36431163554851875,-0.7201790635992424
2024-07-19 00:00:00.000,0.36633445162430567,-0.7008922048838713
2024-07-19 08:00:00.000,0.36018635617752837,-0.7399476862367237
2024-07-19 16:00:00.000,0.358986074974217,-0.7439043696377424
2024-07-20 00:00:00.001,0.35735003630664464,-0.7512613716583972
2024-07-20 08:00:00.000,0.3548280521852442,-0.7654172513884384
2024-07-20 16:00:00.000,0.3562129087386732,-0.7509223951230387
2024-07-21 00:00:00.000,0.35713550009168943,-0.7398693965086023
2024-07-21 08:00:00.000,0.3571792887740122,-0.7355107633060178
2024-07-21 16:00:00.000,0.3566678429098471,-0.7355427358088796
2024-07-22 00:00:00.000,0.35706170694654715,-0.7287527140200556
2024-07-22 08:00:00.000,0.35621741823637015,-0.7318099412650697
2024-07-22 16:00:00.000,0.3537639263821422,-0.748039340685184
2024-07-23 00:00:00.000,0.3527699792484829,-0.7531233252723183
2024-07-23 08:00:00.000,0.3550396006362601,-0.7319221843379142
2024-07-23 16:00:00.000,0.358305960962025,-0.7022460562499032
2024-07-24 00:00:00.000,0.35887021081705056,-0.694916638534989
2024-07-24 08:00:00.000,0.35810650853402964,-0.6991441482765098
2024-07-24 16:00:00.000,0.35578247489252396,-0.7175162895381194
2024-07-25 00:00:00.000,0.35118759916386993,-0.7570725208709925
2024-07-25 08:00:00.000,0.355028590721375,-0.7216991156022927
2024-07-25 16:00:00.000,0.3532736718856243,-0.7374897053384507
2024-07-26 00:00:00.000,0.3652153229173975,-0.6244140431731107
2024-07-26 08:00:00.000,0.3648271816230438,-0.6267873783235981
2024-07-26 16:00:00.000,0.3630301796958164,-0.6435376451379743
2024-07-27 00:00:00.000,0.3660267371272916,-0.6126379481877583
2024-07-27 08:00:00.000,0.3653357433960175,-0.6192224924921969
2024-07-27 16:00:00.000,0.36656741214871247,-0.6057485008785557
2024-07-28 00:00:00.000,0.36259616707854825,-0.6494070699284819
2024-07-28 08:00:00.000,0.3645093603700558,-0.62913364473604
2024-07-28 16:00:00.001,0.3595353015869175,-0.6881009123108426
2024-07-29 00:00:00.001,0.35493936041209134,-0.7460013667000275
2024-07-29 08:00:00.000,0.3521893249804605,-0.7834731624081408
2024-07-29 16:00:00.001,0.35102525328895967,-0.8004761315322597
2024-07-30 00:00:00.000,0.34977535671279436,-0.8128721511715876
2024-07-30 08:00:00.001,0.3479727854201815,-0.8306409749528378
2024-07-30 16:00:00.000,0.3456935433160118,-0.8542057440297944
2024-07-31 00:00:00.000,0.34059178130381945,-0.9143297308293249
2024-07-31 08:00:00.000,0.3405821370957985,-0.9083673073908762
2024-07-31 16:00:00.000,0.338279766552232,-0.9322847984732926
2024-08-01 00:00:00.000,0.33533533924952075,-0.9646112299121269
2024-08-01 08:00:00.000,0.33274277031327565,-0.9922531458867337
2024-08-01 16:00:00.000,0.33132558125282807,-1.0043808167591843
2024-08-02 00:00:00.000,0.32961925556594784,-1.0203020153595665
2024-08-02 08:00:00.001,0.3276226898267602,-1.0399408636424619
2024-08-02 16:00:00.000,0.3265567476432457,-1.0471316700972328
2024-08-03 00:00:00.000,0.3252434804116988,-1.0576208630752009
2024-08-03 08:00:00.000,0.3255868085277555,-1.0459335733139568
2024-08-03 16:00:00.001,0.32389452171874566,-1.061512686296995
2024-08-04 00:00:00.000,0.33115773143083593,-0.9568666208027113
2024-08-04 08:00:00.000,0.2929080624768251,-1.4631833553949556
2024-08-04 16:00:00.000,0.28720823467478795,-1.5286226981824809
2024-08-05 00:00:00.000,0.2961032995135149,-1.3982590990378685
2024-08-05 08:00:00.000,0.31962699535652794,-1.0727095715329964
2024-08-05 16:00:00.000,0.33081258569483657,-0.9145874271390069
2024-08-06 00:00:00.000,0.34260330917068116,-0.7484777816244507
2024-08-06 08:00:00.000,0.4186779653490196,0.2926240295827858
2024-08-06 16:00:00.000,0.428232025845322,0.42574149670673095
2024-08-07 00:00:00.000,0.4339268731079161,0.5039518892880768
2024-08-07 08:00:00.001,0.45057964072611334,0.7298940313755091
2024-08-07 16:00:00.000,0.45386000239335905,0.7713839696282444
2024-08-08 00:00:00.001,0.4517832173065359,0.7389559537230411
2024-08-08 08:00:00.000,0.4476466870369242,0.6784997312703707
2024-08-08 16:00:00.000,0.44764397481236634,0.6740873634534867
2024-08-09 00:00:00.000,0.44768710939115747,0.6698670565632968
2024-08-09 08:00:00.000,0.44741809114671227,0.6610332432821182
2024-08-09 16:00:00.000,0.44498492371851756,0.6224936224929121
2024-08-10 00:00:00.000,0.44672375658736463,0.640559314807279
2024-08-10 08:00:00.000,0.44188203604460796,0.5686232517141125
2024-08-10 16:00:00.000,0.4444165212263023,0.5978510764980371
2024-08-11 00:00:00.000,0.4495190128693618,0.662992719032452
2024-08-11 08:00:00.000,0.44691835968224913,0.6213347734716124
2024-08-11 16:00:00.001,0.44891904095878504,0.6441186781062723
2024-08-12 00:00:00.000,0.45259755848092476,0.6907057577451994
2024-08-12 08:00:00.000,0.44841142092325575,0.6256466111216218
2024-08-12 16:00:00.000,0.4454592419962442,0.5778161414315057
2024-08-13 00:00:00.000,0.4388827367162418,0.47696426753643634
2024-08-13 08:00:00.000,0.4390477316595904,0.4735351310161929
2024-08-13 16:00:00.000,0.43806924948886505,0.4532460282674131
2024-08-14 00:00:00.000,0.434737145580644,0.39778651102018353
2024-08-14 08:00:00.000,0.43491397963628703,0.39437898022811835
2024-08-14 16:00:00.000,0.4386415475489023,0.4445434351909732
2024-08-15 00:00:00.000,0.436752219896558,0.40995868276894193
2024-08-15 08:00:00.000,0.4353546769469854,0.382536320998804
2024-08-15 16:00:00.000,0.4322410487138015,0.3284023150709956
2024-08-16 00:00:00.000,0.4434749938175296,0.49654915462319216
2024-08-16 08:00:00.000,0.4395863573900596,0.4299142358634161
2024-08-16 16:00:00.000,0.4396212476095413,0.42446971803692923
2024-08-17 00:00:00.000,0.4380844718630825,0.3940397160083705
2024-08-17 08:00:00.000,0.43286558566048683,0.30429075734999667
2024-08-17 16:00:00.000,0.43196751757208746,0.28335361853544955
2024-08-18 00:00:00.000,0.42998644607981756,0.24454221527415054
2024-08-18 08:00:00.000,0.424920448928719,0.15425878426893794
2024-08-18 16:00:00.000,0.4218649868753193,0.09590301822225943
2024-08-19 00:00:00.000,0.417612356291655,0.01692658976371951
2024-08-19 08:00:00.000,0.4162427230677774,-0.014257115192798793
2024-08-19 16:00:00.002,0.41254917142346986,-0.0850089668462293
2024-08-20 00:00:00.000,0.41010746779415563,-0.13463687276322692
2024-08-20 08:00:00.000,0.40829830006628537,-0.17321868967640733
2024-08-20 16:00:00.001,0.4062109993722487,-0.21656262129706705
2024-08-21 00:00:00.001,0.39756850279659844,-0.37444239332015766
2024-08-21 08:00:00.000,0.3940080511841483,-0.4433099592536705
2024-08-21 16:00:00.001,0.39327292867032265,-0.4622938472306301
2024-08-22 00:00:00.000,0.3865591812427988,-0.5865038312720322
2024-08-22 08:00:00.000,0.3900173849053098,-0.5301358063619428
2024-08-22 16:00:00.008,0.386814434753162,-0.5917262201332479
2024-08-23 00:00:00.000,0.37510429913115356,-0.8040824050971558
2024-08-23 08:00:00.000,0.37454812795667203,-0.8168307677488251
2024-08-23 16:00:00.000,0.37168319781020687,-0.8700748983929599
2024-08-24 00:00:00.000,0.3733221694434675,-0.8429332942959227
2024-08-24 08:00:00.005,0.37406610028322534,-0.8322484908466279
2024-08-24 16:00:00.000,0.37640174805373183,-0.7929412983014958
2024-08-25 00:00:00.000,0.37773113602318953,-0.7712607927283043
2024-08-25 08:00:00.000,0.37624632074274245,-0.7997056372391205
2024-08-25 16:00:00.000,0.37902389266328496,-0.7510379611151365
2024-08-26 00:00:00.000,0.3772116081559449,-0.7851856553070278
2024-08-26 08:00:00.001,0.3759669473677014,-0.8093831425426294
2024-08-26 16:00:00.000,0.3747358048056893,-0.8328571330406549
2024-08-27 00:00:00.001,0.36616092240699927,-0.9870688724553632
2024-08-27 08:00:00.000,0.3599147067714957,-1.0976542416165729
2024-08-27 16:00:00.000,0.3661719652782076,-0.9821545296375942
2024-08-28 00:00:00.000,0.37064819996235665,-0.8994183364038155
2024-08-28 08:00:00.000,0.36341619601568526,-1.0264529602486898
2024-08-28 16:00:00.001,0.36146608985431816,-1.0582920679430248
2024-08-29 00:00:00.000,0.36476915277101546,-0.9997566737825996
2024-08-29 08:00:00.001,0.365476846797278,-0.9871538108354396
2024-08-29 16:00:00.000,0.36425235626161245,-1.0078876421678942
2024-08-30 00:00:00.000,0.3669387332854509,-0.9577317719622842
2024-08-30 08:00:00.000,0.3629744106841824,-1.0252369519222126
2024-08-30 16:00:00.000,0.3628804799483575,-1.022654219743361
2024-08-31 00:00:00.000,0.3669705770118933,-0.945130843262645
2024-08-31 08:00:00.000,0.3703820238793546,-0.8793334425484469
2024-08-31 16:00:00.000,0.3722588600223854,-0.8411278353295812
2024-09-01 00:00:00.000,0.375211629746895,-0.7841708407047066
2024-09-01 08:00:00.001,0.37135716454224477,-0.8471694089765544
2024-09-01 16:00:00.000,0.3701024724082661,-0.8637099229083642
2024-09-02 00:00:00.001,0.3713019199499249,-0.8367200364352121
2024-09-02 08:00:00.001,0.37004909027798505,-0.8531510077332577
2024-09-02 16:00:00.000,0.36963639612368715,-0.8549220900201969
2024-09-03 00:00:00.000,0.3697657643091909,-0.8467380654323954
2024-09-03 08:00:00.001,0.36957761058154015,-0.8439444786253623
2024-09-03 16:00:00.000,0.3674273840918706,-0.8755801062564792
2024-09-04 00:00:00.000,0.36471211022662203,-0.9168928339790775
2024-09-04 08:00:00.000,0.36440109428354683,-0.9155566401093367
2024-09-04 16:00:00.000,0.3648338986292903,-0.9011297478394579
2024-09-05 00:00:00.000,0.36382303349819917,-0.9122577972976965
2024-09-05 08:00:00.000,0.3471366672459305,-1.1997585079214073
2024-09-05 16:00:00.005,0.34368668619857035,-1.252235109573789
2024-09-06 00:00:00.000,0.34256103194714954,-1.2632557815897296
2024-09-06 08:00:00.001,0.33557740829883453,-1.37761512500865
2024-09-06 16:00:00.000,0.3347264357203378,-1.3819869490482315
2024-09-07 00:00:00.000,0.34144824145906677,-1.2530175506736112
2024-09-07 08:00:00.000,0.3431117224101386,-1.2143420993452263
2024-09-07 16:00:00.000,0.3426655059862599,-1.2130858542663654
2024-09-08 00:00:00.000,0.34771586025772394,-1.1149953807941049
2024-09-08 08:00:00.000,0.3528882696760284,-1.015539629561327
2024-09-08 16:00:00.000,0.3548029291121692,-0.9742665997743938
2024-09-09 00:00:00.000,0.3566390961294356,-0.9346461728633082
2024-09-09 08:00:00.000,0.36006578189601424,-0.8672286064004503
2024-09-09 16:00:00.001,0.35836041801946306,-0.8909381884013458
2024-09-10 00:00:00.000,0.3507911284443686,-1.01803274612493
2024-09-10 08:00:00.000,0.3489041451858767,-1.0438080669139358
2024-09-10 16:00:00.000,0.34659243906416015,-1.0768775094614549
2024-09-11 00:00:00.000,0.34639458798312944,-1.0724146314601217
2024-09-11 08:00:00.000,0.34937512473288207,-1.012107728015027
2024-09-11 16:00:00.000,0.3519680695868434,-0.9590831342382901
2024-09-12 00:00:00.000,0.35896473732588574,-0.8292223686145247
2024-09-12 08:00:00.000,0.3530780238676698,-0.9281695457081242
2024-09-12 16:00:00.000,0.3517674805726278,-0.945519334403633
2024-09-13 00:00:00.000,0.35269428867090846,-0.9230298684314813
2024-09-13 08:00:00.001,0.3562659081197825,-0.8544683712551869
2024-09-13 16:00:00.001,0.3555575555292585,-0.861345595754964
2024-09-14 00:00:00.000,0.3542774781850538,-0.8778319926510114
2024-09-14 08:00:00.000,0.353744534440814,-0.8811105167956403
2024-09-14 16:00:00.001,0.3512728026528801,-0.9181500943861229
2024-09-15 00:00:00.000,0.32859230720007476,-1.3055469159902875
2024-09-15 08:00:00.000,0.32988083250313927,-1.2731173276837249
2024-09-15 16:00:00.000,0.3159760127067681,-1.5024969854966141
2024-09-16 00:00:00.000,0.30816015119199214,-1.6231065522716297
2024-09-16 08:00:00.001,0.3104441982264674,-1.569580548263624
2024-09-16 16:00:00.000,0.30731087399681295,-1.609143219769911
2024-09-17 00:00:00.001,0.30623037877852705,-1.613636662185155
2024-09-17 08:00:00.000,0.30947566109722185,-1.5458963002018349
2024-09-17 16:00:00.000,0.3105590606278377,-1.515572958637043
2024-09-18 00:00:00.000,0.31117281997682616,-1.4936145835204995
2024-09-18 08:00:00.000,0.3056138471117563,-1.5778956639954624
2024-09-18 16:00:00.004,0.3097131490212648,-1.4975293411184922
2024-09-19 00:00:00.000,0.3102121906622577,-1.479667512884432
2024-09-19 08:00:00.000,0.311534872509449,-1.4483851118655289
2024-09-19 16:00:00.001,0.3115473993967577,-1.4398233565615564
2024-09-20 00:00:00.000,0.31717818721371926,-1.3350426607491175
2024-09-20 08:00:00.001,0.32295212618993574,-1.228219370147754
2024-09-20 16:00:00.000,0.329256872140585,-1.1126277354556777
2024-09-21 00:00:00.001,0.3330793284088973,-1.0402448870783556
2024-09-21 08:00:00.000,0.33831569347032553,-0.9428226486569568
2024-09-21 16:00:00.000,0.344225890127324,-0.8328963433452546
2024-09-22 00:00:00.000,0.3502491272355902,-0.7200331746064864
2024-09-22 08:00:00.000,0.35366599418372546,-0.6531945829426323
2024-09-22 16:00:00.000,0.35176849114960673,-0.6822695930197576
2024-09-23 00:00:00.000,0.35298153180118447,-0.6548710679877345
2024-09-23 08:00:00.000,0.3569812953200404,-0.5758456690738563
2024-09-23 16:00:00.000,0.3603670688260695,-0.5073730917185075
2024-09-24 00:00:00.000,0.3650269587128975,-0.4141827393473921
2024-09-24 08:00:00.000,0.36882101467608097,-0.336250195489967
2024-09-24 16:00:00.001,0.37074990492677445,-0.2929411905716121
2024-09-25 00:00:00.000,0.37819297304655636,-0.14258126403127153
2024-09-25 08:00:00.003,0.3800283667318289,-0.09918880525133533
2024-09-25 16:00:00.000,0.38266299968631773,-0.0393765924275318
2024-09-26 00:00:00.005,0.39704887448164683,0.2549890849532211
2024-09-26 08:00:00.000,0.4045368616668063,0.4151771303058908
2024-09-26 16:00:00.000,0.4072401916707667,0.48053139288134383
2024-09-27 00:00:00.000,0.40424726824069135,0.4317265669272265
2024-09-27 08:00:00.000,0.4056531732088365,0.4732260111119753
2024-09-27 16:00:00.000,0.4112025425990081,0.602392722429947
2024-09-28 00:00:00.000,0.414925172255118,0.6950798968763218
2024-09-28 08:00:00.001,0.4147033143442669,0.705169458640078
2024-09-28 16:00:00.000,0.41870285064617213,0.8066502704658415
2024-09-29 00:00:00.001,0.42286575429134454,0.9135778891321596
2024-09-29 08:00:00.000,0.4278547028207634,1.0398142393425827
2024-09-29 16:00:00.000,0.4276310863389541,1.0513137080403918
2024-09-30 00:00:00.000,0.42789253923836307,1.073073615169964
2024-09-30 08:00:00.001,0.43493061437042213,1.2469608006017678
2024-09-30 16:00:00.000,0.4351615374562284,1.2663641398653984
2024-10-01 00:00:00.000,0.4371687961038567,1.3267796782766734
2024-10-01 08:00:00.000,0.43689044526047205,1.329764183701234
2024-10-01 16:00:00.001,0.43321781139108995,1.2535036921258558
2024-10-02 00:00:00.000,0.4142534653572507,0.819105322001029
2024-10-02 08:00:00.000,0.41175151122810144,0.7701117060000767
2024-10-02 16:00:00.000,0.41184243786631214,0.7827746276117775
2024-10-03 00:00:00.000,0.41083103351388284,0.7663416931451521
2024-10-03 08:00:00.000,0.4105337969274186,0.7717600838177424
2024-10-03 16:00:00.000,0.4135229488958664,0.8616402145526536
2024-10-04 00:00:00.000,0.41197699500433965,0.839092039307518
2024-10-04 08:00:00.000,0.40575857112644664,0.6957200957825016
2024-10-04 16:00:00.001,0.3993960122436515,0.5453716404586022
2024-10-05 00:00:00.000,0.39758568265177646,0.5071992948495956
2024-10-05 08:00:00.000,0.39791400295821466,0.5219181567105037
2024-10-05 16:00:00.000,0.39799885220875086,0.5266898142621074
2024-10-06 00:00:00.000,0.4008149629419327,0.6004413962608518
2024-10-06 08:00:00.001,0.399366570694335,0.5657362694781999
2024-10-06 16:00:00.000,0.3971955188191973,0.5135492216604606
2024-10-07 00:00:00.000,0.37157740660188754,-0.13728135122449128
2024-10-07 08:00:00.000,0.3690149164989602,-0.1973665560689579
2024-10-07 16:00:00.001,0.3692571928929437,-0.18551854493455325
2024-10-08 00:00:00.000,0.3698438821863177,-0.1650061580024355
2024-10-08 08:00:00.000,0.37190613273908923,-0.10671673580071986
2024-10-08 16:00:00.000,0.3758853572115589,0.001200328779417488
2024-10-09 00:00:00.000,0.36944908702119766,-0.16271450577261298
2024-10-09 08:00:00.000,0.36448173346985757,-0.2885420729657286
2024-10-09 16:00:00.000,0.362499728109416,-0.3368710087203981
2024-10-10 00:00:00.000,0.36158416290158757,-0.3576248169443078
2024-10-10 08:00:00.000,0.3612629954473821,-0.3631370133216101
2024-10-10 16:00:00.000,0.36090919119730114,-0.36947951976337956
2024-10-11 00:00:00.000,0.3586523321962074,-0.42603716822865556
2024-10-11 08:00:00.000,0.3571132021731728,-0.46375058248090506
2024-10-11 16:00:00.001,0.35322632576382923,-0.5626451361797615
2024-10-12 00:00:00.000,0.3552491898484772,-0.5071722313896523
2024-10-12 08:00:00.001,0.35962744185479717,-0.3910031844714142
2024-10-12 16:00:00.000,0.36128673880133466,-0.34651576524779415
2024-10-13 00:00:00.000,0.3643411266026529,-0.26574131654257666
2024-10-13 08:00:00.000,0.36789987949117975,-0.17262423116208755
2024-10-13 16:00:00.000,0.3638431149909803,-0.27834223604803165
2024-10-14 00:00:00.000,0.3624142305377184,-0.3161660827439976
2024-10-14 08:00:00.000,0.3655610659359061,-0.2347032686627437
2024-10-14 16:00:00.000,0.3702623790765249,-0.11247627046922795
2024-10-15 00:00:00.000,0.3734491639049507,-0.030181759929881938
2024-10-15 08:00:00.000,0.3780897983552978,0.08959559082780712
2024-10-15 16:00:00.000,0.38396241964502764,0.241117884492459
2024-10-16 00:00:00.000,0.39627281059409597,0.5602032525485989
2024-10-16 08:00:00.001,0.3809611944248986,0.1578740042362648
2024-10-16 16:00:00.000,0.3798147828471182,0.12638662369523201
2024-10-17 00:00:00.000,0.37764468828242587,0.06850280655702301
2024-10-17 08:00:00.000,0.3727953009537212,-0.059660062210231575
2024-10-17 16:00:00.001,0.36706316235472114,-0.21056544092829432
2024-10-18 00:00:00.010,0.35463837309693946,-0.5355989305069322
2024-10-18 08:00:00.001,0.3404356517822484,-0.9051694700168176
2024-10-18 16:00:00.000,0.31490745006990917,-1.5624585535916116
2024-10-19 00:00:00.000,0.32189750490179003,-1.3726697360562574
2024-10-19 08:00:00.000,0.3300444960701149,-1.1560546892603587
2024-10-19 16:00:00.000,0.3366043466107521,-0.9827644273966344
2024-10-20 00:00:00.000,0.33559648505402523,-1.0052734240438614
2024-10-20 08:00:00.000,0.33766813519748073,-0.948768955615019
2024-10-20 16:00:00.000,0.33808216010544423,-0.9355521165762816
2024-10-21 00:00:00.000,0.34120422723505933,-0.8533031933867898
2024-10-21 08:00:00.000,0.3426771754495491,-0.8135541098832134
2024-10-21 16:00:00.000,0.34445266350039405,-0.7659401898963331
2024-10-22 00:00:00.000,0.34558114063205525,-0.7351255830874599
2024-10-22 08:00:00.000,0.3479454390793257,-0.6730446896863221
2024-10-22 16:00:00.000,0.3558722229086004,-0.4694561388567285
2024-10-23 00:00:00.000,0.3567253242261331,-0.4481939912738331
2024-10-23 08:00:00.000,0.357989322297572,-0.4160543671682929
2024-10-23 16:00:00.000,0.3556350642572674,-0.47682721854362015
2024-10-24 00:00:00.000,0.3574356711541893,-0.4297087143365087
2024-10-24 08:00:00.000,0.362373686884544,-0.3025883794189833
2024-10-24 16:00:00.000,0.3647407404505849,-0.24195102368820365
2024-10-25 00:00:00.000,0.3652599228423091,-0.22853582150286267
2024-10-25 08:00:00.000,0.36604676365195427,-0.2083917549180086
2024-10-25 16:00:00.000,0.3696255808896777,-0.11674298580457652
2024-10-26 00:00:00.000,0.36951774987491126,-0.12018868114566057
2024-10-26 08:00:00.001,0.3638723244100791,-0.26518981730433716
2024-10-26 16:00:00.000,0.3600912026116082,-0.3624087285498892
2024-10-27 00:00:00.000,0.3455026979135828,-0.735972784463665
2024-10-27 08:00:00.000,0.3411966329759992,-0.8448909220758007
2024-10-27 16:00:00.000,0.3386577836752489,-0.9080660496836922
2024-10-28 00:00:00.000,0.33102894627920143,-1.1001977813806805
2024-10-28 08:00:00.001,0.33065307078939304,-1.1065610887372188
2024-10-28 16:00:00.000,0.3303735295215162,-1.1107744482112916
2024-10-29 00:00:00.000,0.335732232040668,-0.9731008186319604
2024-10-29 08:00:00.000,0.3385221345318515,-0.9015569589406297
2024-10-29 16:00:00.004,0.3402364287359343,-0.8581432568952647
2024-10-30 00:00:00.000,0.34482667048725707,-0.7424806324717809
2024-10-30 08:00:00.000,0.34656808573930353,-0.7001200150821453
2024-10-30 16:00:00.013,0.3476786055803947,-0.6741994268243837
2024-10-31 00:00:00.000,0.3506657517299669,-0.6007611191869546
2024-10-31 08:00:00.000,0.35757384134472253,-0.4274191471002468
2024-10-31 16:00:00.000,0.35799022821005855,-0.42074841767455123
2024-11-01 00:00:00.000,0.3564847051411923,-0.46372896299366906
2024-11-01 08:00:00.000,0.3593979871003908,-0.3927482684182721
2024-11-01 16:00:00.000,0.3632685368716796,-0.2971586283551185
2024-11-02 00:00:00.000,0.35629728610928996,-0.48168202007242045
2024-11-02 08:00:00.000,0.3428838501284776,-0.841821770042475
2024-11-02 16:00:00.000,0.3282319370612473,-1.238859579430877
2024-11-03 00:00:00.000,0.3086740770451556,-1.7608718248215394
2024-11-03 08:00:00.000,0.277262471701727,-2.566764740802491
2024-11-03 16:00:00.000,0.2648939924689691,-2.8482624772463057
2024-11-04 00:00:00.000,0.2611504495788433,-2.894942575651758
2024-11-04 08:00:00.000,0.2589320862521125,-2.8970497561054986
2024-11-04 16:00:00.000,0.2578127027033651,-2.8742384150724942
2024-11-05 00:00:00.000,0.2592023962172004,-2.7940200160750557
2024-11-05 08:00:00.003,0.2577106843312295,-2.7912645161840324
2024-11-05 16:00:00.001,0.25074359676965396,-2.917997653418719
2024-11-06 00:00:00.000,0.25568084034467464,-2.76065573086654
2024-11-06 08:00:00.000,0.2590381187202002,-2.645171017841031
2024-11-06 16:00:00.000,0.2597555705761288,-2.595220117550602
2024-11-07 00:00:00.000,0.2641653565214801,-2.462278676045711
2024-11-07 08:00:00.000,0.2708095788913666,-2.2823378812906827
2024-11-07 16:00:00.000,0.272831705482226,-2.21303702566358
2024-11-08 00:00:00.000,0.2797138926815329,-2.0344024056825303
2024-11-08 08:00:00.000,0.2841716535954821,-1.9141970603320828
2024-11-08 16:00:00.000,0.2955635516459523,-1.636485138375925
2024-11-09 00:00:00.000,0.2970987111535281,-1.5913343402781501
2024-11-09 08:00:00.000,0.2992446346019344,-1.5319938411977179
2024-11-09 16:00:00.000,0.2979804014088301,-1.5532677981174603
2024-11-10 00:00:00.000,0.29948342052800303,-1.510410285506068
2024-11-10 08:00:00.000,0.35966901568224874,-0.07325366095945454
2024-11-10 16:00:00.000,0.4570577717123957,2.2525281871798413
2024-11-11 00:00:00.001,0.4823329288649811,2.8271503741081645
2024-11-11 08:00:00.000,0.4983757121464244,3.1607744086660357
2024-11-11 16:00:00.000,0.5002066139062593,3.1562962144765074
2024-11-12 00:00:00.002,0.562388700023781,4.431306192280623
2024-11-12 08:00:00.000,0.6623015280437767,6.180140655853182
2024-11-12 16:00:00.000,0.7059978745290585,6.512451559242552
2024-11-13 00:00:00.000,0.7015768152908836,5.985958476429996
2024-11-13 08:00:00.010,0.6962931585202005,5.54289956252753
2024-11-13 16:00:00.000,0.6942711722800691,5.21757865280324
2024-11-14 00:00:00.001,0.6921176234084336,4.940619237562969
2024-11-14 08:00:00.000,0.6898222534937715,4.695827333730101
2024-11-14 16:00:00.000,0.688703665380373,4.495159454866085
2024-11-15 00:00:00.000,0.6888290753608581,4.331229336026408
2024-11-15 08:00:00.000,0.6887028267860689,4.17889183719954
2024-11-15 16:00:00.000,0.6883627380634304,4.037790996561089
2024-11-16 00:00:00.001,0.6874378723351008,3.9017317567327496
2024-11-16 08:00:00.001,0.6859320527540063,3.7695464680810655
2024-11-16 16:00:00.000,0.684175837390003,3.6446901683727257
2024-11-17 00:00:00.000,0.6838408045734724,3.5444610579139817
2024-11-17 08:00:00.000,0.6827663259069748,3.4430756952935533
2024-11-17 16:00:00.001,0.6800707462471037,3.331025069089411
2024-11-18 00:00:00.000,0.6786030988497297,3.2390518526320635
2024-11-18 08:00:00.000,0.6693785343925908,3.0730092208689133
2024-11-18 16:00:00.000,0.6677491813102754,2.9942315319702026
2024-11-19 00:00:00.000,0.6613259483820781,2.87133714869569
2024-11-19 08:00:00.000,0.6558240734442006,2.7641341604520067
2024-11-19 16:00:00.000,0.6547081000478103,2.705195818214328
2024-11-20 00:00:00.003,0.6540895900104822,2.653443201285279
2024-11-20 08:00:00.000,0.6525969941344064,2.5957107260014296
2024-11-20 16:00:00.000,0.6526441198249839,2.5548285923580973
2024-11-21 00:00:00.001,0.652339838291531,2.5119189949690512
2024-11-21 08:00:00.000,0.6522721937394873,2.4728251696480266
2024-11-21 16:00:00.001,0.6509471425181073,2.4236487997401035
2024-11-22 00:00:00.000,0.6477382837327375,2.359355717833518
2024-11-22 08:00:00.000,0.6457828586924054,2.308754156427169
2024-11-22 16:00:00.001,0.6434619178365003,2.2567633266856113
2024-11-23 00:00:00.000,0.6397021459785143,2.193939056871097
2024-11-23 08:00:00.000,0.6426470206146423,2.191779959672381
2024-11-23 16:00:00.000,0.6492602326973145,2.2212114120988833
2024-11-24 00:00:00.001,0.6434538277543884,2.142727289746545
2024-11-24 08:00:00.000,0.6442461676075273,2.1230437275852956
2024-11-24 16:00:00.000,0.6449859261323986,2.1033842503865583
2024-11-25 00:00:00.000,0.6414026082792642,2.047854367967213
2024-11-25 08:00:00.000,0.6387637994894295,2.0018090814216034
2024-11-25 16:00:00.000,0.6391331518887929,1.9820372896594414
2024-11-26 00:00:00.000,0.6371717360305725,1.9436305381632295
2024-11-26 08:00:00.000,0.633355890061426,1.8910124604145537
2024-11-26 16:00:00.000,0.6293757441982115,1.8384347457915282
2024-11-27 00:00:00.000,0.6273688981168217,1.8031827483700922
2024-11-27 08:00:00.000,0.6259077005537101,1.7731630215251042
2024-11-27 16:00:00.001,0.6245002404791571,1.7442391382733904
2024-11-28 00:00:00.000,0.6219738125997653,1.7070680576813109
2024-11-28 08:00:00.000,0.6202326378350416,1.676895480543482
2024-11-28 16:00:00.000,0.6193647702842517,1.6542437139917674
2024-11-29 00:00:00.000,0.6166424015089254,1.6175058914016072
2024-11-29 08:00:00.000,0.6150972563412506,1.5907657693739905
2024-11-29 16:00:00.000,0.6108990312933523,1.5438751811259432
2024-11-30 00:00:00.000,0.6070989924226948,1.5010181553772577
2024-11-30 08:00:00.000,0.6038384334718877,1.4630649831725528
2024-11-30 16:00:00.000,0.6006939020055548,1.4266485170702932
2024-12-01 00:00:00.000,0.5992328647936684,1.4038092846679033
2024-12-01 08:00:00.000,0.5962948689395173,1.3699763430384249
2024-12-01 16:00:00.000,0.5861066047231593,1.2811616633569691
2024-12-02 00:00:00.001,0.6049823106376768,1.4154949395028613
2024-12-02 08:00:00.001,0.6059660187100598,1.4114736493441606
2024-12-02 16:00:00.000,0.6038494400690575,1.3839774492670656
2024-12-03 00:00:00.000,0.6023538144785975,1.3615641100735978
2024-12-03 08:00:00.000,0.6132777234304976,1.4329357448898195
2024-12-03 16:00:00.000,0.6068065766122013,1.3725871713310158
2024-12-04 00:00:00.000,0.5978048964241969,1.294236993681641
2024-12-04 08:00:00.000,0.5929241099694984,1.2476530498933138
2024-12-04 16:00:00.000,0.5922753536020394,1.2332223322949278
2024-12-05 00:00:00.001,0.5976802279783707,1.264005223503914
2024-12-05 08:00:00.000,0.6338650017015633,1.52232068075137
2024-12-05 16:00:00.000,0.6554240393598414,1.6677165843419834
2024-12-06 00:00:00.000,0.6450893062490691,1.5762716921515472
2024-12-06 08:00:00.000,0.6443302391935575,1.5565612523942038
2024-12-06 16:00:00.000,0.6410665877165569,1.5189552156754527
2024-12-07 00:00:00.000,0.6486899933926816,1.5610128986724912
2024-12-07 08:00:00.000,0.6464312352041754,1.5307735816157415
2024-12-07 16:00:00.000,0.6423162432632029,1.487700516961589
2024-12-08 00:00:00.000,0.6367091691722404,1.4346571466918219
2024-12-08 08:00:00.000,0.6328152211098406,1.3947841798949236
2024-12-08 16:00:00.000,0.626432117701919,1.3377222381498026
2024-12-09 00:00:00.000,0.6197014095057336,1.2789776351554192
2024-12-09 08:00:00.000,0.6146518393962832,1.232998881472489
2024-12-09 16:00:00.001,0.6136816513092198,1.2166266189112227
2024-12-10 00:00:00.007,0.613751715485867,1.207834400651455
2024-12-10 08:00:00.000,0.6196230843417342,1.2402850060283361
2024-12-10 16:00:00.000,0.6247753025361321,1.2671955447936247
2024-12-11 00:00:00.000,0.6309751961757002,1.3011181588154166
2024-12-11 08:00:00.000,0.6344309917431284,1.315183461693294
2024-12-11 16:00:00.001,0.6374596134987008,1.3260120457702518
2024-12-12 00:00:00.001,0.6433073495726849,1.356382724497652
2024-12-12 08:00:00.000,0.6358337536604021,1.2932497172754869
2024-12-12 16:00:00.001,0.630168536645454,1.243585760288639
2024-12-13 00:00:00.000,0.6347836725361241,1.2661239443032577
2024-12-13 08:00:00.000,0.6397369580042506,1.2906720392472864
2024-12-13 16:00:00.001,0.6420876877333971,1.2968156600974254
2024-12-14 00:00:00.000,0.6441786813263384,1.3010982678214065
2024-12-14 08:00:00.000,0.6461650149478678,1.3045827293926675
2024-12-14 16:00:00.000,0.6473057522712968,1.3022697253190054
2024-12-15 00:00:00.000,0.6484197306829536,1.2998685466754998
2024-12-15 08:00:00.000,0.6489725739152112,1.2936131941468305
2024-12-15 16:00:00.000,0.6495034903548922,1.287313564681934
2024-12-16 00:00:00.000,0.6508409685626508,1.2866416614388214
2024-12-16 08:00:00.001,0.6516447075351375,1.2822837793874033
2024-12-16 16:00:00.000,0.654681038012869,1.2932756626630437
2024-12-17 00:00:00.000,0.6557366911813669,1.2905678399594602
2024-12-17 08:00:00.000,0.6573224167302478,1.2915867677836539
2024-12-17 16:00:00.000,0.6605222165306494,1.3035899083947042
2024-12-18 00:00:00.000,0.6625651100874791,1.3075473933130815
2024-12-18 08:00:00.000,0.672563736758858,1.3657252342033472
2024-12-18 16:00:00.000,0.676496363581501,1.3818319859484078
2024-12-19 00:00:00.000,0.6860683990968472,1.4359792670001046
2024-12-19 08:00:00.000,0.6942928052133064,1.4800867780534406
2024-12-19 16:00:00.000,0.6963136213504002,1.4814326339232087
2024-12-20 00:00:00.000,0.6985519299321773,1.4841613722660676
2024-12-20 08:00:00.001,0.7003654604296503,1.4839060971729316
2024-12-20 16:00:00.014,0.7013748910075732,1.4781710906381436
2024-12-21 00:00:00.000,0.7015902050473304,1.4671322186706353
2024-12-21 08:00:00.000,0.7020525162910887,1.457876306289401
2024-12-21 16:00:00.001,0.703416340133497,1.4547774554041442
2024-12-22 00:00:00.000,0.7101714274894907,1.4875557121919578
2024-12-22 08:00:00.000,0.7155208074518798,1.510387288223993
2024-12-22 16:00:00.000,0.7188309991722386,1.5192770150093853
2024-12-23 00:00:00.000,0.7226655095360314,1.5313921463408797
2024-12-23 08:00:00.000,0.7266700937756706,1.5443371768999943
2024-12-23 16:00:00.001,0.7309094124504956,1.5585224096335129
2024-12-24 00:00:00.000,0.732508543105252,1.5551295792505817
2024-12-24 08:00:00.000,0.7321167294774725,1.5388091072239496
2024-12-24 16:00:00.001,0.7351165742498817,1.5447220842790759
2024-12-25 00:00:00.001,0.7374679582915369,1.546248250678027
2024-12-25 08:00:00.000,0.7403574356384988,1.551151456241777
2024-12-25 16:00:00.000,0.7429178357325015,1.5537971583420183
2024-12-26 00:00:00.000,0.745731430621251,1.5579521446220042
2024-12-26 08:00:00.000,0.7485288723757504,1.5618681168994317
2024-12-26 16:00:00.000,0.7498514464188152,1.5563135264992767
2024-12-27 00:00:00.000,0.7536385349790832,1.566367760177616
2024-12-27 08:00:00.000,0.7560027057849802,1.567219487139814
2024-12-27 16:00:00.000,0.7567056171622341,1.5576075721115845
2024-12-28 00:00:00.001,0.7594181808680429,1.5606732627854356
2024-12-28 08:00:00.000,0.760672048299574,1.5545773641496248
2024-12-28 16:00:00.000,0.7615160042574205,1.5460120921939287
2024-12-29 00:00:00.000,0.7659777210520522,1.5598516344808406
2024-12-29 08:00:00.000,0.767443519865038,1.5549953877842644
2024-12-29 16:00:00.000,0.770762504555165,1.5615031667721708
2024-12-30 00:00:00.000,0.7729766635387793,1.5611018478263579
2024-12-30 08:00:00.001,0.7752006848387346,1.5607066263299427
2024-12-30 16:00:00.000,0.7745366202437557,1.542812456625545
2024-12-31 00:00:00.000,0.7775232473968547,1.5471536981973162
2024-12-31 08:00:00.000,0.7793882807494844,1.5446410663483712
2024-12-31 16:00:00.000,0.7833033420666109,1.554371388066678
2025-01-01 00:00:00.015,0.7778246303087055,1.507958804090489
2025-01-01 08:00:00.000,0.7800998962674618,1.5083870320047061
2025-01-01 16:00:00.001,0.7837577750223569,1.516937013606446
2025-01-02 00:00:00.000,0.7853546889739058,1.5131381747713892
2025-01-02 08:00:00.006,0.7803077792102348,1.4703390259950506
2025-01-02 16:00:00.000,0.7811971876775583,1.463075574563194
2025-01-03 00:00:00.000,0.7844955142942344,1.4699973532343977
2025-01-03 08:00:00.000,0.785635512246706,1.464185521279865
2025-01-03 16:00:00.000,0.7829779570973455,1.43635780356157
2025-01-04 00:00:00.000,0.7753028981476298,1.3798175947837654
2025-01-04 08:00:00.000,0.7511066477949022,1.2282408489033823
2025-01-04 16:00:00.000,0.7038553122013139,0.9443387912975901
2025-01-05 00:00:00.000,0.7075663960222315,0.9589441689249438
2025-01-05 08:00:00.000,0.6831812097409716,0.8098293820143904
2025-01-05 16:00:00.000,0.6877888534373909,0.8305115368999997
2025-01-06 00:00:00.000,0.6184679318097176,0.41901275146674266
2025-01-06 08:00:00.001,0.5831578424275878,0.20724971903212008
2025-01-06 16:00:00.000,0.5409999165536609,-0.044720598188986785
2025-01-07 00:00:00.000,0.4847809693817709,-0.3796599127329647
2025-01-07 08:00:00.000,0.47935740169713237,-0.4150250651798489
2025-01-07 16:00:00.008,0.4517259044486417,-0.5815993673132384
2025-01-08 00:00:00.001,0.32420887218424743,-1.3359235643992415
2025-01-08 08:00:00.000,0.2727310957424782,-1.6346773752387382
2025-01-08 16:00:00.000,0.26905360394414995,-1.6498010540712866
2025-01-09 00:00:00.000,0.3179315158130758,-1.3593106070269982
2025-01-09 08:00:00.000,0.3064933696994637,-1.423538333677436
2025-01-09 16:00:00.000,0.30539120097832695,-1.4270550696911288
2025-01-10 00:00:00.000,0.30650953294740435,-1.417504686074198
2025-01-10 08:00:00.000,0.30993848134941915,-1.3944315219856422
2025-01-10 16:00:00.000,0.3117789116821658,-1.3807398539937765
2025-01-11 00:00:00.000,0.3084303650824431,-1.3970129615863645
2025-01-11 08:00:00.000,0.3059106859394278,-1.4080562344932617
2025-01-11 16:00:00.000,0.30308075895700803,-1.4209102565308986
2025-01-12 00:00:00.000,0.3021577261058861,-1.4226663458233082
2025-01-12 08:00:00.000,0.30020096517252715,-1.4301209839785165
2025-01-12 16:00:00.000,0.2989874240544728,-1.4329231906149833
2025-01-13 00:00:00.000,0.2899930798562115,-1.4799054107883878
2025-01-13 08:00:00.000,0.30918862083394727,-1.3651905834097082
2025-01-13 16:00:00.000,0.3274659372656184,-1.2569214754984754
2025-01-14 00:00:00.000,0.33882700905476404,-1.1887720072497732
2025-01-14 08:00:00.000,0.3327828855883597,-1.2211452925916493
2025-01-14 16:00:00.000,0.33143725814312075,-1.2264669889317084
2025-01-15 00:00:00.000,0.3292513771242897,-1.2365794205897964
2025-01-15 08:00:00.000,0.3264552235622371,-1.2502425161079844
2025-01-15 16:00:00.000,0.3248203934099001,-1.2574212085096361
2025-01-16 00:00:00.000,0.32229384877736666,-1.2701582309315362
2025-01-16 08:00:00.000,0.32146037451397946,-1.273893488212399
2025-01-16 16:00:00.000,0.3186879554201621,-1.2899457314006273
2025-01-17 00:00:00.004,0.31860334885854985,-1.2902437688965183
2025-01-17 08:00:00.000,0.32009384336978597,-1.281179354199465
2025-01-17 16:00:00.008,0.3188712000057922,-1.2871874228013767
2025-01-18 00:00:00.000,0.32154049230064086,-1.2711857732468177
2025-01-18 08:00:00.007,0.3221918761312454,-1.266633128100748
2025-01-18 16:00:00.000,0.32521784786902797,-1.2486880480166174
2025-01-19 00:00:00.000,0.32840184741261497,-1.229863508387113
2025-01-19 08:00:00.000,0.32812409268871284,-1.2306880612706288
2025-01-19 16:00:00.000,0.3317314204626647,-1.2094816445860614
2025-01-20 00:00:00.000,0.3380916500810262,-1.172878686430565
2025-01-20 08:00:00.009,0.34252535881696367,-1.1473635317198294
2025-01-20 16:00:00.000,0.3429415360391776,-1.1443737639642342
2025-01-21 00:00:00.000,0.34620383316828696,-1.125305332671055
2025-01-21 08:00:00.000,0.3385413032250705,-1.1679720815881542
2025-01-21 16:00:00.000,0.3408643667078335,-1.1540440659188431
2025-01-22 00:00:00.000,0.3439141871713821,-1.136058473660955
2025-01-22 08:00:00.000,0.34646220802480526,-1.1208319171166392
2025-01-22 16:00:00.000,0.3481476534551213,-1.110489950811983
2025-01-23 00:00:00.001,0.3505010282890374,-1.096449360544637
2025-01-23 08:00:00.000,0.35828877838057677,-1.0518809843462864
2025-01-23 16:00:00.000,0.36226357533152515,-1.0289953037754436
2025-01-24 00:00:00.000,0.36391723073037835,-1.0193683308223627
2025-01-24 08:00:00.000,0.3661255042482674,-1.0069286838849834
2025-01-24 16:00:00.000,0.37616800407236717,-0.950577679606248
2025-01-25 00:00:00.000,0.37665405686246833,-0.949119905728383
2025-01-25 08:00:00.000,0.37497271614442135,-0.9601083408666795
2025-01-25 16:00:00.001,0.37565584688462517,-0.9577984953350345
2025-01-26 00:00:00.000,0.3775992494408886,-0.9487288986723065
2025-01-26 08:00:00.000,0.38146227475810884,-0.9288627467344266
2025-01-26 16:00:00.000,0.3832844969454583,-0.9206919596809373
2025-01-27 00:00:00.000,0.3778809006524483,-0.9533598978189863
2025-01-27 08:00:00.000,0.3869119914570433,-0.9037239920693844
2025-01-27 16:00:00.000,0.40938614678206814,-0.7776887626693337
2025-01-28 00:00:00.000,0.40747827760813965,-0.7909762174818867
2025-01-28 08:00:00.000,0.40716357078226506,-0.7950647744521576
2025-01-28 16:00:00.000,0.40354683131111624,-0.8179883621794891
2025-01-29 00:00:00.000,0.40232529131923894,-0.8270061727018466
2025-01-29 08:00:00.000,0.40199540496156577,-0.830609737537472
2025-01-29 16:00:00.000,0.40842495131196066,-0.7954356128325061
2025-01-30 00:00:00.000,0.4086196648861913,-0.796268378180934
2025-01-30 08:00:00.000,0.4119199423303693,-0.7791473175481705
2025-01-30 16:00:00.000,0.41087233401845935,-0.7869676644122338
2025-01-31 00:00:00.000,0.4101671331043229,-0.7930749377071916
2025-01-31 08:00:00.000,0.40179528361886413,-0.84392818972979
2025-01-31 16:00:00.000,0.4019368590570661,-0.846114161555449
2025-02-01 00:00:00.000,0.4001480122594462,-0.8603895439118283
2025-02-01 08:00:00.000,0.399613489980268,-0.8689568918222988
2025-02-01 16:00:00.000,0.393219218341376,-0.912361742182308
2025-02-02 00:00:00.001,0.3898261731971136,-0.9385097114963936
2025-02-02 08:00:00.000,0.3925905225754276,-0.928737543964704
2025-02-02 16:00:00.000,0.3957498014514903,-0.9167610532576748
2025-02-03 00:00:00.000,0.40474935195320094,-0.8702024082619625
2025-02-03 08:00:00.000,0.4830815386288704,-0.41077459425092694
2025-02-03 16:00:00.000,0.501867963856394,-0.30563503374892914
2025-02-04 00:00:00.000,0.5103931660288716,-0.2614891733298194
2025-02-04 08:00:00.001,0.5109210119289839,-0.26549167167970417
2025-02-04 16:00:00.000,0.5291578474610923,-0.16137285502276838
2025-02-05 00:00:00.001,0.5259482676907865,-0.1881126525253725
2025-02-05 08:00:00.001,0.5190850693265127,-0.23747889902003758
2025-02-05 16:00:00.000,0.5180440914609081,-0.25100656747935773
2025-02-06 00:00:00.001,0.5159964747812913,-0.2707380858353722
2025-02-06 08:00:00.001,0.5186319293759254,-0.2610712329414698
2025-02-06 16:00:00.000,0.5179084149677037,-0.27221118906578534
2025-02-07 00:00:00.000,0.5222491464473744,-0.2512589585161427
2025-02-07 08:00:00.000,0.5241530456919145,-0.24569152836059777
2025-02-07 16:00:00.000,0.5278228590154093,-0.22884163391487194
2025-02-08 00:00:00.000,0.5339772249993098,-0.19584215206580022
2025-02-08 08:00:00.000,0.5352013508488325,-0.19274399240583515
2025-02-08 16:00:00.000,0.5364844185336507,-0.18647889385714117
2025-02-09 00:00:00.000,0.5420113602418154,-0.15205878026315395
2025-02-09 08:00:00.000,0.5409894971875234,-0.1597812942504836
2025-02-09 16:00:00.000,0.5337010994688148,-0.20806481042831784
2025-02-10 00:00:00.000,0.5333908513499022,-0.2093680660321912
2025-02-10 08:00:00.000,0.5341440764099102,-0.20151107777351956
2025-02-10 16:00:00.000,0.5338063464352673,-0.19985667356082396
2025-02-11 00:00:00.000,0.5293543672915272,-0.22504669293114044
2025-02-11 08:00:00.000,0.5286201333604919,-0.2260806016081862
2025-02-11 16:00:00.000,0.525243243318082,-0.24437797216152315
2025-02-12 00:00:00.000,0.5313302959632366,-0.2008767754399703
2025-02-12 08:00:00.000,0.5376718137625801,-0.15580400395954835
2025-02-12 16:00:00.001,0.5425963187546223,-0.12007859549858119
2025-02-13 00:00:00.001,0.5450167689754687,-0.10079974934173629
2025-02-13 08:00:00.000,0.5427146455289891,-0.11253965145624348
2025-02-13 16:00:00.001,0.5405283485420714,-0.12350109163006255
2025-02-14 00:00:00.000,0.5405191159736001,-0.12012864669198661
2025-02-14 08:00:00.001,0.5368692860828927,-0.14077690826776332
2025-02-14 16:00:00.000,0.535271753954131,-0.14788314667167424
2025-02-15 00:00:00.000,0.532476748222645,-0.1628886475415038
2025-02-15 08:00:00.000,0.5311167892653545,-0.16839299253614434
2025-02-15 16:00:00.000,0.5327080489291502,-0.15438878210912632
2025-02-16 00:00:00.000,0.5287489172927011,-0.1772317202758507
2025-02-16 08:00:00.000,0.5230257022638105,-0.21193104778281602
2025-02-16 16:00:00.000,0.525789054197493,-0.190202885578769
2025-02-17 00:00:00.000,0.5241246505042215,-0.198088814519509
2025-02-17 08:00:00.000,0.519701032446619,-0.224427259149273
2025-02-17 16:00:00.000,0.5143376263043697,-0.25697472077494027
2025-02-18 00:00:00.000,0.5109120703006251,-0.27652924634241344
2025-02-18 08:00:00.000,0.5046380858089099,-0.3150460695361592
2025-02-18 16:00:00.000,0.4971022522931402,-0.3618614081949068
2025-02-19 00:00:00.000,0.49295506131251593,-0.38591302212224543
2025-02-19 08:00:00.000,0.48732650503606756,-0.41977233393258484
2025-02-19 16:00:00.000,0.48014602474847917,-0.4638972281100237
2025-02-20 00:00:00.000,0.47343410018724824,-0.5047711550739094
2025-02-20 08:00:00.000,0.4736414068791743,-0.49926449413767476
2025-02-20 16:00:00.000,0.4706427922695466,-0.5152397631544275
2025-02-21 00:00:00.001,0.46302990104195213,-0.5620447584869122
2025-02-21 08:00:00.000,0.45805480915865554,-0.5909420660469994
2025-02-21 16:00:00.000,0.44902549038432316,-0.6466912559196661
2025-02-22 00:00:00.000,0.439069310564788,-0.7084064196725233
2025-02-22 08:00:00.000,0.4331649810804963,-0.7426745413946396
2025-02-22 16:00:00.000,0.42672011920542885,-0.7803166507999817
2025-02-23 00:00:00.000,0.4223483591941507,-0.8039085470945435
2025-02-23 08:00:00.000,0.4167398302818954,-0.8355989377776665
2025-02-23 16:00:00.000,0.41019038460570634,-0.8733041331577136
2025-02-24 00:00:00.000,0.40740655521672836,-0.8856592631129441
2025-02-24 08:00:00.000,0.4077525970740878,-0.8771280441074019
2025-02-24 16:00:00.000,0.4066725982582188,-0.8781741293157233
2025-02-25 00:00:00.000,0.3988607881226778,-0.9239152591914983
2025-02-25 08:00:00.000,0.39296647914385185,-0.9565374582735214
2025-02-25 16:00:00.000,0.3907748862770175,-0.964338934140419
2025-02-26 00:00:00.000,0.39125086317216384,-0.9544343963900783
2025-02-26 08:00:00.000,0.39023515293157063,-0.9544815629873582
2025-02-26 16:00:00.000,0.39132354494875443,-0.9406331993289441
2025-02-27 00:00:00.001,0.3916751946947456,-0.9317842572745942
2025-02-27 08:00:00.000,0.39190999719592956,-0.9237871395322504
2025-02-27 16:00:00.000,0.392248369654984,-0.9152150279470673
2025-02-28 00:00:00.001,0.3925782164816066,-0.9068076900971834
2025-02-28 08:00:00.000,0.38613607385962295,-0.9429764996163021
2025-02-28 16:00:00.000,0.38244802152664403,-0.9607656729975285
2025-03-01 00:00:00.000,0.3834517115876186,-0.947660940123544
2025-03-01 08:00:00.000,0.3761181529527776,-0.9892235140100293
2025-03-01 16:00:00.001,0.3669734571392351,-1.042286866872331
2025-03-02 00:00:00.000,0.3609093073884839,-1.074438621556976
2025-03-02 08:00:00.000,0.358636520616087,-1.0815524005231139
2025-03-02 16:00:00.000,0.35170795451147585,-1.1187892870460232
2025-03-03 00:00:00.001,0.35283880316527394,-1.1033928208424317
2025-03-03 08:00:00.000,0.351548411330155,-1.103707815008038
2025-03-03 16:00:00.000,0.35033127743944426,-1.103581519993018
2025-03-04 00:00:00.001,0.35249970550244764,-1.0817084812160653
2025-03-04 08:00:00.005,0.36113967285058546,-1.018464373194305
2025-03-04 16:00:00.000,0.3581542012002224,-1.0306027647985934
2025-03-05 00:00:00.000,0.3581903695867534,-1.0231384181416159
2025-03-05 08:00:00.000,0.32592009691805546,-1.2223610583679057
2025-03-05 16:00:00.000,0.31287731629977517,-1.2962817427316935
2025-03-06 00:00:00.000,0.3042452662330919,-1.341056281027608
2025-03-06 08:00:00.001,0.30303523171843294,-1.3380135802661433
2025-03-06 16:00:00.000,0.28702343815356657,-1.428767729224117
2025-03-07 00:00:00.000,0.2870313102584302,-1.4168929879834036
2025-03-07 08:00:00.001,0.2830317251891191,-1.4304275207547739
2025-03-07 16:00:00.000,0.28208112560918647,-1.4245308069212637
2025-03-08 00:00:00.000,0.27919379290001284,-1.4308219320070206
2025-03-08 08:00:00.001,0.2761631748505574,-1.4378625784773533
2025-03-08 16:00:00.001,0.2753264815331723,-1.4310523023510098
2025-03-09 00:00:00.001,0.27335585049608097,-1.4313628532335725
2025-03-09 08:00:00.000,0.27238290188885517,-1.4254420311945537
2025-03-09 16:00:00.000,0.2698493628833508,-1.4292384772206288
2025-03-10 00:00:00.000,0.3010260715526081,-1.224747006385171
2025-03-10 08:00:00.000,0.30762193256784853,-1.1746024012255685
2025-03-10 16:00:00.000,0.31013019017209675,-1.150238009195176
2025-03-11 00:00:00.000,0.3189062619692239,-1.0874560158969997
2025-03-11 08:00:00.000,0.32533675948271706,-1.0397203240943056
2025-03-11 16:00:00.001,0.3250874242622108,-1.0335804396880057
2025-03-12 00:00:00.000,0.3244283630019321,-1.0300087545318128
2025-03-12 08:00:00.000,0.3195226934624985,-1.052633163149763
2025-03-12 16:00:00.001,0.3154799567171309,-1.0697413645612117
2025-03-13 00:00:00.000,0.31717120102110774,-1.0514087541744286
2025-03-13 08:00:00.000,0.3128899948431041,-1.0699597014230686
2025-03-13 16:00:00.000,0.31244169773829605,-1.0647879837930503
2025-03-14 00:00:00.000,0.31288629164484605,-1.0541742814591795
2025-03-14 08:00:00.000,0.31218140142961265,-1.0507143402222479
2025-03-14 16:00:00.000,0.314307847504219,-1.0298858698428293
2025-03-15 00:00:00.000,0.31013587866539427,-1.0479295265091753
2025-03-15 08:00:00.000,0.3047459115559552,-1.0733171660105132
2025-03-15 16:00:00.000,0.30217413165382245,-1.0811919155848433
2025-03-16 00:00:00.000,0.30177370972808804,-1.0756751113629432
2025-03-16 08:00:00.000,0.29963435475874356,-1.0808927552108236
2025-03-16 16:00:00.000,0.2973527661162322,-1.0869639419834136
2025-03-17 00:00:00.000,0.2965525956101627,-1.0838997882573906
2025-03-17 08:00:00.000,0.2948814862223862,-1.0862304151982485
2025-03-17 16:00:00.000,0.2913498720272566,-1.100013322680717
2025-03-18 00:00:00.000,0.29407955884659864,-1.0752114373893997
2025-03-18 08:00:00.000,0.29642828282785355,-1.0530112176277782
2025-03-18 16:00:00.000,0.29513758656840466,-1.0534334074812917
2025-03-19 00:00:00.000,0.2940940457936101,-1.052446694025525
2025-03-19 08:00:00.000,0.2978766050703194,-1.021730740989434
2025-03-19 16:00:00.000,0.2977547876944023,-1.0153961238236793
2025-03-20 00:00:00.000,0.2959417403176351,-1.0196584705356235
2025-03-20 08:00:00.000,0.29574295433960723,-1.0139160683784658
2025-03-20 16:00:00.000,0.2975744648568287,-0.9955641689424263
2025-03-21 00:00:00.000,0.2956365209637375,-1.000909245517457
2025-03-21 08:00:00.000,0.2988540558868172,-0.9739167122501885
2025-03-21 16:00:00.000,0.29762096703902446,-0.9750692893959036
2025-03-22 00:00:00.000,0.2950001625443538,-0.9851371185073847
2025-03-22 08:00:00.004,0.29439531238127736,-0.9825558433207923
2025-03-22 16:00:00.000,0.28992570330021394,-1.0046986425051874
2025-03-23 00:00:00.000,0.28695116456813313,-1.01743463147972
2025-03-23 08:00:00.000,0.2844117636022878,-1.0275466880213786
2025-03-23 16:00:00.000,0.28216293773214896,-1.0359774723631874
2025-03-24 00:00:00.000,0.2840282865973151,-1.0179127020147296
2025-03-24 08:00:00.000,0.2931013621229496,-0.9529674792963224
2025-03-24 16:00:00.000,0.29820591927990386,-0.9139356185127306
2025-03-25 00:00:00.001,0.30404173943661195,-0.8700415641453043
2025-03-25 08:00:00.000,0.30484541022903083,-0.859429152528037
2025-03-25 16:00:00.000,0.3064744533296159,-0.8433865479674162
2025-03-26 00:00:00.000,0.3110459876734469,-0.807588263027955
2025-03-26 08:00:00.000,0.31042720887067266,-0.8068362479365755
2025-03-26 16:00:00.001,0.31174838954203327,-0.7929635952988562
2025-03-27 00:00:00.001,0.31125182698130893,-0.7916752482387243
2025-03-27 08:00:00.001,0.3105826754958019,-0.7917556327114165
2025-03-27 16:00:00.002,0.30797320604287165,-0.8056049624748766
2025-03-28 00:00:00.001,0.30971457018503795,-0.789038489753545
2025-03-28 08:00:00.001,0.3115038513681933,-0.7720971915143402
2025-03-28 16:00:00.000,0.31608274862726493,-0.7349294316870607
2025-03-29 00:00:00.000,0.3187023410964226,-0.7117646005375724
2025-03-29 08:00:00.000,0.31475650365991215,-0.7369819451057107
2025-03-29 16:00:00.000,0.3120844303104991,-0.7534134181758317
2025-03-30 00:00:00.000,0.31600206637266226,-0.720468849224167
2025-03-30 08:00:00.000,0.3281086982499503,-0.6240950666855783
2025-03-30 16:00:00.000,0.328900427852864,-0.6140174462410727
2025-03-31 00:00:00.000,0.3277990865095593,-0.6189940357787386
2025-03-31 08:00:00.000,0.3285527727049817,-0.6094477765446484
2025-03-31 16:00:00.000,0.32969489276774644,-0.5968149664817408
2025-04-01 00:00:00.000,0.32731370524643183,-0.6133402233574878
2025-04-01 08:00:00.001,0.32348594547164605,-0.6430606948147772
2025-04-01 16:00:00.000,0.32392845487381955,-0.6372541695924409
2025-04-02 00:00:00.001,0.3190572959869966,-0.6787533390630636
2025-04-02 08:00:00.000,0.31329950700582443,-0.7300720796404848
2025-04-02 16:00:00.000,0.3130632171825213,-0.7329264364786388
2025-04-03 00:00:00.000,0.3116028032916528,-0.7483209115241658
2025-04-03 08:00:00.000,0.305131276853851,-0.8139570531870963
2025-04-03 16:00:00.000,0.3090259996355744,-0.7798169417777872
2025-04-04 00:00:00.000,0.3114457589737468,-0.7593814410840324
2025-04-04 08:00:00.000,0.3108916844436448,-0.7682863353278987
2025-04-04 16:00:00.000,0.31264645475754244,-0.749894042253921
2025-04-05 00:00:00.000,0.3186538351014672,-0.6846542323036061
2025-04-05 08:00:00.000,0.3217412153547358,-0.648849846807256
2025-04-05 16:00:00.000,0.32160005989220364,-0.6495983172793165
2025-04-06 00:00:00.000,0.3213570331107906,-0.648660592140792
2025-04-06 08:00:00.000,0.31977671001171387,-0.6625703592005852
2025-04-06 16:00:00.002,0.32064404303707245,-0.6467483253013719
2025-04-07 00:00:00.000,0.3219512673173849,-0.6254761946874217
2025-04-07 08:00:00.000,0.32085024181590627,-0.6330457231490891
2025-04-07 16:00:00.000,0.3203517821896459,-0.6337576292581734
2025-04-08 00:00:00.000,0.3216364636516091,-0.6181535125172918
2025-04-08 08:00:00.000,0.3250389048377774,-0.5807890134093094
2025-04-08 16:00:00.000,0.32091398178067754,-0.6341928970007451
2025-04-09 00:00:00.000,0.2969988465075855,-0.9213340541435174
2025-04-09 08:00:00.001,0.29259133374535456,-0.9733518643841914
2025-04-09 16:00:00.000,0.29106369678707134,-0.9905579397418285
2025-04-10 00:00:00.000,0.287820618814888,-1.0280203003764736
2025-04-10 08:00:00.000,0.28464078384393077,-1.0640854344308395
2025-04-10 16:00:00.000,0.2860325011944379,-1.0451228413193456
2025-04-11 00:00:00.001,0.28587683885780113,-1.0450309101044142
2025-04-11 08:00:00.000,0.2847546319787411,-1.0566357418317935
2025-04-11 16:00:00.000,0.2831103823414009,-1.0745587745973344
2025-04-12 00:00:00.000,0.28405703894136075,-1.061591689013695
2025-04-12 08:00:00.001,0.2854322788882809,-1.0438092342810612
2025-04-12 16:00:00.000,0.28222011130242,-1.0807224804819566
2025-04-13 00:00:00.000,0.2834065833000004,-1.0659192089122034
2025-04-13 08:00:00.000,0.2856138823855689,-1.037506520816065
2025-04-13 16:00:00.000,0.2837318738582052,-1.0564180619109549
2025-04-14 00:00:00.000,0.2900597071863822,-0.9773345022103485
2025-04-14 08:00:00.000,0.29163359059673083,-0.9555353070479359
2025-04-14 16:00:00.000,0.2932904747233363,-0.9330338305404079
2025-04-15 00:00:00.000,0.2936619872937102,-0.926012172726232
2025-04-15 08:00:00.000,0.292898387564638,-0.9325842368836287
2025-04-15 16:00:00.001,0.29783414421065235,-0.8721525558249354
2025-04-16 00:00:00.000,0.29872033826074446,-0.8599788865412104
2025-04-16 08:00:00.000,0.2997792183242607,-0.8459171690847739
2025-04-16 16:00:00.000,0.30540720986892533,-0.7784563408018446
2025-04-17 00:00:00.001,0.30512775836273726,-0.7808454889586939
2025-04-17 08:00:00.000,0.30968201687627384,-0.7263512012034286
2025-04-17 16:00:00.001,0.31155436507139117,-0.7037628544669565
2025-04-18 00:00:00.000,0.3141149054954582,-0.6730576589126931
2025-04-18 08:00:00.000,0.3096645425715732,-0.7248021329589701
2025-04-18 16:00:00.000,0.3027859582326752,-0.8044849794782261
2025-04-19 00:00:00.000,0.3016670941636463,-0.815885006027472
2025-04-19 08:00:00.000,0.3070698502503044,-0.7508472229853448
2025-04-19 16:00:00.000,0.30979985813653693,-0.7173237813385702
2025-04-20 00:00:00.000,0.31637924028837494,-0.6386020472240952
2025-04-20 08:00:00.000,0.32161298182021525,-0.5758604370407069
2025-04-20 16:00:00.000,0.3187802226156074,-0.6078306454772237
2025-04-21 00:00:00.000,0.32787327351505297,-0.49996413226185726
2025-04-21 08:00:00.005,0.3325731794553578,-0.44441539360034304
2025-04-21 16:00:00.003,0.33648769382229876,-0.3981912450005968
2025-04-22 00:00:00.008,0.336167281364337,-0.4015710224101901
2025-04-22 08:00:00.000,0.3324768050322131,-0.4442279839320586
2025-04-22 16:00:00.000,0.3306813250455937,-0.46443231701033716
2025-04-23 00:00:00.000,0.3387042608589783,-0.3696374988974968
2025-04-23 08:00:00.002,0.33319992072782734,-0.43304562041542943
2025-04-23 16:00:00.000,0.33809121324870367,-0.37448423169153033
2025-04-24 00:00:00.000,0.34058296557885753,-0.3441539686067012
2025-04-24 08:00:00.001,0.3449026303816874,-0.29250119866921287
2025-04-24 16:00:00.001,0.3440073211593342,-0.3015592126164032
2025-04-25 00:00:00.007,0.34645784254438045,-0.27146923212860985
2025-04-25 08:00:00.002,0.34918042893235673,-0.23839389924700338
2025-04-25 16:00:00.003,0.34871335053040214,-0.24267688099893833
2025-04-26 00:00:00.002,0.35447610258268597,-0.17409167384070642
2025-04-26 08:00:00.000,0.35401790671644734,-0.17826858950972446
2025-04-26 16:00:00.002,0.3549913668127381,-0.16562571224054254
2025-04-27 00:00:00.001,0.35363389856430355,-0.18048204372275306
2025-04-27 08:00:00.000,0.3529219021735649,-0.1873571437896377
2025-04-27 16:00:00.000,0.3473460957044165,-0.2501153668830786
2025-04-28 00:00:00.001,0.3380467603900043,-0.3562206328015526
2025-04-28 08:00:00.003,0.33682286457858446,-0.36757039702066413
2025-04-28 16:00:00.005,0.334303258913124,-0.3941339778602637
2025-04-29 00:00:00.000,0.3278830348838889,-0.4661759095528896
2025-04-29 08:00:00.000,0.32209355206660445,-0.5305034897771639
2025-04-29 16:00:00.010,0.31883134008279773,-0.5647810699258299
2025-04-30 00:00:00.001,0.318502337580295,-0.564640242519322
2025-04-30 08:00:00.000,0.31828234500612035,-0.5631160457712491
2025-04-30 16:00:00.003,0.32546535096525514,-0.47523536310907966
2025-05-01 00:00:00.000,0.3248132484767039,-0.47920923929073794
2025-05-01 08:00:00.000,0.3281081746048204,-0.43736325971190665
2025-05-01 16:00:00.001,0.330768206787458,-0.4030976811457502
2025-05-02 00:00:00.000,0.33550136006995906,-0.3448204749433918
2025-05-02 08:00:00.000,0.33721823634754255,-0.3220134955016216
2025-05-02 16:00:00.003,0.3389785934783571,-0.2990235336930255
2025-05-03 00:00:00.000,0.33467901374408376,-0.34703716435113807
2025-05-03 08:00:00.000,0.3383021727155812,-0.3021960005417826
2025-05-03 16:00:00.000,0.3323368374066345,-0.369408512759782
2025-05-04 00:00:00.001,0.33126519409935307,-0.3788468309413947
2025-05-04 08:00:00.001,0.33320306596023286,-0.3508111238673023
2025-05-04 16:00:00.002,0.3447466805851854,-0.2091061282599855
2025-05-05 00:00:00.000,0.34415357405306296,-0.2100256306352057
2025-05-05 08:00:00.000,0.3414389026116759,-0.23621993187903517
2025-05-05 16:00:00.006,0.3434804757605081,-0.20509769402893474
2025-05-06 00:00:00.002,0.3444973531451594,-0.1861106912108024
2025-05-06 08:00:00.005,0.3470911134663614,-0.14790028695000337
2025-05-06 16:00:00.000,0.3452258491429434,-0.16403705507943353
2025-05-07 00:00:00.002,0.3455456164461283,-0.15339584509143583
2025-05-07 08:00:00.000,0.34876734001951254,-0.10641846590457256
2025-05-07 16:00:00.006,0.35244673324198883,-0.05317937639724254
2025-05-08 00:00:00.000,0.35155495820069627,-0.05691104859109164
2025-05-08 08:00:00.001,0.35352959914000465,-0.02402467764974667
2025-05-08 16:00:00.002,0.36202460382595064,0.09346565082936348
2025-05-09 00:00:00.001,0.36994579792875176,0.20572967490472577
2025-05-09 08:00:00.006,0.3742366236598382,0.27233182441015613
2025-05-09 16:00:00.000,0.38123489232562224,0.3762233259224263
2025-05-10 00:00:00.001,0.3835527337242707,0.41981129373069337
2025-05-10 08:00:00.000,0.3902712377466739,0.5240510335409997
2025-05-10 16:00:00.001,0.3957434017401874,0.6123474406983156
2025-05-11 00:00:00.000,0.4030678657509924,0.7279575120269186
2025-05-11 08:00:00.001,0.4088904527688353,0.8247163116989104
2025-05-11 16:00:00.001,0.4115844425291917,0.8788763194569399
2025-05-12 00:00:00.004,0.41497411071427914,0.943298840388186
2025-05-12 08:00:00.000,0.42080746638532884,1.044100257049849
2025-05-12 16:00:00.000,0.4259505846123963,1.1357037751699957
2025-05-13 00:00:00.000,0.43000891004812575,1.2140906331187755
2025-05-13 08:00:00.008,0.4341685044583256,1.2969669888492021
2025-05-13 16:00:00.001,0.43725923558452023,1.3667086935818065
2025-05-14 00:00:00.007,0.4412019795203448,1.4517835643128238
2025-05-14 08:00:00.000,0.4467137532830363,1.5622074800017247
2025-05-14 16:00:00.002,0.4493257117277428,1.6285275636930099
2025-05-15 00:00:00.000,0.4491533665041296,1.6522070277208332
2025-05-15 08:00:00.003,0.45311115814008207,1.7416301992487526
2025-05-15 16:00:00.000,0.44543101770030624,1.6433612997391964
2025-05-16 00:00:00.001,0.4427905535574105,1.626398374695644
2025-05-16 08:00:00.000,0.44227740797460424,1.6448510094318256
2025-05-16 16:00:00.000,0.4406097143935249,1.6454162498248723
2025-05-17 00:00:00.000,0.44147812317752644,1.688604655964779
2025-05-17 08:00:00.001,0.4402965938377636,1.6951756696748963
2025-05-17 16:00:00.004,0.4405958832771349,1.7297879584862805
2025-05-18 00:00:00.000,0.44288011618527534,1.8002837745577558
2025-05-18 08:00:00.000,0.4442799534659261,1.8543916390612794
2025-05-18 16:00:00.000,0.44546646898256287,1.9033224237953983
2025-05-19 00:00:00.000,0.4464633782500282,1.9481592094906248
2025-05-19 08:00:00.006,0.44692692211277824,1.980870886420132
2025-05-19 16:00:00.010,0.44983522511123325,2.0563361478020146
2025-05-20 00:00:00.000,0.4516370882664515,2.1091055483174554
2025-05-20 08:00:00.002,0.453799966085569,2.1659879171504057
2025-05-20 16:00:00.000,0.4662136488246911,2.4133661200052616
2025-05-21 00:00:00.000,0.4673214356131833,2.4379800411605856
2025-05-21 08:00:00.001,0.4678061067202803,2.450400082269705
2025-05-21 16:00:00.004,0.4683074274513424,2.461347200429163
2025-05-22 00:00:00.001,0.4753323147121823,2.591396822923339
2025-05-22 08:00:00.000,0.48251638382115536,2.717142553714706
2025-05-22 16:00:00.002,0.494150908104211,2.9151630526704597
2025-05-23 00:00:00.006,0.49648556637625363,2.9271459390603582
2025-05-23 08:00:00.000,0.5018563355534147,2.9900444401745303
2025-05-23 16:00:00.007,0.49802827719372605,2.8812191026119476
2025-05-24 00:00:00.010,0.4917390928556859,2.7321436972736532
2025-05-24 08:00:00.000,0.4853427525378361,2.5860268161824096
2025-05-24 16:00:00.003,0.4827746017717482,2.51133135419781
2025-05-25 00:00:00.004,0.47858892238728445,2.4105287083716824
2025-05-25 08:00:00.000,0.4764541338183544,2.3490194002676996
2025-05-25 16:00:00.000,0.47552653672291656,2.3100579550150497
2025-05-26 00:00:00.000,0.47891073861529193,2.3441043231374623
2025-05-26 08:00:00.000,0.479627701323498,2.330176233398966
2025-05-26 16:00:00.002,0.48532215156437275,2.3993106393674437
2025-05-27 00:00:00.003,0.48697338496150344,2.3981835035886014
2025-05-27 08:00:00.001,0.4896973913155268,2.4140872024329876
2025-05-27 16:00:00.005,0.49547937485846527,2.4785755296060383
2025-05-28 00:00:00.002,0.5018846293017554,2.549537883593003
2025-05-28 08:00:00.003,0.5026636999801635,2.5275518040651854
2025-05-28 16:00:00.002,0.5001266006212421,2.4542215000925416
2025-05-29 00:00:00.000,0.4991371976915083,2.4078456075297843
2025-05-29 08:00:00.006,0.5018691401196611,2.419372556397835
2025-05-29 16:00:00.000,0.5025211463078231,2.3977996754937783
2025-05-30 00:00:00.003,0.48599128782594103,2.1170665087900336
2025-05-30 08:00:00.003,0.48385469818834376,2.061913447900599
2025-05-30 16:00:00.000,0.46863262803302586,1.8112276687219662
2025-05-31 00:00:00.000,0.47136691904687156,1.8352024150906947
2025-05-31 08:00:00.000,0.47511107096899446,1.8731648414088076
2025-05-31 16:00:00.000,0.48085292258765255,1.938808792959944
2025-06-01 00:00:00.001,0.48350421054589043,1.9571308474829037
2025-06-01 08:00:00.002,0.4901443342045944,2.032382071290137
2025-06-01 16:00:00.000,0.4939191220071599,2.0636372230362765
2025-06-02 00:00:00.001,0.49944318833600787,2.118555531265822
2025-06-02 08:00:00.000,0.5020526098443331,2.1306237513561705
2025-06-02 16:00:00.000,0.500049869202295,2.0773278636338057
2025-06-03 00:00:00.000,0.49966692991195927,2.048173020282002
2025-06-03 08:00:00.000,0.500187297647426,2.0312330192433916
2025-06-03 16:00:00.001,0.481925996864491,1.7567354021889692
2025-06-04 00:00:00.000,0.47526172820733825,1.6479060434557569
2025-06-04 08:00:00.000,0.4779167234936204,1.6688873988815662
2025-06-04 16:00:00.000,0.47025488911296104,1.5490117043424243
2025-06-05 00:00:00.016,0.4700995271089652,1.533504126343243
2025-06-05 08:00:00.000,0.4769528750304532,1.613571328916606
2025-06-05 16:00:00.000,0.4741240010367573,1.5610594187789908
2025-06-06 00:00:00.002,0.5275655779569085,2.2651522810332763
2025-06-06 08:00:00.000,0.5441200483256187,2.4553074574262572
2025-06-06 16:00:00.006,0.5365598327166582,2.3224698556252235
2025-06-07 00:00:00.000,0.5360686657157274,2.286476456622306
2025-06-07 08:00:00.000,0.5312121249951437,2.1952742720338976
2025-06-07 16:00:00.002,0.5268301121124106,2.113245775516523
2025-06-08 00:00:00.000,0.5181406091753888,1.9765558002374892
2025-06-08 08:00:00.000,0.5123436189728566,1.8804573658505042
2025-06-08 16:00:00.000,0.5076903127958732,1.8013390473812345
2025-06-09 00:00:00.000,0.5022462421915767,1.7139834579924376
2025-06-09 08:00:00.001,0.49129569496160086,1.558904862358881
2025-06-09 16:00:00.001,0.48670969799938063,1.487160887873307
2025-06-10 00:00:00.000,0.4862170761911845,1.4682151086834274
2025-06-10 08:00:00.001,0.48587122291876594,1.4513922955019118
2025-06-10 16:00:00.003,0.4843178979217905,1.4197134363837676
2025-06-11 00:00:00.000,0.4859389266324986,1.4281521859160364
2025-06-11 08:00:00.000,0.4856725954799395,1.4129345174125165
2025-06-11 16:00:00.010,0.48907164337029363,1.4434380242996558
2025-06-12 00:00:00.002,0.48795744868487867,1.4175353442084877
2025-06-12 08:00:00.003,0.4853846032574167,1.3740063828861473
2025-06-12 16:00:00.001,0.4856185422505068,1.3657145257145695
2025-06-13 00:00:00.000,0.4845651079420719,1.341703640890242
2025-06-13 08:00:00.001,0.5081919115705484,1.6205300649098136
2025-06-13 16:00:00.004,0.508749309635935,1.6127035372994447
2025-06-14 00:00:00.000,0.5100848769516361,1.6144585133246083
2025-06-14 08:00:00.000,0.5102209726316338,1.6016758285135324
2025-06-14 16:00:00.000,0.5084759776124252,1.566444215156644
2025-06-15 00:00:00.005,0.5053150738466814,1.51476195938954
2025-06-15 08:00:00.009,0.5031805284270868,1.4763148488652051
2025-06-15 16:00:00.000,0.4988775631608561,1.4124520915975127
2025-06-16 00:00:00.000,0.49950976003843667,1.4087217813493809
2025-06-16 08:00:00.000,0.5024629658967916,1.4328282222595763
2025-06-16 16:00:00.003,0.5044318703177392,1.44482083701635
2025-06-17 00:00:00.000,0.5031656385677243,1.4179911870785373
2025-06-17 08:00:00.006,0.5050750850546993,1.4293557364158913
2025-06-17 16:00:00.001,0.503475382326057,1.3987350422697333
2025-06-18 00:00:00.001,0.5040119213477022,1.3940088801175394
2025-06-18 08:00:00.001,0.504488183418555,1.3886360595749665
2025-06-18 16:00:00.001,0.5056909733659058,1.3919191407086497
2025-06-19 00:00:00.005,0.49968807570008156,1.3097078478587862
2025-06-19 08:00:00.003,0.4939838874404033,1.2319073569890444
2025-06-19 16:00:00.000,0.49076691227872765,1.1844494072483982
2025-06-20 00:00:00.000,0.4892878058376494,1.158117959223201
2025-06-20 08:00:00.002,0.4889089631915093,1.1451057719766395
2025-06-20 16:00:00.001,0.4896980094217366,1.1461754178483077
2025-06-21 00:00:00.002,0.4878460810640455,1.1158964541351095
2025-06-21 08:00:00.005,0.4761389491485087,0.9683749201982662
2025-06-21 16:00:00.000,0.46862692667703143,0.8715841466030527
2025-06-22 00:00:00.005,0.4609802993056083,0.773380065880137
2025-06-22 08:00:00.000,0.4527329027631423,0.6680938436601411
2025-06-22 16:00:00.003,0.4529039979681769,0.6644771257519652
2025-06-23 00:00:00.000,0.45469322175120414,0.6804623798731209
2025-06-23 08:00:00.004,0.45723228282363415,0.7054844074797345
2025-06-23 16:00:00.013,0.4601949001289972,0.7355814065830973
2025-06-24 00:00:00.003,0.46058988634132797,0.7345086338744985
2025-06-24 08:00:00.000,0.45914349981975716,0.7110924317918551
2025-06-24 16:00:00.000,0.4587728608872227,0.7008311459157525
2025-06-25 00:00:00.005,0.4574515505879521,0.6790259033401459
2025-06-25 08:00:00.000,0.4563466821712138,0.6599061866713345
2025-06-25 16:00:00.005,0.4526796819148912,0.6095062723116667
2025-06-26 00:00:00.000,0.4538301956308993,0.6181536203572296
2025-06-26 08:00:00.006,0.45111105067820284,0.5793785970047612
2025-06-26 16:00:00.007,0.4464035968667952,0.5163126114078049
2025-06-27 00:00:00.000,0.4416341082003496,0.45260931581052244
2025-06-27 08:00:00.000,0.44460038165202886,0.4842490462532268
2025-06-27 16:00:00.009,0.446044976816134,0.4970105180855177
2025-06-28 00:00:00.001,0.4485861336374013,0.523407057832917
2025-06-28 08:00:00.002,0.4430524233686127,0.4499377105865424
2025-06-28 16:00:00.000,0.44528976649211593,0.47306392572360473
2025-06-29 00:00:00.004,0.44752537489817124,0.4960922082991108
2025-06-29 08:00:00.001,0.45016584894292955,0.5241246607659183
2025-06-29 16:00:00.001,0.45062673798748787,0.5249626584178931
2025-06-30 00:00:00.000,0.4553679760004154,0.5791348977675415
2025-06-30 08:00:00.005,0.45008003564933635,0.5078286104954701
2025-06-30 16:00:00.002,0.4461435094086459,0.4535292322770522
2025-07-01 00:00:00.007,0.4507600240251701,0.506456095992541
2025-07-01 08:00:00.002,0.44973048665529447,0.4882677712085994
2025-07-01 16:00:00.000,0.4569539991564289,0.574075975099785
2025-07-02 00:00:00.001,0.45665642172684784,0.564863187361576
2025-07-02 08:00:00.000,0.45460086661379495,0.5333065011068884
2025-07-02 16:00:00.003,0.4580354395939831,0.5715102890011864
2025-07-03 00:00:00.006,0.46049366804769876,0.5973246383252555
2025-07-03 08:00:00.003,0.46116822120841955,0.6003760753989525
2025-07-03 16:00:00.003,0.4641692509481558,0.6332127691015189
2025-07-04 00:00:00.005,0.4667058964335771,0.6601325836902032
2025-07-04 08:00:00.003,0.46902145442043014,0.6842067167269692
2025-07-04 16:00:00.001,0.4700891246480138,0.6921926128806684
2025-07-05 00:00:00.004,0.4701814020588471,0.6875995821085769
2025-07-05 08:00:00.009,0.4676322202285844,0.6488911791467482
2025-07-05 16:00:00.006,0.467936606658575,0.6471744278888076
2025-07-06 00:00:00.001,0.4321427102052973,0.17651391106724756
2025-07-06 08:00:00.002,0.41603108624797275,-0.03850114962903978
2025-07-06 16:00:00.004,0.41919572193953636,-0.0018675872117009233
2025-07-07 00:00:00.000,0.42570558048144813,0.07880712618332196
2025-07-07 08:00:00.007,0.43189253429347463,0.15554305552663425
2025-07-07 16:00:00.000,0.4298476545838557,0.12359033352214549
2025-07-08 00:00:00.010,0.43585458386217557,0.1973624900624117
2025-07-08 08:00:00.003,0.43531393364744436,0.1841172934305891
2025-07-08 16:00:00.000,0.4382808819275331,0.21777362296867422
2025-07-09 00:00:00.002,0.44250500840048385,0.2685547917592016
2025-07-09 08:00:00.006,0.44959016416863384,0.3585345135031741
2025-07-09 16:00:00.001,0.45563673712547254,0.43511313825061726
2025-07-10 00:00:00.003,0.4565150291414574,0.44129623758613223
2025-07-10 08:00:00.000,0.4555155430483769,0.421565030660507
2025-07-10 16:00:00.004,0.45928217956046896,0.4680800027851222
2025-07-11 00:00:00.004,0.4595240651896802,0.465616062839263
2025-07-11 08:00:00.007,0.45985311630629333,0.46440059119307947
2025-07-11 16:00:00.001,0.4611341839286879,0.4767562658185463
2025-07-12 00:00:00.000,0.46433963773295356,0.5168883081518044
2025-07-12 08:00:00.001,0.4717210319354182,0.6177845642606605
2025-07-12 16:00:00.002,0.4755222356630777,0.6676684395565913
2025-07-13 00:00:00.006,0.4758361366108278,0.6668684346394942
2025-07-13 08:00:00.001,0.438817846728376,0.11454465478208917
2025-07-13 16:00:00.003,0.44233531438889356,0.15980761822180126
2025-07-14 00:00:00.000,0.4446908057479324,0.18816767904341888
2025-07-14 08:00:00.000,0.45017362564757474,0.2642126472125531
2025-07-14 16:00:00.000,0.4572277433935573,0.3652733800123987
2025-07-15 00:00:00.002,0.46058989506877246,0.41074425958181543
2025-07-15 08:00:00.000,0.4666821285146968,0.49903902739973366
2025-07-15 16:00:00.000,0.4720421894434087,0.5768297490006717
2025-07-16 00:00:00.000,0.4760976334151644,0.634904452854978
2025-07-16 08:00:00.000,0.48079045439543605,0.7035157675518264
2025-07-16 16:00:00.008,0.4847737255868532,0.7613731930576432
2025-07-17 00:00:00.003,0.4906475694388511,0.8497994740012002
2025-07-17 08:00:00.000,0.49551532088784034,0.9228566411514076
2025-07-17 16:00:00.000,0.5049252829189814,1.0703689142176995
2025-07-18 00:00:00.004,0.5058275301225661,1.0805796628658344
2025-07-18 08:00:00.000,0.5130502235425418,1.1940625566566563
2025-07-18 16:00:00.000,0.5163363939930813,1.243016548502617
2025-07-19 00:00:00.009,0.5220148018422593,1.3310719760218193
2025-07-19 08:00:00.000,0.5296098029148795,1.4503122428751514
2025-07-19 16:00:00.002,0.5388115304713612,1.59618547680514
2025-07-20 00:00:00.000,0.5437218765809491,1.668485356028749
2025-07-20 08:00:00.000,0.546948535557439,1.7115004706565526
2025-07-20 16:00:00.000,0.549875264643864,1.7485713056200827
2025-07-21 00:00:00.001,0.5516595618933957,1.7663052671321566
2025-07-21 08:00:00.000,0.5587599958318309,1.87284860233718
2025-07-21 16:00:00.001,0.56320386094241,1.9340052525551064
2025-07-22 00:00:00.000,0.5645837197224634,1.9420231334799007
2025-07-22 08:00:00.010,0.5707634116558586,2.0305012780446487
2025-07-22 16:00:00.007,0.5745808299652978,2.077311067856559
2025-07-23 00:00:00.000,0.5729242611365514,2.032397982095637
2025-07-23 08:00:00.004,0.5676422732899533,1.9279386627475965
2025-07-23 16:00:00.002,0.5657664275885976,1.8819329710797226
2025-07-24 00:00:00.000,0.5652154247844311,1.858363642065209
2025-07-24 08:00:00.001,0.5663390194275333,1.8625765632785325
2025-07-24 16:00:00.000,0.5693867615102431,1.8986351288734737
2025-07-25 00:00:00.000,0.5698245931618215,1.8902587729900628
2025-07-25 08:00:00.000,0.5724046544827782,1.9174374906878004
2025-07-25 16:00:00.000,0.5714027747786086,1.8851535975540257
2025-07-26 00:00:00.001,0.576049309562706,1.9464892729179106
2025-07-26 08:00:00.005,0.5776572027255354,1.9569896510010827
2025-07-26 16:00:00.001,0.58153621651617,2.0054346057301538
2025-07-27 00:00:00.001,0.5788559732988212,1.9474514237866993
2025-07-27 08:00:00.000,0.5751057275240641,1.8732190046749013
2025-07-27 16:00:00.008,0.5745118006788332,1.85259809303783
2025-07-28 00:00:00.005,0.5774454073365098,1.8919819692894744
2025-07-28 08:00:00.000,0.5792276583360201,1.9134635103466562
2025-07-28 16:00:00.000,0.5799048681154503,1.9175131412646746
2025-07-29 00:00:00.001,0.5606381113148009,1.5873160640412038
2025-07-29 08:00:00.000,0.5559215092660167,1.503842716657943
2025-07-29 16:00:00.000,0.5563526446000505,1.507302206715571
2025-07-30 00:00:00.011,0.554382150841406,1.469838101456713
2025-07-30 08:00:00.000,0.5624256316159112,1.605946137620128
2025-07-30 16:00:00.008,0.5543100827880225,1.459638469457091
2025-07-31 00:00:00.000,0.5537659035946133,1.4458953510066206
2025-07-31 08:00:00.009,0.5412771004643875,1.2196912047165207
2025-07-31 16:00:00.000,0.524724919612653,0.9183391210004997
2025-08-01 00:00:00.001,0.5334755205324828,1.0744385372381136
2025-08-01 08:00:00.003,0.5226032397533549,0.8716350155752958
2025-08-01 16:00:00.000,0.5236249924613705,0.8878834588836341
2025-08-02 00:00:00.004,0.5232331798107552,0.8781497681221242
2025-08-02 08:00:00.000,0.5226925685569509,0.8654808362860086
2025-08-02 16:00:00.000,0.522002315814598,0.8488663152019825
2025-08-03 00:00:00.000,0.5236772470637148,0.8784644171939939
2025-08-03 08:00:00.000,0.5256603581268081,0.9151968143813782
2025-08-03 16:00:00.003,0.5190318718357378,0.7802288508418315
2025-08-04 00:00:00.004,0.49617004350096117,0.31240439340721116
2025-08-04 08:00:00.000,0.476072225415262,-0.10974260072241752
2025-08-04 16:00:00.002,0.4627195433528131,-0.4015003713836436
2025-08-05 00:00:00.000,0.4365596280917785,-0.9723834962939863
2025-08-05 08:00:00.000,0.4371983121849115,-0.9789165376537473
2025-08-05 16:00:00.000,0.4368185655706435,-1.0069677033465072
2025-08-06 00:00:00.005,0.44057060908771023,-0.9451186948042749
2025-08-06 08:00:00.000,0.4402028529622902,-0.9739005123020017
2025-08-06 16:00:00.000,0.4475327583421119,-0.8264655319643871
2025-08-07 00:00:00.003,0.44781540441374207,-0.8361075132356733
2025-08-07 08:00:00.002,0.42563249539635883,-1.3643505737601458
2025-08-07 16:00:00.002,0.42427363180336247,-1.4097137224142984
2025-08-08 00:00:00.002,0.4236073556562595,-1.4383778599512351
2025-08-08 08:00:00.004,0.4224168374991931,-1.477014406422234
2025-08-08 16:00:00.000,0.4232398235121131,-1.4662623120026446
2025-08-09 00:00:00.005,0.4229408805314259,-1.4796078378666446
2025-08-09 08:00:00.000,0.422532377020127,-1.4935793900965944
2025-08-09 16:00:00.007,0.425754323767955,-1.420495783336012
2025-08-10 00:00:00.003,0.42262227676009884,-1.4979851731077283
2025-08-10 08:00:00.005,0.4212233582917806,-1.5317272942386946
2025-08-10 16:00:00.002,0.41730220689714836,-1.6232853760182573
2025-08-11 00:00:00.000,0.4163755277004887,-1.6413623629305423
2025-08-11 08:00:00.000,0.4167560225716159,-1.6271130808456977
2025-08-11 16:00:00.000,0.4068634400035734,-1.8534480229255017
2025-08-12 00:00:00.000,0.3986045021169484,-2.0345664420624088
2025-08-12 08:00:00.001,0.39867698172690313,-2.016213460374415
2025-08-12 16:00:00.005,0.39688211204442886,-2.040449718000355
2025-08-13 00:00:00.000,0.4012678565701675,-1.9228018008480994
2025-08-13 08:00:00.002,0.39847246352922827,-1.970549272851639
2025-08-13 16:00:00.006,0.39963020432797725,-1.9292015386410577
2025-08-14 00:00:00.002,0.4020354469824165,-1.8614136119815439
2025-08-14 08:00:00.003,0.40354040481847314,-1.8154898620941442
2025-08-14 16:00:00.000,0.405486446171891,-1.7610937681723144
2025-08-15 00:00:00.000,0.39980859405046604,-1.8769651243342353
2025-08-15 08:00:00.000,0.3962222279658695,-1.9437091968903348
2025-08-15 16:00:00.000,0.3936098252669721,-1.9869656201166963
2025-08-16 00:00:00.004,0.3863364402091261,-2.129422103476041
2025-08-16 08:00:00.000,0.38357559675557296,-2.1692107158137284
2025-08-16 16:00:00.002,0.3763405077394223,-2.30233318440818
2025-08-17 00:00:00.000,0.376047692300258,-2.2830814475068113
2025-08-17 08:00:00.001,0.3682531702496582,-2.42081398827801
2025-08-17 16:00:00.007,0.3634355591945151,-2.489834128346521
2025-08-18 00:00:00.000,0.3564746427714254,-2.598182675882125
2025-08-18 08:00:00.001,0.3673804286769758,-2.34066745937955
2025-08-18 16:00:00.002,0.3833822806106754,-1.988606433613587
2025-08-19 00:00:00.000,0.3827451701676188,-1.980858400977663
2025-08-19 08:00:00.001,0.3750001901662913,-2.114224731993665
2025-08-19 16:00:00.000,0.3715712196243245,-2.157570036656039
2025-08-20 00:00:00.000,0.3678375922753473,-2.2042358724680806
2025-08-20 08:00:00.000,0.3841851279528058,-1.860005858489613
2025-08-20 16:00:00.000,0.37985039427939665,-1.9241582081484778
2025-08-21 00:00:00.006,0.3759033519474307,-1.9786866519289774
2025-08-21 08:00:00.000,0.37463482810492604,-1.9803980355368889
2025-08-21 16:00:00.003,0.3683550957653746,-2.076289045778428
2025-08-22 00:00:00.010,0.3641265096000173,-2.1304257390149632
2025-08-22 08:00:00.007,0.3574076665318541,-2.228446945301078
2025-08-22 16:00:00.001,0.3538324309366495,-2.2649282460043705
2025-08-23 00:00:00.004,0.3561944177284532,-2.1924505822342177
2025-08-23 08:00:00.006,0.36084116297915486,-2.081520553675516
2025-08-23 16:00:00.000,0.36036581867061984,-2.0657730201555604
2025-08-24 00:00:00.001,0.36592669165929675,-1.9431095410157262
2025-08-24 08:00:00.002,0.3707701956385979,-1.8366359839791537
2025-08-24 16:00:00.001,0.373579065211019,-1.768494627237245
2025-08-25 00:00:00.000,0.36999343607377916,-1.813786444047611
2025-08-25 08:00:00.002,0.36846635799141503,-1.8218690171738052
2025-08-25 16:00:00.002,0.37194139826394973,-1.7430854567525789
2025-08-26 00:00:00.000,0.3881121761675554,-1.446971486921748
2025-08-26 08:00:00.000,0.4005945814427935,-1.2193287348671922
2025-08-26 16:00:00.000,0.39685799934916227,-1.274628046628684
2025-08-27 00:00:00.003,0.38633544103502515,-1.44556813651135
2025-08-27 08:00:00.000,0.38101946504745615,-1.5242737887563214
2025-08-27 16:00:00.009,0.37688246795085717,-1.581289653072541
2025-08-28 00:00:00.000,0.38375649317788474,-1.4509492364929488
2025-08-28 08:00:00.005,0.38774075129873686,-1.3718572418187402
2025-08-28 16:00:00.004,0.38909371018537486,-1.3391958319930413
2025-08-29 00:00:00.000,0.3904681627455188,-1.3065088617087341
2025-08-29 08:00:00.000,0.3884273948580721,-1.3313270722575383
2025-08-29 16:00:00.005,0.38946605533543466,-1.3039966037116753
2025-08-30 00:00:00.000,0.38974079330860895,-1.2896743199341845
2025-08-30 08:00:00.002,0.3902531547006017,-1.271360048872936
2025-08-30 16:00:00.003,0.38968921535092604,-1.2710168566796207
2025-08-31 00:00:00.016,0.3853728986365277,-1.332530505713168
2025-08-31 08:00:00.000,0.3843872554009124,-1.3381586756299
2025-08-31 16:00:00.001,0.384323232736197,-1.3285507684823572
2025-09-01 00:00:00.000,0.3838468954953557,-1.3258199974495983
2025-09-01 08:00:00.000,0.3808968042946684,-1.3635084298325888
2025-09-01 16:00:00.001,0.38001878515480303,-1.3672159283230467
2025-09-02 00:00:00.000,0.379833290715352,-1.3598386845125396
2025-09-02 08:00:00.005,0.380063543838063,-1.3457062031949278
2025-09-02 16:00:00.007,0.3806895136615869,-1.3257261746641849
2025-09-03 00:00:00.006,0.3760400948117033,-1.39079150042972
2025-09-03 08:00:00.002,0.3765836671769683,-1.3712549731382095
2025-09-03 16:00:00.002,0.3743708580474509,-1.3960824208629503
2025-09-04 00:00:00.002,0.3751101747882591,-1.3731719100148738
2025-09-04 08:00:00.000,0.3715218009214252,-1.4201079351139285
2025-09-04 16:00:00.000,0.37743458653289697,-1.3149805363919391
2025-09-05 00:00:00.001,0.3806903377702677,-1.2532577271902188
2025-09-05 08:00:00.006,0.3805068710617333,-1.24678449046789
2025-09-05 16:00:00.000,0.3815239079974398,-1.2211649207751625
2025-09-06 00:00:00.000,0.38001753293614543,-1.2358118524861428
2025-09-06 08:00:00.005,0.37926607626262915,-1.2382351994625709
2025-09-06 16:00:00.000,0.37710413779289975,-1.2629550877689022
2025-09-07 00:00:00.000,0.3759871015601659,-1.270802724061419
2025-09-07 08:00:00.000,0.37637601190689296,-1.2548563585105825
2025-09-07 16:00:00.000,0.37647087540677554,-1.2438229761675421
2025-09-08 00:00:00.007,0.37386795573457954,-1.2752926535264695
2025-09-08 08:00:00.000,0.37417709470238625,-1.2606693091644665
2025-09-08 16:00:00.000,0.37385104512307327,-1.256184949304906
2025-09-09 00:00:00.000,0.37565481295359643,-1.2184967524227126
2025-09-09 08:00:00.000,0.3775887884520298,-1.1792681436296122
2025-09-09 16:00:00.000,0.3782575938557994,-1.1601039701434794
2025-09-10 00:00:00.000,0.3752720696806094,-1.1978426861052736
2025-09-10 08:00:00.002,0.3737328697874972,-1.2127339959675367
2025-09-10 16:00:00.000,0.3793063665176699,-1.1175828189609176
2025-09-11 00:00:00.000,0.382540848261919,-1.0596191298238642
2025-09-11 08:00:00.000,0.38336167817246886,-1.039117146027626
2025-09-11 16:00:00.001,0.3833847522236969,-1.0310869326887664
2025-09-12 00:00:00.002,0.38046462848395907,-1.0684792399774543
2025-09-12 08:00:00.001,0.3793960020505824,-1.0770198389597874
2025-09-12 16:00:00.005,0.3734241666457693,-1.1608996405468657
2025-09-13 00:00:00.005,0.37114875491926674,-1.1870903129456518
2025-09-13 08:00:00.002,0.36949504768669206,-1.203433630014504
2025-09-13 16:00:00.000,0.36874316821223807,-1.2057636563717393
2025-09-14 00:00:00.006,0.3680310966528766,-1.2074420170460063
2025-09-14 08:00:00.000,0.37146312011512955,-1.1458125672626989
2025-09-14 16:00:00.001,0.37279600820517345,-1.1168589711673471
2025-09-15 00:00:00.006,0.3763620014960902,-1.0540981342907667
2025-09-15 08:00:00.002,0.379579660596158,-0.9971830452282754
2025-09-15 16:00:00.001,0.38722779899449405,-0.8730144349931861
2025-09-16 00:00:00.001,0.38899115897925485,-0.8395649085562892
2025-09-16 08:00:00.000,0.39272317891078246,-0.7761654668780839
2025-09-16 16:00:00.000,0.3923714672199797,-0.7755918056406542
2025-09-17 00:00:00.001,0.39529513464850446,-0.7249244446489287
2025-09-17 08:00:00.000,0.3925258564658593,-0.7618923918235494
2025-09-17 16:00:00.003,0.3853964896573694,-0.8654785305000068
2025-09-18 00:00:00.006,0.38993379222534735,-0.7897679836199593
2025-09-18 08:00:00.002,0.4023499236044671,-0.5937396950421405
2025-09-18 16:00:00.000,0.40630324870525797,-0.5283316967085773
2025-09-19 00:00:00.000,0.4128015778072244,-0.4241144263002511
2025-09-19 08:00:00.005,0.4063914566442568,-0.5190782460398451
2025-09-19 16:00:00.000,0.4028134976843172,-0.5703927570732176
2025-09-20 00:00:00.000,0.4055621600429255,-0.5246540332941051
2025-09-20 08:00:00.000,0.4079838379397317,-0.48457201892422436
2025-09-20 16:00:00.002,0.4164055161167108,-0.3525902497512285
2025-09-21 00:00:00.000,0.4242593012079261,-0.22978397368268827
2025-09-21 08:00:00.000,0.42552708507278353,-0.20844334884977678
2025-09-21 16:00:00.000,0.42807331159451784,-0.16737950544290933
2025-09-22 00:00:00.005,0.4299167519873368,-0.13722783726506757
2025-09-22 08:00:00.003,0.4340585045711002,-0.07193537892240276
2025-09-22 16:00:00.000,0.43431097123468543,-0.0666551941262277
2025-09-23 00:00:00.000,0.42922659422353443,-0.14349544215759225
2025-09-23 08:00:00.001,0.42261460414255375,-0.24358950150761752
2025-09-23 16:00:00.000,0.4226214681706179,-0.24176144394187996
2025-09-24 00:00:00.003,0.4192118744732698,-0.29237406706803215
2025-09-24 08:00:00.001,0.4166050390177416,-0.3305779459588798
2025-09-24 16:00:00.002,0.4159502839932453,-0.3388762386442933
2025-09-25 00:00:00.000,0.40124778417741835,-0.5629994439896345
2025-09-25 08:00:00.001,0.3923453787435137,-0.6966225095767064
2025-09-25 16:00:00.000,0.3946777158732104,-0.6572637836879492
2025-09-26 00:00:00.000,0.39465121911896894,-0.6541110188153159
2025-09-26 08:00:00.000,0.3930507355880518,-0.6753091850443405
2025-09-26 16:00:00.008,0.39154436233790735,-0.6947896729661813
2025-09-27 00:00:00.000,0.38847545069556827,-0.7378298884862506
2025-09-27 08:00:00.010,0.3866241283198604,-0.7618482178789597
2025-09-27 16:00:00.003,0.38419824949573156,-0.7943792323438219
2025-09-28 00:00:00.000,0.38784950327214407,-0.7340532351031016
2025-09-28 08:00:00.000,0.3952353779160065,-0.6176231426448384
2025-09-28 16:00:00.000,0.397019061619482,-0.5872352048684074
2025-09-29 00:00:00.000,0.40144632223979704,-0.5166255079727625
2025-09-29 08:00:00.002,0.3977654223588942,-0.5695882370345151
2025-09-29 16:00:00.001,0.39707002904161975,-0.576576551323354
2025-09-30 00:00:00.002,0.39777995771518115,-0.5622066186209502
2025-09-30 08:00:00.005,0.3941143379213764,-0.6143517652311233
2025-09-30 16:00:00.000,0.3972750967051932,-0.5625612824924627
2025-10-01 00:00:00.000,0.39690315519201885,-0.5644725381132829
2025-10-01 08:00:00.000,0.4049640159073722,-0.43853057627773634
2025-10-01 16:00:00.000,0.4043208418986801,-0.44496298647206445
2025-10-02 00:00:00.000,0.4129969796482489,-0.30990209883760406
2025-10-02 08:00:00.013,0.40615207971883044,-0.4107200679801892
2025-10-02 16:00:00.000,0.3988410118660084,-0.5181420826856331
2025-10-03 00:00:00.006,0.3990264966711617,-0.5113593334229913
2025-10-03 08:00:00.006,0.4022478125898783,-0.4586412026859836
2025-10-03 16:00:00.000,0.400179500966171,-0.4863935723793884
2025-10-04 00:00:00.001,0.4040888461713045,-0.42507439941760233
2025-10-04 08:00:00.000,0.4103930301909597,-0.32866098540344524
2025-10-04 16:00:00.000,0.4070164105043542,-0.3793479037098298
2025-10-05 00:00:00.000,0.3987862403432025,-0.5029776424263666
2025-10-05 08:00:00.003,0.40208043750954847,-0.45096447812219437
2025-10-05 16:00:00.009,0.40161634942782914,-0.4562602997016418
2025-10-06 00:00:00.004,0.4000212491898412,-0.47831038165961076
2025-10-06 08:00:00.002,0.3977883019665246,-0.5099130539729632
2025-10-06 16:00:00.004,0.40232385093115275,-0.4387921829571594
2025-10-07 00:00:00.000,0.4069927555819364,-0.36577121004391905
2025-10-07 08:00:00.003,0.408045637473104,-0.347409483812822
2025-10-07 16:00:00.000,0.4017461441078343,-0.44003825690725845
2025-10-08 00:00:00.000,0.39698346712637844,-0.5089379764014744
2025-10-08 08:00:00.006,0.39507271208152,-0.5344174422848698
2025-10-08 16:00:00.002,0.3912324634588508,-0.588732741256533
2025-10-09 00:00:00.001,0.3894506694447867,-0.6116418215860223
2025-10-09 08:00:00.000,0.3809924330896794,-0.7351045966002576
2025-10-09 16:00:00.000,0.38096056560936853,-0.7306706605713981
2025-10-10 00:00:00.005,0.38193832216160295,-0.7109315281556652
2025-10-10 08:00:00.002,0.38087515588879023,-0.7218072157266461
2025-10-10 16:00:00.014,0.3730942106640269,-0.8336298775573159
2025-10-11 00:00:00.000,0.35051803711964563,-1.166620609777022
2025-10-11 08:00:00.003,0.34621637431303026,-1.2231068109201886
2025-10-11 16:00:00.000,0.3460697862365505,-1.2166835639691682
2025-10-12 00:00:00.004,0.34363679407592684,-1.2441960708936843
2025-10-12 08:00:00.002,0.34774547170350983,-1.174139482609973
2025-10-12 16:00:00.000,0.36604738869278486,-0.8943107023533681
2025-10-13 00:00:00.003,0.3654031662982546,-0.8977675696822106
2025-10-13 08:00:00.002,0.37282802658169106,-0.7813933453000497
2025-10-13 16:00:00.003,0.3680608762499971,-0.8464227695403291
2025-10-14 00:00:00.000,0.3655282509468369,-0.8777867250214667
2025-10-14 08:00:00.000,0.3614086861923809,-0.9323366094038147
2025-10-14 16:00:00.000,0.3679516712932437,-0.8285657101741649
2025-10-15 00:00:00.006,0.365075222883966,-0.8649295428534255
2025-10-15 08:00:00.002,0.3651177546231411,-0.8577850841498325
2025-10-15 16:00:00.000,0.3661242647517485,-0.8363552602503795
2025-10-16 00:00:00.000,0.3665228650212031,-0.824053428098779
2025-10-16 08:00:00.003,0.37120668700012405,-0.7478829269561724
2025-10-16 16:00:00.002,0.37313273784704604,-0.7130572136039247
2025-10-17 00:00:00.001,0.37154344387652805,-0.7310636926191817
2025-10-17 08:00:00.005,0.36972618974634175,-0.7526456193955312
2025-10-17 16:00:00.003,0.36989185217515574,-0.7444517171137099
2025-10-18 00:00:00.000,0.36713197448576984,-0.7809900519330693
2025-10-18 08:00:00.002,0.36338191480931464,-0.833093261267417
2025-10-18 16:00:00.001,0.3611509259427553,-0.8622887400483058
2025-10-19 00:00:00.001,0.35897473569343374,-0.891020784615362
2025-10-19 08:00:00.001,0.3583707010089485,-0.8958979045431191
2025-10-19 16:00:00.001,0.358796398303704,-0.8850010098807981
2025-10-20 00:00:00.004,0.3620321355226877,-0.8294419023283618
2025-10-20 08:00:00.001,0.36180928284322883,-0.829432338820309
2025-10-20 16:00:00.000,0.3588996224999867,-0.8737180509705875
2025-10-21 00:00:00.009,0.3571846398508302,-0.8991593885296898
2025-10-21 08:00:00.000,0.3563799176836722,-0.9096378093153243
2025-10-21 16:00:00.000,0.3542975833130352,-0.9419107068275462
2025-10-22 00:00:00.004,0.35343585330747973,-0.9540965608891016
2025-10-22 08:00:00.000,0.35808789536914,-0.8716986515852502
2025-10-22 16:00:00.000,0.3605676989832212,-0.8262915709739935
2025-10-23 00:00:00.000,0.3606309353888304,-0.8231697167703662
2025-10-23 08:00:00.001,0.3616594081992129,-0.803139476876148
2025-10-23 16:00:00.004,0.36302466225300917,-0.7766754080049691
2025-10-24 00:00:00.000,0.36022543170897187,-0.8280346415905819
2025-10-24 08:00:00.000,0.3588222705951797,-0.8550851587228895
2025-10-24 16:00:00.009,0.35675136651463246,-0.8970891172452699
2025-10-25 00:00:00.000,0.35736665965391695,-0.8875988712574285
2025-10-25 08:00:00.001,0.3585173984926054,-0.8669891208884576
2025-10-25 16:00:00.001,0.3559321103807802,-0.9235256737733156
2025-10-26 00:00:00.001,0.35533321736994267,-0.941606778846811
2025-10-26 08:00:00.001,0.3540957322042902,-0.975753700516258
2025-10-26 16:00:00.000,0.35346687637708146,-0.9992588541570749
2025-10-27 00:00:00.000,0.3562723774732389,-0.9413882856735374
2025-10-27 08:00:00.005,0.3546546000876004,-0.9849292737153774
2025-10-27 16:00:00.000,0.3528147938308462,-1.0367914616538612
2025-10-28 00:00:00.000,0.35092469940472076,-1.092824477096501
2025-10-28 08:00:00.000,0.3494047308882832,-1.1463574893885482
2025-10-28 16:00:00.004,0.34654378206316483,-1.2366667406297762
2025-10-29 00:00:00.004,0.352911176240313,-1.0830934760248014
2025-10-29 08:00:00.005,0.3543018579239401,-1.057198697294646
2025-10-29 16:00:00.000,0.35617499926671414,-1.0117688640194813
2025-10-30 00:00:00.004,0.35473844602928417,-1.0663290686589206
2025-10-30 08:00:00.008,0.35452478573983637,-1.0837350653240914
2025-10-30 16:00:00.001,0.36109439624396356,-0.8908524725722525
2025-10-31 00:00:00.000,0.37329772401125644,-0.5039900544448751
2025-10-31 08:00:00.008,0.3695886940514503,-0.6295090667177197
2025-10-31 16:00:00.007,0.3665963739405166,-0.7400325155979788
2025-11-01 00:00:00.001,0.36348280199172633,-0.8661456019245435
2025-11-01 08:00:00.000,0.36206611290256246,-0.9418376712436488
2025-11-01 16:00:00.000,0.36483515447652354,-0.8544908071412357
2025-11-02 00:00:00.007,0.36365608208694156,-0.9166003227095727
2025-11-02 08:00:00.000,0.35947564470002596,-1.1039831453011892
2025-11-02 16:00:00.001,0.35841487209982686,-1.1555212257047314
2025-11-03 00:00:00.000,0.3516470327463138,-1.4506633536745412
2025-11-03 08:00:00.010,0.3494278401043765,-1.544601068393526
2025-11-03 16:00:00.000,0.3475659664268467,-1.6226624902888858
2025-11-04 00:00:00.002,0.3409513569124534,-1.9155739934318274
2025-11-04 08:00:00.004,0.3363411164767242,-2.1165371728386617
2025-11-04 16:00:00.000,0.33269492452677185,-2.2788794025916084
2025-11-05 00:00:00.000,0.3343758824482488,-2.2000492621929686
2025-11-05 08:00:00.000,0.33299691890036803,-2.244026559127233
2025-11-05 16:00:00.004,0.32814574679349007,-2.442178665376916
2025-11-06 00:00:00.001,0.3231003560782121,-2.641355174977547
2025-11-06 08:00:00.000,0.31778613466494143,-2.842535889818143
2025-11-06 16:00:00.001,0.31641207306327124,-2.862666941053892
2025-11-07 00:00:00.005,0.32204859252163676,-2.577898398727895
2025-11-07 08:00:00.003,0.31735685411990333,-2.749962860835472
2025-11-07 16:00:00.005,0.3148669392894656,-2.822276944170572
2025-11-08 00:00:00.011,0.31492047416738683,-2.7809827438993473
2025-11-08 08:00:00.015,0.3156690132122412,-2.711170922651313
2025-11-08 16:00:00.001,0.31780906818798477,-2.583615986199973
2025-11-09 00:00:00.004,0.31543152461279,-2.648648856187001
2025-11-09 08:00:00.000,0.31400690784751767,-2.6714410928297183
2025-11-09 16:00:00.005,0.31386594778560917,-2.6359971012000143
2025-11-10 00:00:00.000,0.373613311240232,-0.12209482082907203
2025-11-10 08:00:00.000,0.37289456148180733,-0.14855644338292948
2025-11-10 16:00:00.003,0.3688373133660824,-0.3155563227673307
2025-11-11 00:00:00.007,0.35745894683890983,-0.7895599868166623
2025-11-11 08:00:00.000,0.35047791606107587,-1.0763546943265678
2025-11-11 16:00:00.009,0.33072341546604456,-1.8903131280107859
2025-11-12 00:00:00.000,0.3323818903744081,-1.8029100365474509
2025-11-12 08:00:00.002,0.32694996108799823,-2.008299393657182
2025-11-12 16:00:00.000,0.3296972462460431,-1.8754002561096488
2025-11-13 00:00:00.002,0.33659075629629054,-1.5754809794713391
2025-11-13 08:00:00.000,0.34233767518529384,-1.3270090803452566
2025-11-13 16:00:00.001,0.3413067394831468,-1.358481009691914
2025-11-14 00:00:00.000,0.34776758283318854,-1.0844480920150419
2025-11-14 08:00:00.000,0.34750046701596515,-1.087838072673834
2025-11-14 16:00:00.001,0.34731701876566856,-1.0885611491489955
2025-11-15 00:00:00.005,0.3422736504535181,-1.2860963275452608
2025-11-15 08:00:00.000,0.33559551221390815,-1.5471113621421086
2025-11-15 16:00:00.001,0.33195883062466364,-1.681854367049004
2025-11-16 00:00:00.001,0.3310335789754757,-1.7076389433649641
2025-11-16 08:00:00.000,0.33198626706267104,-1.6556382175525586
2025-11-16 16:00:00.000,0.3316662963715063,-1.6528029868710392
2025-11-17 00:00:00.003,0.3296203391357396,-1.7175010405898623
2025-11-17 08:00:00.003,0.3337761667162061,-1.5397277803396794
2025-11-17 16:00:00.000,0.33814125015513846,-1.3577326239394616
2025-11-18 00:00:00.002,0.33483487447135685,-1.4771192022433965
2025-11-18 08:00:00.004,0.34192898752783835,-1.1901664605360245
2025-11-18 16:00:00.000,0.34436308956634815,-1.0875780529035073
2025-11-19 00:00:00.000,0.34803137293410247,-0.9388398476972927
2025-11-19 08:00:00.000,0.345533410265093,-1.0299681395919356
2025-11-19 16:00:00.008,0.34811196294249286,-0.9253066017937486
2025-11-20 00:00:00.000,0.3484189707650303,-0.9098720214340216
2025-11-20 08:00:00.000,0.35403881073286625,-0.6912226233008173
2025-11-20 16:00:00.000,0.36559706128320724,-0.24497879772664827
2025-11-21 00:00:00.001,0.373780375979427,0.07007453001975895
2025-11-21 08:00:00.000,0.3658826013371391,-0.2373713689470406
2025-11-21 16:00:00.001,0.3629630993627406,-0.35118694438582687
2025-11-22 00:00:00.004,0.36513857536595873,-0.2665609721150434
2025-11-22 08:00:00.000,0.3647292329619758,-0.28155163536228545
2025-11-22 16:00:00.000,0.36464488279353807,-0.28350200099241424
2025-11-23 00:00:00.000,0.36742101016523415,-0.1753209386323074
2025-11-23 08:00:00.008,0.3703442579163739,-0.06208204883727313
2025-11-23 16:00:00.003,0.37621886753524525,0.16541332269532122
2025-11-24 00:00:00.004,0.3814226542926135,0.36861232818516976
2025-11-24 08:00:00.000,0.38117951533608346,0.3627113203101807
2025-11-24 16:00:00.006,0.38006178157647463,0.32212840068826565
2025-11-25 00:00:00.000,0.3727889414916408,0.04054044611987863
2025-11-25 08:00:00.009,0.3738424995544063,0.08269938422067746
2025-11-25 16:00:00.007,0.37667737163316867,0.19335348417011192
2025-11-26 00:00:00.001,0.3725116941072435,0.03243654600211049
2025-11-26 08:00:00.001,0.36886108531417666,-0.10742466633292484
2025-11-26 16:00:00.000,0.36696405897987544,-0.17847744675534552
2025-11-27 00:00:00.013,0.36495451987202676,-0.25358115596701136
2025-11-27 08:00:00.000,0.3612521181238126,-0.3947412571452036
2025-11-27 16:00:00.004,0.3608502343307653,-0.4065841932079052
2025-11-28 00:00:00.008,0.3475594882469829,-0.9206300438925107
2025-11-28 08:00:00.000,0.3466493304744571,-0.9493453987851991
2025-11-28 16:00:00.008,0.34583326402800046,-0.9741770800773679
2025-11-29 00:00:00.000,0.34915458957875306,-0.8384753106784023
2025-11-29 08:00:00.005,0.3498737303497748,-0.8048423954477895
2025-11-29 16:00:00.001,0.3376790369483943,-1.2711131771936641
2025-11-30 00:00:00.003,0.3108618389092194,-2.2837774185396142
2025-11-30 08:00:00.000,0.3123501858323768,-2.197209784378207
2025-11-30 16:00:00.004,0.3109156267322795,-2.2221772238071535
2025-12-01 00:00:00.000,0.3140094023965543,-2.0792696355090294
2025-12-01 08:00:00.004,0.3165575249301187,-1.9609622749784479
2025-12-01 16:00:00.000,0.31607581625739967,-1.956585932483908
2025-12-02 00:00:00.004,0.3141563563028436,-2.0043705275240176
2025-12-02 08:00:00.000,0.3117482716405937,-2.0678475651889436
2025-12-02 16:00:00.000,0.3122454981804935,-2.0257685366537443
2025-12-03 00:00:00.000,0.3149687583269491,-1.9061264256936308
2025-12-03 08:00:00.000,0.3074475937394126,-2.149756779790136
2025-12-03 16:00:00.005,0.30562075944577033,-2.1862309776723037
2025-12-04 00:00:00.012,0.3141080406388319,-1.8656457704257055
2025-12-04 08:00:00.000,0.316841618354095,-1.751799121767044
2025-12-04 16:00:00.011,0.32188258944680886,-1.5613002380562628
2025-12-05 00:00:00.000,0.3234488391455379,-1.4937651050678622
2025-12-05 08:00:00.000,0.3219566384723699,-1.5320137563282055
2025-12-05 16:00:00.010,0.3214606527820668,-1.5356408694789445
2025-12-06 00:00:00.001,0.32756125353367016,-1.31542038132596
2025-12-06 08:00:00.001,0.341828360581418,-0.8204090247889556
2025-12-06 16:00:00.008,0.35181479145180555,-0.47471383246515847
2025-12-07 00:00:00.000,0.35385912611794224,-0.402012534184847
2025-12-07 08:00:00.004,0.3607958156255474,-0.1625153799776854
2025-12-07 16:00:00.000,0.3707630398842923,0.17964639469596883
2025-12-08 00:00:00.000,0.36879848725562825,0.11317379633513804
2025-12-08 08:00:00.000,0.36804275660915897,0.08849366266790312
2025-12-08 16:00:00.001,0.3679511378899426,0.08668995382254233
2025-12-09 00:00:00.001,0.3690217293581898,0.12425015307973836
2025-12-09 08:00:00.001,0.3669322015504525,0.05339658845364649
2025-12-09 16:00:00.007,0.3647598734119447,-0.019341264878853827
2025-12-10 00:00:00.007,0.3704188752215172,0.1766705186632204
2025-12-10 08:00:00.002,0.3671338837144409,0.06588919000846823
2025-12-10 16:00:00.012,0.3677124977351574,0.08784731526236413
2025-12-11 00:00:00.001,0.37741552324765776,0.4222499301012965
2025-12-11 08:00:00.000,0.3934193525309702,0.9700745859036028
2025-12-11 16:00:00.000,0.39311614612949375,0.9556543323872947
2025-12-12 00:00:00.005,0.39135060204856575,0.8912307286290405
2025-12-12 08:00:00.007,0.3861773775794556,0.7111548453081239
2025-12-12 16:00:00.002,0.38417815489260004,0.6402610269428004
2025-12-13 00:00:00.001,0.3820102334511976,0.5639790190098768
2025-12-13 08:00:00.006,0.38088292144005315,0.5240048409812967
2025-12-13 16:00:00.000,0.38456434307626136,0.6479266990696237
2025-12-14 00:00:00.000,0.3830369846061606,0.5946633029129061
2025-12-14 08:00:00.003,0.3826390943748685,0.5805703520092421
2025-12-14 16:00:00.005,0.38223869227916624,0.5677659801250867
2025-12-15 00:00:00.000,0.38616715365196913,0.7024860825393178
2025-12-15 08:00:00.000,0.38889607671687737,0.796533413319613
2025-12-15 16:00:00.000,0.39408513210590773,0.9734668438654395
2025-12-16 00:00:00.002,0.4105556659515139,1.5305693685840656
2025-12-16 08:00:00.000,0.4127481081558712,1.597602039045212
2025-12-16 16:00:00.002,0.4130142982320893,1.5968569690489975
2025-12-17 00:00:00.004,0.41707754300428246,1.723490139903351
2025-12-17 08:00:00.000,0.4118136051085665,1.5423969311637327
2025-12-17 16:00:00.000,0.40803069156748606,1.414493743058506
2025-12-18 00:00:00.005,0.41576304741346054,1.6731721834992903
2025-12-18 08:00:00.007,0.41556588902165215,1.6625245367444477
2025-12-18 16:00:00.001,0.4116147358109222,1.5265417371084382
2025-12-19 00:00:00.000,0.39770803829313595,1.0628442829166997
2025-12-19 08:00:00.001,0.4016335921722371,1.1965374108533973
2025-12-19 16:00:00.000,0.40960469823067785,1.4669926150224681
2025-12-20 00:00:00.005,0.41529174355674303,1.6626926178597004
2025-12-20 08:00:00.000,0.40559059074472925,1.343973922972371
2025-12-20 16:00:00.002,0.3974060583808502,1.0775395959993708
2025-12-21 00:00:00.000,0.3961640682100446,1.0467482989818124
2025-12-21 08:00:00.009,0.3967823995745205,1.0814915328574808
2025-12-21 16:00:00.000,0.4014541762452952,1.2568047239361848
2025-12-22 00:00:00.000,0.40088069308363256,1.2484504361836148
2025-12-22 08:00:00.005,0.39565462954361436,1.0746023058967153
2025-12-22 16:00:00.009,0.3994567495708945,1.2176126648333943
2025-12-23 00:00:00.000,0.3964585200560203,1.1195076887805087
2025-12-23 08:00:00.000,0.39428203971242215,1.0494883824634735
2025-12-23 16:00:00.001,0.39117265448838445,0.945983470078185
2025-12-24 00:00:00.001,0.39078665220204306,0.9349827239584835
2025-12-24 08:00:00.001,0.39284198671751147,1.0087389479565845
2025-12-24 16:00:00.000,0.39279925589043213,1.0077163659445314
2025-12-25 00:00:00.000,0.4048040452376748,1.4355754617977121
2025-12-25 08:00:00.001,0.4087187303213518,1.5697727733234286
2025-12-25 16:00:00.005,0.3984485716574894,1.20000614967137
2025-12-26 00:00:00.004,0.394657939536704,1.0627873766305977
2025-12-26 08:00:00.001,0.3984142688130413,1.1936210170909722
2025-12-26 16:00:00.007,0.3988247550083683,1.204125781325144
2025-12-27 00:00:00.000,0.3990691766197792,1.2095335210904743
2025-12-27 08:00:00.000,0.4006447864118106,1.2637967156234984
2025-12-27 16:00:00.011,0.4037098790585878,1.370308771041096
2025-12-28 00:00:00.008,0.40986569904299947,1.5851586636538917
2025-12-28 08:00:00.000,0.41779132470374164,1.856007614728927
2025-12-28 16:00:00.000,0.426173353644507,2.134757588068392
2025-12-29 00:00:00.016,0.4265811281592524,2.132210505849817
2025-12-29 08:00:00.001,0.43151961773342296,2.281376786116605
2025-12-29 16:00:00.000,0.4303170087073942,2.2198892244042403
2025-12-30 00:00:00.005,0.42951562292326345,2.1735124074485683
2025-12-30 08:00:00.001,0.4280555712111799,2.11013225528551
2025-12-30 16:00:00.003,0.4344600510784754,2.307864086932616
2025-12-31 00:00:00.004,0.42973274532660516,2.138061812989264
2025-12-31 08:00:00.001,0.4273674952855947,2.0467968169139765
2025-12-31 16:00:00.001,0.4270442068960058,2.0214546550598054
2026-01-01 00:00:00.008,0.41383117139665715,1.5764724277330593
2026-01-01 08:00:00.002,0.4090056537345159,1.414056510451067
2026-01-01 16:00:00.001,0.4068259113823128,1.3396731246234606
2026-01-02 00:00:00.006,0.4106130741396517,1.4626294304776342
2026-01-02 08:00:00.007,0.4139382081007289,1.5710955247714302
2026-01-02 16:00:00.000,0.4204236782171821,1.779163551823161
2026-01-03 00:00:00.001,0.4212419674421347,1.7963136294180786
2026-01-03 08:00:00.000,0.4210968143103003,1.7831302800692133
2026-01-03 16:00:00.000,0.41952786832283867,1.724241462731172
2026-01-04 00:00:00.000,0.42402904735870645,1.860150055206934
2026-01-04 08:00:00.000,0.42478519659469766,1.8726609135045906
2026-01-04 16:00:00.001,0.43102933869382715,2.059644712048768
2026-01-05 00:00:00.000,0.43252454479042385,2.093860703544319
2026-01-05 08:00:00.000,0.4188119360184211,1.6509510828610177
2026-01-05 16:00:00.000,0.4158845987409319,1.5523833261530309
2026-01-06 00:00:00.010,0.41813272570938587,1.6162882690918345
2026-01-06 08:00:00.000,0.4172970589935403,1.5820285081204535
2026-01-06 16:00:00.000,0.41411392418067555,1.4741962063903
2026-01-07 00:00:00.001,0.41258346357642367,1.4191372429693208
2026-01-07 08:00:00.001,0.40953861094146016,1.3162001056848307
2026-01-07 16:00:00.001,0.40785876837503554,1.2570776407428133
2026-01-08 00:00:00.001,0.4124040577408085,1.3912085332859891
2026-01-08 08:00:00.000,0.4151858862521651,1.4685030927363338
2026-01-08 16:00:00.000,0.4160015901235858,1.4828579027531001
2026-01-09 00:00:00.003,0.4120728439678474,1.3503782894276704
2026-01-09 08:00:00.000,0.4204305456637871,1.593528239516516
2026-01-09 16:00:00.001,0.4247579979272227,1.7096951857251743
2026-01-10 00:00:00.000,0.4234592071178395,1.6542586643577826
2026-01-10 08:00:00.002,0.40637452252229156,1.125335137043032
2026-01-10 16:00:00.001,0.4041901533915467,1.052427725211863
2026-01-11 00:00:00.003,0.40336018761939135,1.0210024439113974
2026-01-11 08:00:00.006,0.4081559875086266,1.15944947312859
2026-01-11 16:00:00.000,0.4082415483453747,1.1546607246010503
2026-01-12 00:00:00.005,0.408728002420369,1.1616061754492313
2026-01-12 08:00:00.000,0.40885294856730664,1.1573243570343332
2026-01-12 16:00:00.000,0.4067050432443382,1.0861868565887363
2026-01-13 00:00:00.007,0.4040230791577204,0.999757933890718
2026-01-13 08:00:00.009,0.40918142119776746,1.146260202152793
2026-01-13 16:00:00.002,0.4094437014088775,1.146514355021764
2026-01-14 00:00:00.000,0.4097473156552054,1.1479857124900914
2026-01-14 08:00:00.001,0.4161719926918604,1.3292354509387558
2026-01-14 16:00:00.004,0.41765439204207355,1.3634460409782154
2026-01-15 00:00:00.000,0.3884714587723631,0.5014774928991926
2026-01-15 08:00:00.004,0.38411505909765775,0.3715113635689284
2026-01-15 16:00:00.002,0.3859298301558775,0.4230571076506745
2026-01-16 00:00:00.000,0.390112550898138,0.5433852848709426
2026-01-16 08:00:00.000,0.3905248564378768,0.5523037595240039
2026-01-16 16:00:00.001,0.391899093652768,0.5890901664904801
2026-01-17 00:00:00.000,0.38455807219272703,0.370543078820885
2026-01-17 08:00:00.000,0.3680924064376587,-0.11450853592991352
2026-01-17 16:00:00.002,0.36873474391158206,-0.09673131574197294
2026-01-18 00:00:00.001,0.37042549146327947,-0.047931591850181074
2026-01-18 08:00:00.000,0.37723557660361406,0.15070918768346145
2026-01-18 16:00:00.000,0.38068128309269766,0.2497373881713744
2026-01-19 00:00:00.007,0.38405508809956185,0.3461192712890152
2026-01-19 08:00:00.007,0.39386316350108214,0.6304299993449771
2026-01-19 16:00:00.007,0.3951069935147229,0.6623809962080974
2026-01-20 00:00:00.005,0.3962033959045223,0.6897602985223328
2026-01-20 08:00:00.001,0.3993018846798883,0.775759629565619
2026-01-20 16:00:00.009,0.3864427790121384,0.395183772987277
2026-01-21 00:00:00.001,0.3906528408913723,0.5154554471850069
2026-01-21 08:00:00.011,0.38312268979774566,0.2919999917503587
2026-01-21 16:00:00.011,0.38438636199540793,0.32677742905226603
2026-01-22 00:00:00.010,0.3850618814149451,0.34393231026608423
2026-01-22 08:00:00.003,0.38010620209577384,0.196127238991717
2026-01-22 16:00:00.005,0.38186696148404964,0.24520224841647054
2026-01-23 00:00:00.005,0.3835411782187503,0.29162933005845654
2026-01-23 08:00:00.000,0.36737715178715485,-0.18452114598028135
2026-01-23 16:00:00.011,0.36856568510432647,-0.151020335739529
2026-01-24 00:00:00.011,0.3723077672431761,-0.04281256750981323
2026-01-24 08:00:00.002,0.3727930780560068,-0.030585786952589674
2026-01-24 16:00:00.001,0.3818062414983239,0.23190360899092713
2026-01-25 00:00:00.002,0.3818319869576663,0.22996627705181777
2026-01-25 08:00:00.011,0.379868510159866,0.16942411099596494
2026-01-25 16:00:00.005,0.3851271036744219,0.3211786182330776
2026-01-26 00:00:00.000,0.39242376326899286,0.5321742265448917
2026-01-26 08:00:00.003,0.39778774337391204,0.6853401734239896
2026-01-26 16:00:00.000,0.39669478567642374,0.6479051866175665
2026-01-27 00:00:00.002,0.3936738372550227,0.5543144466314688
2026-01-27 08:00:00.000,0.386307668304686,0.3333195760199668
2026-01-27 16:00:00.000,0.3816882430252284,0.1940650535791983
2026-01-28 00:00:00.000,0.38734391035233273,0.3579294696755576
2026-01-28 08:00:00.000,0.3836475750704734,0.2455071587223543
2026-01-28 16:00:00.000,0.3778731689223145,0.07272405744753786
2026-01-29 00:00:00.000,0.3706431143219734,-0.1411146636054292
2026-01-29 08:00:00.009,0.3796309994615312,0.123975351131494
2026-01-29 16:00:00.000,0.4038586676894135,0.8364552764310825
2026-01-30 00:00:00.008,0.4107874364589541,1.0344174790433383
2026-01-30 08:00:00.000,0.41225192518015435,1.0702082036094775
2026-01-30 16:00:00.001,0.4142790803320874,1.1221423586677204
2026-01-31 00:00:00.000,0.419516448911719,1.2666123975511807
2026-01-31 08:00:00.001,0.4273909588884698,1.4847435546859065
2026-01-31 16:00:00.009,0.43208308283186325,1.6069451988106058
2026-02-01 00:00:00.001,0.44153422983309454,1.8619919147274233
2026-02-01 08:00:00.004,0.4411242347933173,1.8309593403838722
2026-02-01 16:00:00.000,0.43174453901972243,1.5471289154732195
2026-02-02 00:00:00.000,0.42829220906202253,1.4362125615622303
2026-02-02 08:00:00.014,0.4254222436578597,1.3435975078464026
2026-02-02 16:00:00.000,0.4337161917406435,1.5681774665792065
2026-02-03 00:00:00.000,0.4238380551132724,1.2762384169893939
2026-02-03 08:00:00.007,0.42683421109166925,1.351759181950134
2026-02-03 16:00:00.000,0.4249166452403884,1.2879058167799209
2026-02-04 00:00:00.002,0.41725740725906385,1.0617800602053553
2026-02-04 08:00:00.007,0.41821340960831144,1.082689421077625
2026-02-04 16:00:00.000,0.412881869069266,0.9232652114000484
2026-02-05 00:00:00.011,0.40749131834739033,0.7613956445696746
2026-02-05 08:00:00.000,0.4068421844837258,0.7369120045266665
2026-02-05 16:00:00.007,0.40170288219360134,0.5810560088839335
2026-02-06 00:00:00.000,0.4022820257786508,0.5925069286216545
2026-02-06 08:00:00.001,0.4124445068279937,0.8880811550570662
2026-02-06 16:00:00.000,0.43117836087637135,1.4382302521274293
2026-02-07 00:00:00.003,0.42377493806606914,1.2109300530258382
2026-02-07 08:00:00.000,0.4201729677968316,1.0974244701099927
2026-02-07 16:00:00.010,0.419087854280621,1.0595321339890829
2026-02-08 00:00:00.003,0.41863677384312276,1.0388513399538672
2026-02-08 08:00:00.000,0.418207557921903,1.0189838995291187
2026-02-08 16:00:00.000,0.4273472284550772,1.285896622895584
2026-02-09 00:00:00.002,0.4290476229381861,1.3265843622412439
2026-02-09 08:00:00.001,0.4288751806714791,1.3110742119080727
2026-02-09 16:00:00.007,0.4248158017790804,1.1812151865182081
2026-02-10 00:00:00.000,0.4227587120619069,1.1118218896461751
2026-02-10 08:00:00.007,0.4199711336495468,1.021138122078063
2026-02-10 16:00:00.000,0.4179009832213575,0.9519670065830413
2026-02-11 00:00:00.000,0.416648492666024,0.9072777818284922
2026-02-11 08:00:00.006,0.41902103411285,0.972866394409157
2026-02-11 16:00:00.000,0.42694565130895973,1.2072550444191104
2026-02-12 00:00:00.000,0.43008668999142785,1.2938402557192363
2026-02-12 08:00:00.001,0.4197844482956169,0.9707066452394161
2026-02-12 16:00:00.001,0.4152662454998457,0.8256163603128204
2026-02-13 00:00:00.007,0.4029250264759916,0.4406087902311468
2026-02-13 08:00:00.003,0.39016059074074083,0.04061723213357255
2026-02-13 16:00:00.005,0.37892533329472405,-0.3150647597679012
2026-02-14 00:00:00.002,0.36828341981732454,-0.6548343364965281
2026-02-14 08:00:00.004,0.3676728689119964,-0.6816413401531681
2026-02-14 16:00:00.002,0.36430760451740635,-0.7955203922648394
2026-02-15 00:00:00.000,0.36293611965375494,-0.8474466920632963
2026-02-15 08:00:00.002,0.3611417472972238,-0.9118089627604601
2026-02-15 16:00:00.000,0.36148135335942555,-0.9069267282676426
2026-02-16 00:00:00.001,0.358275577849121,-1.0166002899980013
2026-02-16 08:00:00.003,0.3550947195475385,-1.1230650815919276
2026-02-16 16:00:00.000,0.35629080757359527,-1.087849359880333
2026-02-17 00:00:00.008,0.3474008893209551,-1.375316113934762
2026-02-17 08:00:00.001,0.3483910984897742,-1.34426025899604
2026-02-17 16:00:00.002,0.34889546613283784,-1.3281942669112372
2026-02-18 00:00:00.000,0.3507777272407337,-1.268005237294126
2026-02-18 08:00:00.000,0.3480128623292212,-1.3555952528139505
2026-02-18 16:00:00.011,0.34764110013129407,-1.3623105899807664
2026-02-19 00:00:00.013,0.34646624862002084,-1.392608850622173
2026-02-19 08:00:00.000,0.3407273441227109,-1.5687898651809757
2026-02-19 16:00:00.003,0.34513105168777736,-1.4219975297658456
2026-02-20 00:00:00.000,0.3449617504169926,-1.4212646959268707
2026-02-20 08:00:00.000,0.3437479819870712,-1.4534548544086157
2026-02-20 16:00:00.000,0.3425713972331311,-1.4838881521438345
2026-02-21 00:00:00.004,0.34643697872367535,-1.3553425833725832
2026-02-21 08:00:00.000,0.34958864723635424,-1.2503498945273857
2026-02-21 16:00:00.005,0.34632710395619215,-1.3456879888716307
2026-02-22 00:00:00.001,0.3465232467055556,-1.331167316580651
2026-02-22 08:00:00.004,0.3512026359761542,-1.1779313038509212
2026-02-22 16:00:00.000,0.3530752671668453,-1.1137630529786082
2026-02-23 00:00:00.001,0.35891756472900893,-0.9286342764956359
2026-02-23 08:00:00.000,0.37729211297221965,-0.35590531106399975
2026-02-23 16:00:00.000,0.37581037286129926,-0.4020192110897853
2026-02-24 00:00:00.007,0.3804488663936983,-0.25831331688454734
2026-02-24 08:00:00.000,0.37843070924659755,-0.32257376134679344
2026-02-24 16:00:00.001,0.37786218821737727,-0.341807713843573
2026-02-25 00:00:00.001,0.3753194612180563,-0.4227543857995944
2026-02-25 08:00:00.007,0.371717677937188,-0.537043977491049
2026-02-25 16:00:00.000,0.37531355608321165,-0.4266569217130102
2026-02-26 00:00:00.000,0.373613403322672,-0.4842529318924365
2026-02-26 08:00:00.006,0.3782349065168028,-0.3438116887947076
2026-02-26 16:00:00.002,0.3771091833465986,-0.38416681534064023
2026-02-27 00:00:00.007,0.36065039152975564,-0.9071523069360004
2026-02-27 08:00:00.000,0.3547717931648461,-1.0945775544538316
2026-02-27 16:00:00.001,0.35597776902775224,-1.0616055090216474
2026-02-28 00:00:00.000,0.3485076152538671,-1.3145331581674664
2026-02-28 08:00:00.000,0.3496075805110295,-1.2945450621581291
2026-02-28 16:00:00.004,0.3492389743344414,-1.3228375825712144
2026-03-01 00:00:00.005,0.348708167069025,-1.355254770695852
2026-03-01 08:00:00.000,0.3551846114942686,-1.1568293579838014
2026-03-01 16:00:00.002,0.3536572496139387,-1.2224972318051335
2026-03-02 00:00:00.001,0.3557297469928896,-1.1695901641891793
2026-03-02 08:00:00.007,0.35944113778983733,-1.062098918970467
2026-03-02 16:00:00.000,0.359803488432647,-1.0678276749392785
2026-03-03 00:00:00.000,0.3567854145367947,-1.189568066863031
2026-03-03 08:00:00.000,0.35658184078552185,-1.2191056377274605
2026-03-03 16:00:00.007,0.3574037560538759,-1.2143838667701317
2026-03-04 00:00:00.001,0.3578991387444395,-1.2166170528124476
2026-03-04 08:00:00.005,0.3589383441604005,-1.1978692970800089
2026-03-04 16:00:00.000,0.3563524741241125,-1.309395388595893
2026-03-05 00:00:00.000,0.3612350050324964,-1.1446777804387138
2026-03-05 08:00:00.000,0.36308076156853997,-1.0929496229855327
2026-03-05 16:00:00.004,0.3604790162658342,-1.2096421361432652
2026-03-06 00:00:00.001,0.36343739973503314,-1.1118408976730187
2026-03-06 08:00:00.001,0.35889468836151517,-1.2945806853988726
2026-03-06 16:00:00.004,0.36927972547708476,-0.8978208778151041
2026-03-07 00:00:00.001,0.3667434541017311,-1.0004933193567767
2026-03-07 08:00:00.012,0.36323941040586927,-1.1377173130244633
2026-03-07 16:00:00.001,0.3730875756782525,-0.7547547836399835
2026-03-08 00:00:00.001,0.38044312000057523,-0.4704750911034296
2026-03-08 08:00:00.000,0.3856333782298388,-0.2710316237650565
2026-03-08 16:00:00.002,0.3808247473422299,-0.4613263326577299
2026-03-09 00:00:00.000,0.39545876456119755,0.10735913564654131
2026-03-09 08:00:00.004,0.3930487739835594,0.009183062597276574
2026-03-09 16:00:00.003,0.38880265215471843,-0.1613164628697612
2026-03-10 00:00:00.012,0.38687484402073324,-0.2398669555492669
2026-03-10 08:00:00.002,0.3821923154181927,-0.4271767567132968
2026-03-10 16:00:00.001,0.3826118672303892,-0.41344024936604246
2026-03-11 00:00:00.000,0.3786613365331496,-0.5697747198967288
2026-03-11 08:00:00.007,0.37894976114556467,-0.5559391478924789
2026-03-11 16:00:00.010,0.3805688571422901,-0.48994181528370084
2026-03-12 00:00:00.000,0.38192455579239626,-0.4348972697124604
2026-03-12 08:00:00.000,0.38643444299519947,-0.2569709137391963
2026-03-12 16:00:00.000,0.38501530460579103,-0.3131076814240116
2026-03-13 00:00:00.006,0.38762972844212346,-0.21081084325874871
2026-03-13 08:00:00.001,0.3945541544741307,0.06054944256137026
2026-03-13 16:00:00.000,0.3950111354236899,0.07708301157683202
2026-03-14 00:00:00.001,0.3850523895958896,-0.3165970341811149
2026-03-14 08:00:00.000,0.3718476067631034,-0.8358109386768264
2026-03-14 16:00:00.007,0.38375903019228863,-0.3660017223187349
2026-03-15 00:00:00.000,0.3863080014699407,-0.26542415152693105
2026-03-15 08:00:00.000,0.3795635626057879,-0.5299910052985821
2026-03-15 16:00:00.000,0.37928626887419264,-0.538477890292501
2026-03-16 00:00:00.000,0.3811995318981988,-0.4589895585521743
2026-03-16 08:00:00.010,0.3889939015979075,-0.14821889789729026
2026-03-16 16:00:00.000,0.3916274565562988,-0.041138385054189104
2026-03-17 00:00:00.000,0.39365797382773193,0.04264786943441862
2026-03-17 08:00:00.002,0.3950517312029166,0.10041586932514052
2026-03-17 16:00:00.011,0.3950278815302188,0.10144936179023264
2026-03-18 00:00:00.002,0.3972685036779465,0.19336150297060306
2026-03-18 08:00:00.002,0.39639829235014645,0.16185112624351364
2026-03-18 16:00:00.005,0.39291787782418625,0.02612262347052675
2026-03-19 00:00:00.000,0.38792026940582847,-0.17155156135654295
2026-03-19 08:00:00.003,0.38907723190919236,-0.12363076655019475
2026-03-19 16:00:00.003,0.38795821385575274,-0.16517137913698102
2026-03-20 00:00:00.002,0.38606597901009265,-0.23668133012496992
2026-03-20 08:00:00.000,0.38582142249715856,-0.24363274098711443
2026-03-20 16:00:00.000,0.3870099743113386,-0.19459918368392828
2026-03-21 00:00:00.000,0.3830888744042739,-0.34930674729849975
2026-03-21 08:00:00.000,0.3855710113468419,-0.2484578358325807
2026-03-21 16:00:00.014,0.3868558145706529,-0.19500295740589327
2026-03-22 00:00:00.012,0.3863423418358317,-0.21340646388257706
2026-03-22 08:00:00.007,0.3880152994637871,-0.1454079055722872
2026-03-22 16:00:00.002,0.3882547372105941,-0.13419892662624877
2026-03-23 00:00:00.000,0.3808594239374291,-0.42741295935887075
2026-03-23 08:00:00.003,0.3772474287112184,-0.5689164153397815
2026-03-23 16:00:00.002,0.38005405297521383,-0.4549922599945155
2026-03-24 00:00:00.000,0.38268670301822105,-0.3486017762985623
2026-03-24 08:00:00.000,0.38387156152402446,-0.29992970509162276
2026-03-24 16:00:00.003,0.3818360634243948,-0.3794494578049084
2026-03-25 00:00:00.000,0.3831337987147207,-0.32457674287072513
2026-03-25 08:00:00.000,0.3765818694700224,-0.581504599430032
2026-03-25 16:00:00.013,0.3745982460955229,-0.6567505657208279
2026-03-26 00:00:00.001,0.37465946879953965,-0.650862521565757
2026-03-26 08:00:00.001,0.3731174383414794,-0.7080605241023966
2026-03-26 16:00:00.000,0.3742962220296923,-0.6570722335782393
2026-03-27 00:00:00.006,0.37172808765168897,-0.754639157484809
2026-03-27 08:00:00.000,0.37109911801015316,-0.7746643990487151
2026-03-27 16:00:00.000,0.3728953939621187,-0.6984494048933604
2026-03-28 00:00:00.005,0.36959241459589864,-0.8236238532586496
2026-03-28 08:00:00.005,0.36943948087074063,-0.8233747924871215
2026-03-28 16:00:00.000,0.368327056141972,-0.861203142181326
2026-03-29 00:00:00.003,0.36785838150060457,-0.8734591948180606
2026-03-29 08:00:00.001,0.3680501053758942,-0.8597096570291591
2026-03-29 16:00:00.000,0.36932765026173725,-0.8024626774704725
2026-03-30 00:00:00.000,0.3732201918615359,-0.6399657445553196
2026-03-30 08:00:00.005,0.37689873207999075,-0.4855911043188216
2026-03-30 16:00:00.000,0.3782199954977331,-0.4260658793864615
2026-03-31 00:00:00.000,0.3806045824681713,-0.32283728314133664
2026-03-31 08:00:00.000,0.3747622325868909,-0.5571083004174527
2026-03-31 16:00:00.000,0.375097414716269,-0.5376324822086811
2026-04-01 00:00:00.000,0.3719427166385416,-0.6627307422178574
2026-04-01 08:00:00.000,0.37747387224339934,-0.4289689528280612
2026-04-01 16:00:00.000,0.381991991171859,-0.23782693986714318
2026-04-02 00:00:00.003,0.37843686674597377,-0.3811672688231179
2026-04-02 08:00:00.001,0.38601455317303446,-0.061622714817207054
2026-04-02 16:00:00.001,0.38916613149126056,0.07493053883738097
2026-04-03 00:00:00.000,0.38947039831507,0.09294048460315088
2026-04-03 08:00:00.008,0.3908881284181829,0.15779925185044952
2026-04-03 16:00:00.008,0.39195367995010977,0.2077528695668384
2026-04-04 00:00:00.000,0.39185397279149925,0.2095190333577455
2026-04-04 08:00:00.003,0.390864792537243,0.17364117068875418
2026-04-04 16:00:00.000,0.3909192137796602,0.18352593103761558
2026-04-05 00:00:00.008,0.38829071619158667,0.07811607795490554
2026-04-05 08:00:00.000,0.3860968333016829,-0.011704386041662608
2026-04-05 16:00:00.001,0.3775637359166799,-0.3775574243105327
2026-04-06 00:00:00.004,0.37884203701034375,-0.3165706711680518
2026-04-06 08:00:00.001,0.38649333729874324,0.02321417496844356
2026-04-06 16:00:00.003,0.38696794341553936,0.04860091713665459
2026-04-07 00:00:00.000,0.38194737172064996,-0.1678559382308578
2026-04-07 08:00:00.000,0.36591265105438325,-0.868998460297198
2026-04-07 16:00:00.000,0.35622982885051757,-1.2865326869331368
2026-04-08 00:00:00.000,0.3636779890406821,-0.9509669758130748
2026-04-08 08:00:00.000,0.3722627527511648,-0.5664423852959971
2026-04-08 16:00:00.006,0.3765153156615238,-0.3729238736516158
2026-04-09 00:00:00.000,0.3767935616474628,-0.3556460309203809
2026-04-09 08:00:00.010,0.3756543884190288,-0.4007508878767645
2026-04-09 16:00:00.001,0.372228710721103,-0.5482503307569593
2026-04-10 00:00:00.000,0.3766719623495274,-0.34255880444215514
2026-04-10 08:00:00.005,0.3779383470511175,-0.2810172183744682
2026-04-10 16:00:00.000,0.3790020499688492,-0.22894032129565758
2026-04-11 00:00:00.000,0.375558378658975,-0.380921679690886
2026-04-11 08:00:00.000,0.372562576623156,-0.5118924161866896
2026-04-11 16:00:00.003,0.3768029665944371,-0.31434742557583567
2026-04-12 00:00:00.000,0.3769702223061706,-0.30204289832114173
2026-04-12 08:00:00.000,0.38283478986198205,-0.02973343041278308
2026-04-12 16:00:00.000,0.38506268384446674,0.07615580118644141
2026-04-13 00:00:00.011,0.3864036291358208,0.1409385777495168
2026-04-13 08:00:00.006,0.38392697320266517,0.031444209940406836
2026-04-13 16:00:00.000,0.36786028646425417,-0.7034319089408598
2026-04-14 00:00:00.005,0.3651253837908591,-0.8234026809813517
2026-04-14 08:00:00.003,0.37336725637085,-0.43659337907695256
2026-04-14 16:00:00.001,0.37123399805780793,-0.5300171835975407
2026-04-15 00:00:00.000,0.3681953398549792,-0.6678094885685906
2026-04-15 08:00:00.000,0.36300397558458863,-0.9048064239044508
2026-04-15 16:00:00.000,0.3632577599744896,-0.8878196822038948
2026-04-16 00:00:00.013,0.364983899184927,-0.802487546516062
2026-04-16 08:00:00.000,0.36518020960638237,-0.7883133967521035
2026-04-16 16:00:00.000,0.3655280938121025,-0.7670896179193835
2026-04-17 00:00:00.001,0.36902242331505597,-0.6020209439498894
2026-04-17 08:00:00.011,0.37041538709932087,-0.5380067056896946
2026-04-17 16:00:00.001,0.36991790014416726,-0.5613326655483415
2026-04-18 00:00:00.001,0.3685554356765461,-0.6240444407446356
2026-04-18 08:00:00.006,0.3695965886004795,-0.5741846422888288
2026-04-18 16:00:00.000,0.37021130937840063,-0.543620588112419
2026-04-19 00:00:00.002,0.3668377010940702,-0.696219510306119
2026-04-19 08:00:00.010,0.37356400691039,-0.3817631595323234
2026-04-19 16:00:00.001,0.3674868825475324,-0.6581162271862241
2026-04-20 00:00:00.000,0.368942731640169,-0.5862145301683767
2026-04-20 08:00:00.000,0.36880817852789,-0.5875709900034277
2026-04-20 16:00:00.001,0.37028276035906077,-0.5163252893630939
2026-04-21 00:00:00.000,0.36964640685466077,-0.5420606267536876
2026-04-21 08:00:00.004,0.36871766946282264,-0.5822020788905092
2026-04-21 16:00:00.004,0.3611952460918174,-0.9246223742125936
2026-04-22 00:00:00.004,0.3640834284059853,-0.7868302184725717
2026-04-22 08:00:00.000,0.37188268746582853,-0.42560454570837275
2026-04-22 16:00:00.000,0.37516282114802924,-0.2732027191601294
2026-04-23 00:00:00.000,0.37235585191487636,-0.40057096799811354
2026-04-23 08:00:00.000,0.3753171635288839,-0.2656228383460547
2026-04-23 16:00:00.004,0.3750852979377383,-0.277560298136614
2026-04-24 00:00:00.006,0.3760098973421383,-0.23558647162634674
2026-04-24 08:00:00.000,0.37350065965468665,-0.35150476829940047
2026-04-24 16:00:00.000,0.3706439803228717,-0.4812092487839764
2026-04-25 00:00:00.000,0.3736515699772634,-0.3410153279949135
2026-04-25 08:00:00.002,0.3747691448586596,-0.2885647525159737
2026-04-25 16:00:00.002,0.3728235094665472,-0.37609798371012515
2026-04-26 00:00:00.003,0.3753958544626302,-0.2547109656993892
2026-04-26 08:00:00.007,0.3754197356981045,-0.25004244591379754
2026-04-26 16:00:00.004,0.36473850828798793,-0.7376513544538906
2026-04-27 00:00:00.004,0.36222207845826065,-0.8478669756663433
2026-04-27 08:00:00.000,0.36256554198475616,-0.8270156186662622
2026-04-27 16:00:00.002,0.3662740843275813,-0.6529833513523936
2026-04-28 00:00:00.001,0.3679282776997189,-0.5732652917977419
2026-04-28 08:00:00.000,0.3668770764104843,-0.618370309823775
2026-04-28 16:00:00.004,0.36495238513372347,-0.704054202363256
2026-04-29 00:00:00.006,0.3638397696932883,-0.7534977652136501
2026-04-29 08:00:00.011,0.36334167903359726,-0.7727379097432183
2026-04-29 16:00:00.003,0.3610470361730549,-0.8713982867241771
2026-04-30 00:00:00.002,0.3654830311181893,-0.6619952820213509
2026-04-30 08:00:00.000,0.36768084242125826,-0.555203675334535
2026-04-30 16:00:00.000,0.3670490918786199,-0.5787129900991957
2026-05-01 00:00:00.000,0.37325164214609324,-0.2847845537390122
2026-05-01 08:00:00.005,0.36968416099736434,-0.44540622923462037
2026-05-01 16:00:00.000,0.3675413687141838,-0.5411312138712909
2026-05-02 00:00:00.006,0.3665742580469654,-0.5833945387558115
2026-05-02 08:00:00.000,0.3527511373874109,-1.254974233850293
2026-05-02 16:00:00.010,0.3442157458029428,-1.671397028099658
2026-05-03 00:00:00.005,0.34882795969082164,-1.4396788817896733
2026-05-03 08:00:00.003,0.34912642054577514,-1.4204893602846214
2026-05-03 16:00:00.000,0.35229030778908366,-1.2616289966372665
2026-05-04 00:00:00.000,0.35168565058189755,-1.2884941843801743
2026-05-04 08:00:00.000,0.35943597716307013,-0.8881027145147021
2026-05-04 16:00:00.003,0.36306395782392775,-0.6958001045755338
2026-05-05 00:00:00.000,0.3664991864917284,-0.5101219812268291
2026-05-05 08:00:00.011,0.3732030681130563,-0.14858488218320068
2026-05-05 16:00:00.000,0.37669726462123826,0.04516594868928798
2026-05-06 00:00:00.010,0.37784170896070984,0.11312735868821594
2026-05-06 08:00:00.000,0.375160054877565,-0.02545398443374152
2026-05-06 16:00:00.002,0.37304541743509595,-0.13496806694473645
2026-05-07 00:00:00.000,0.3711898252578715,-0.230677397489699
2026-05-07 08:00:00.000,0.3742676549907156,-0.05504053018126285
2026-05-07 16:00:00.004,0.3750674023246024,0.000498541737033112
2026-05-08 00:00:00.003,0.3678295581496638,-0.39952740670784415
2026-05-08 08:00:00.002,0.3629740590014201,-0.6715695676705534
2026-05-08 16:00:00.003,0.36038251138898536,-0.8172837919435846
2026-05-09 00:00:00.000,0.3665871457139706,-0.450303006180129
2026-05-09 08:00:00.001,0.37573353829359624,0.09915549513767835
2026-05-09 16:00:00.002,0.3795603168429633,0.3445658442655237
2026-05-10 00:00:00.003,0.37265650981409193,-0.06397676905055011
2026-05-10 08:00:00.000,0.3724572103640673,-0.06481427958607099
2026-05-10 16:00:00.000,0.3767356956380934,0.22283676177933243
2026-05-11 00:00:00.000,0.3825014075890313,0.6179047747857467
2026-05-11 08:00:00.000,0.3794477304835161,0.43371281544493867
2026-05-11 16:00:00.000,0.37456161368588103,0.11786649791055187
2026-05-12 00:00:00.002,0.37252071262539654,-0.010805910383116358
2026-05-12 08:00:00.008,0.3555111538545792,-1.1989045220814554
2026-05-12 16:00:00.000,0.3424920322254359,-2.141068483366528
2026-05-13 00:00:00.010,0.3377005374685347,-2.516959404544497
2026-05-13 08:00:00.003,0.3460695337113226,-1.911290598617932
2026-05-13 16:00:00.001,0.3517689170728615,-1.4897400258490514
2026-05-14 00:00:00.005,0.35464962795520627,-1.2662165234655787
2026-05-14 08:00:00.000,0.3530774873554943,-1.377326599403452
2026-05-14 16:00:00.000,0.3549946443047816,-1.2203058793267065
2026-05-15 00:00:00.000,0.3519376074902209,-1.4450445662226514
2026-05-15 08:00:00.016,0.35287005035478725,-1.3648387210900923
2026-05-15 16:00:00.012,0.36870839922697884,-0.1576514960367016
2026-05-16 00:00:00.005,0.3890448326169834,1.3832664527824885
2026-05-16 08:00:00.000,0.3917315785528363,1.5734331004889581
2026-05-16 16:00:00.005,0.3916520115463963,1.553396645285705
2026-05-17 00:00:00.000,0.38712019195752684,1.2017285255594843
2026-05-17 08:00:00.010,0.38706046065111455,1.1884290898854273
2026-05-17 16:00:00.009,0.3889617584359287,1.321710882699168
2026-05-18 00:00:00.007,0.39084990192922625,1.4552217548045436
2026-05-18 08:00:00.002,0.39113099898341763,1.4670677987470362
2026-05-18 16:00:00.007,0.3900958083094873,1.3799482839594244
2026-05-19 00:00:00.001,0.38843460224921444,1.2456757381291146
2026-05-19 08:00:00.001,0.3876848611315924,1.1818105701137416
2026-05-19 16:00:00.009,0.3860228876127467,1.0488716765602668
2026-05-20 00:00:00.001,0.3831183179558257,0.8208018356917258
2026-05-20 08:00:00.006,0.3826220955614558,0.7784436862420203
2026-05-20 16:00:00.000,0.38457519239646304,0.9257586800632047
2026-05-21 00:00:00.001,0.3844738119709651,0.9130617174190045
2026-05-21 08:00:00.000,0.38843257398966424,1.2217799484807292
